made_at,target_gameweek,player_id,horizon_index,xp,variance,expected_minutes,price,model_stage
2026-08-21T14:10:58+00:00,1,1,0,3.61,3.998,75.75,6.0,phase-4
2026-08-21T14:10:58+00:00,1,2,0,0.33,0.891,6.9,5.0,phase-4
2026-08-21T14:10:58+00:00,1,3,0,0.22,0.656,5.03,5.0,phase-4
2026-08-21T14:10:58+00:00,1,4,0,4.2,8.443,65.56,8.0,phase-4
2026-08-21T14:10:58+00:00,1,5,0,0.0,0.0,0.0,6.5,phase-4
2026-08-21T14:10:58+00:00,1,6,0,0.0,0.0,0.0,6.0,phase-4
2026-08-21T14:10:58+00:00,1,7,0,0.61,1.217,18.34,5.5,phase-4
2026-08-21T14:10:58+00:00,1,8,0,2.92,9.476,46.03,5.5,phase-4
2026-08-21T14:10:58+00:00,1,9,0,2.44,4.764,47.03,5.5,phase-4
2026-08-21T14:10:58+00:00,1,10,0,1.26,3.643,21.8,5.5,phase-4
2026-08-21T14:10:58+00:00,1,11,0,1.22,3.124,25.95,5.5,phase-4
2026-08-21T14:10:58+00:00,1,12,0,4.42,10.701,58.29,9.5,phase-4
2026-08-21T14:10:58+00:00,1,13,0,4.05,5.656,72.84,7.5,phase-4
2026-08-21T14:10:58+00:00,1,14,0,3.01,7.33,49.61,6.5,phase-4
2026-08-21T14:10:58+00:00,1,15,0,1.82,3.793,35.87,6.5,phase-4
2026-08-21T14:10:58+00:00,1,16,0,1.71,3.67,34.85,6.5,phase-4
2026-08-21T14:10:58+00:00,1,17,0,1.77,5.162,26.95,6.0,phase-4
2026-08-21T14:10:58+00:00,1,18,0,1.82,5.799,28.03,6.5,phase-4
2026-08-21T14:10:58+00:00,1,19,0,3.1,3.89,71.38,5.5,phase-4
2026-08-21T14:10:58+00:00,1,20,0,0.72,2.642,6.9,5.5,phase-4
2026-08-21T14:10:58+00:00,1,21,0,0.0,0.0,0.0,5.0,phase-4
2026-08-21T14:10:58+00:00,1,22,0,0.21,0.57,5.03,5.5,phase-4
2026-08-21T14:10:58+00:00,1,23,0,0.14,0.257,5.03,5.5,phase-4
2026-08-21T14:10:58+00:00,1,24,0,0.43,1.512,5.03,5.5,phase-4
2026-08-21T14:10:58+00:00,1,25,0,3.73,9.082,58.34,7.5,phase-4
2026-08-21T14:10:58+00:00,1,26,0,1.18,3.587,18.08,7.5,phase-4
2026-08-21T14:10:58+00:00,1,27,0,0.68,2.377,11.0,6.0,phase-4
2026-08-21T14:10:58+00:00,1,28,0,2.83,2.268,68.47,5.0,phase-4
2026-08-21T14:10:58+00:00,1,29,0,0.58,1.261,16.21,4.5,phase-4
2026-08-21T14:10:58+00:00,1,30,0,0.0,0.0,0.0,4.5,phase-4
2026-08-21T14:10:58+00:00,1,31,0,2.28,3.27,71.38,4.5,phase-4
2026-08-21T14:10:58+00:00,1,32,0,2.2,3.408,71.38,4.5,phase-4
2026-08-21T14:10:58+00:00,1,33,0,1.19,3.206,34.79,4.5,phase-4
2026-08-21T14:10:58+00:00,1,34,0,1.57,3.097,44.03,4.5,phase-4
2026-08-21T14:10:58+00:00,1,35,0,0.65,1.093,27.42,5.0,phase-4
2026-08-21T14:10:58+00:00,1,36,0,1.58,3.421,41.84,4.5,phase-4
2026-08-21T14:10:58+00:00,1,37,0,0.77,2.063,25.53,4.5,phase-4
2026-08-21T14:10:58+00:00,1,38,0,0.2,0.587,6.9,4.0,phase-4
2026-08-21T14:10:58+00:00,1,40,0,3.43,6.543,75.75,7.5,phase-4
2026-08-21T14:10:58+00:00,1,41,0,1.64,3.082,46.13,6.0,phase-4
2026-08-21T14:10:58+00:00,1,42,0,0.97,2.238,23.92,5.5,phase-4
2026-08-21T14:10:58+00:00,1,43,0,2.08,2.87,48.87,6.0,phase-4
2026-08-21T14:10:58+00:00,1,44,0,0.45,1.161,11.84,5.5,phase-4
2026-08-21T14:10:58+00:00,1,45,0,1.98,3.306,57.21,5.5,phase-4
2026-08-21T14:10:58+00:00,1,46,0,0.98,2.098,22.21,5.0,phase-4
2026-08-21T14:10:58+00:00,1,47,0,0.99,1.52,37.11,5.0,phase-4
2026-08-21T14:10:58+00:00,1,48,0,0.0,0.0,0.0,5.0,phase-4
2026-08-21T14:10:58+00:00,1,50,0,0.14,0.253,5.03,4.5,phase-4
2026-08-21T14:10:58+00:00,1,51,0,0.17,0.41,5.03,4.5,phase-4
2026-08-21T14:10:58+00:00,1,52,0,0.17,0.397,5.03,5.0,phase-4
2026-08-21T14:10:58+00:00,1,53,0,0.0,0.0,0.0,6.0,phase-4
2026-08-21T14:10:58+00:00,1,54,0,0.0,0.0,0.0,5.5,phase-4
2026-08-21T14:10:58+00:00,1,55,0,2.97,4.812,69.93,8.0,phase-4
2026-08-21T14:10:58+00:00,1,56,0,0.36,0.964,6.57,5.5,phase-4
2026-08-21T14:10:58+00:00,1,57,0,2.7,0.962,77.2,4.5,phase-4
2026-08-21T14:10:58+00:00,1,58,0,0.07,0.291,5.03,4.0,phase-4
2026-08-21T14:10:58+00:00,1,59,0,0.07,0.291,5.03,4.0,phase-4
2026-08-21T14:10:58+00:00,1,60,0,1.53,1.476,53.93,5.5,phase-4
2026-08-21T14:10:58+00:00,1,61,0,1.82,2.373,77.2,5.5,phase-4
2026-08-21T14:10:58+00:00,1,62,0,0.53,1.429,33.55,5.0,phase-4
2026-08-21T14:10:58+00:00,1,63,0,0.0,0.0,0.0,5.0,phase-4
2026-08-21T14:10:58+00:00,1,64,0,0.43,1.407,31.12,4.5,phase-4
2026-08-21T14:10:58+00:00,1,65,0,0.0,0.0,0.0,4.5,phase-4
2026-08-21T14:10:58+00:00,1,66,0,0.06,0.223,3.77,4.0,phase-4
2026-08-21T14:10:58+00:00,1,67,0,1.11,2.664,29.26,6.5,phase-4
2026-08-21T14:10:58+00:00,1,68,0,2.83,5.074,67.02,6.0,phase-4
2026-08-21T14:10:58+00:00,1,69,0,2.87,2.467,71.38,6.0,phase-4
2026-08-21T14:10:58+00:00,1,70,0,0.84,2.367,24.87,6.0,phase-4
2026-08-21T14:10:58+00:00,1,71,0,0.63,1.178,22.95,5.0,phase-4
2026-08-21T14:10:58+00:00,1,72,0,0.21,0.538,5.03,5.0,phase-4
2026-08-21T14:10:58+00:00,1,73,0,0.87,1.392,34.91,5.0,phase-4
2026-08-21T14:10:58+00:00,1,74,0,1.08,3.541,23.45,5.0,phase-4
2026-08-21T14:10:58+00:00,1,75,0,0.0,0.0,0.0,5.0,phase-4
2026-08-21T14:10:58+00:00,1,76,0,0.24,0.686,8.76,5.0,phase-4
2026-08-21T14:10:58+00:00,1,77,0,0.0,0.0,0.0,5.0,phase-4
2026-08-21T14:10:58+00:00,1,78,0,0.0,0.0,0.0,7.5,phase-4
2026-08-21T14:10:58+00:00,1,79,0,2.59,3.49,68.47,6.0,phase-4
2026-08-21T14:10:58+00:00,1,80,0,0.0,0.0,0.0,5.5,phase-4
2026-08-21T14:10:58+00:00,1,81,0,0.09,0.176,3.77,6.0,phase-4
2026-08-21T14:10:58+00:00,1,82,0,3.13,2.76,75.75,5.0,phase-4
2026-08-21T14:10:58+00:00,1,83,0,0.22,0.6,6.9,4.5,phase-4
2026-08-21T14:10:58+00:00,1,84,0,2.94,5.173,68.47,5.5,phase-4
2026-08-21T14:10:58+00:00,1,85,0,0.0,0.0,0.0,5.0,phase-4
2026-08-21T14:10:58+00:00,1,86,0,2.29,3.9,51.58,5.5,phase-4
2026-08-21T14:10:58+00:00,1,87,0,1.7,3.217,47.5,4.5,phase-4
2026-08-21T14:10:58+00:00,1,88,0,2.7,4.888,75.75,4.5,phase-4
2026-08-21T14:10:58+00:00,1,89,0,1.16,2.566,34.79,4.5,phase-4
2026-08-21T14:10:58+00:00,1,90,0,0.68,2.213,19.94,4.5,phase-4
2026-08-21T14:10:58+00:00,1,91,0,0.35,1.084,12.49,4.5,phase-4
2026-08-21T14:10:58+00:00,1,92,0,0.14,0.444,5.03,4.5,phase-4
2026-08-21T14:10:58+00:00,1,93,0,0.14,0.444,5.03,4.5,phase-4
2026-08-21T14:10:58+00:00,1,94,0,3.79,10.214,68.47,6.0,phase-4
2026-08-21T14:10:58+00:00,1,95,0,3.3,7.591,58.29,6.5,phase-4
2026-08-21T14:10:58+00:00,1,96,0,2.65,4.466,53.84,5.5,phase-4
2026-08-21T14:10:58+00:00,1,97,0,2.7,4.01,58.92,5.5,phase-4
2026-08-21T14:10:58+00:00,1,98,0,1.37,2.393,37.74,5.0,phase-4
2026-08-21T14:10:58+00:00,1,99,0,0.0,0.0,0.0,5.0,phase-4
2026-08-21T14:10:58+00:00,1,100,0,0.43,1.455,5.17,5.0,phase-4
2026-08-21T14:10:58+00:00,1,101,0,1.26,1.924,37.72,5.0,phase-4
2026-08-21T14:10:58+00:00,1,102,0,2.33,1.545,65.56,5.0,phase-4
2026-08-21T14:10:58+00:00,1,103,0,1.47,6.555,5.03,5.0,phase-4
2026-08-21T14:10:58+00:00,1,104,0,0.23,0.397,5.03,5.0,phase-4
2026-08-21T14:10:58+00:00,1,105,0,0.13,0.244,5.03,6.0,phase-4
2026-08-21T14:10:58+00:00,1,106,0,4.32,9.993,75.75,8.0,phase-4
2026-08-21T14:10:58+00:00,1,107,0,0.21,0.326,5.03,4.5,phase-4
2026-08-21T14:10:58+00:00,1,108,0,0.11,0.231,5.03,5.5,phase-4
2026-08-21T14:10:58+00:00,1,109,0,3.31,3.352,77.2,4.5,phase-4
2026-08-21T14:10:58+00:00,1,110,0,0.09,0.322,5.03,4.5,phase-4
2026-08-21T14:10:58+00:00,1,111,0,0.17,0.521,5.03,4.0,phase-4
2026-08-21T14:10:58+00:00,1,112,0,2.61,4.69,74.29,5.0,phase-4
2026-08-21T14:10:58+00:00,1,113,0,3.01,5.545,71.38,4.5,phase-4
2026-08-21T14:10:58+00:00,1,114,0,0.8,2.212,21.8,4.5,phase-4
2026-08-21T14:10:58+00:00,1,115,0,1.92,5.562,36.95,4.5,phase-4
2026-08-21T14:10:58+00:00,1,116,0,2.65,4.674,67.02,4.5,phase-4
2026-08-21T14:10:58+00:00,1,117,0,0.22,0.893,8.76,4.5,phase-4
2026-08-21T14:10:58+00:00,1,118,0,0.24,0.707,6.9,4.5,phase-4
2026-08-21T14:10:58+00:00,1,119,0,0.17,0.521,5.03,4.5,phase-4
2026-08-21T14:10:58+00:00,1,120,0,0.17,0.521,5.03,5.0,phase-4
2026-08-21T14:10:58+00:00,1,121,0,0.0,0.0,0.0,6.0,phase-4
2026-08-21T14:10:58+00:00,1,122,0,0.0,0.0,0.0,6.0,phase-4
2026-08-21T14:10:58+00:00,1,123,0,2.23,4.905,45.68,6.0,phase-4
2026-08-21T14:10:58+00:00,1,124,0,1.87,2.984,43.05,5.5,phase-4
2026-08-21T14:10:58+00:00,1,125,0,1.77,2.745,46.74,5.5,phase-4
2026-08-21T14:10:58+00:00,1,126,0,0.55,1.829,8.76,5.5,phase-4
2026-08-21T14:10:58+00:00,1,127,0,2.41,5.52,55.71,5.0,phase-4
2026-08-21T14:10:58+00:00,1,128,0,0.0,0.0,0.0,5.0,phase-4
2026-08-21T14:10:58+00:00,1,129,0,2.16,2.444,50.55,5.5,phase-4
2026-08-21T14:10:58+00:00,1,130,0,2.48,5.534,50.03,5.0,phase-4
2026-08-21T14:10:58+00:00,1,131,0,0.0,0.0,0.0,5.0,phase-4
2026-08-21T14:10:58+00:00,1,132,0,0.0,0.0,0.0,4.5,phase-4
2026-08-21T14:10:58+00:00,1,133,0,0.0,0.0,0.0,5.0,phase-4
2026-08-21T14:10:58+00:00,1,134,0,0.23,0.344,5.03,4.5,phase-4
2026-08-21T14:10:58+00:00,1,135,0,0.13,0.249,5.03,5.0,phase-4
2026-08-21T14:10:58+00:00,1,136,0,2.52,6.16,44.39,6.0,phase-4
2026-08-21T14:10:58+00:00,1,137,0,0.0,0.0,0.0,5.5,phase-4
2026-08-21T14:10:58+00:00,1,138,0,0.55,1.592,9.24,5.5,phase-4
2026-08-21T14:10:58+00:00,1,139,0,0.0,0.0,0.0,5.0,phase-4
2026-08-21T14:10:58+00:00,1,140,0,3.03,3.06,72.84,5.0,phase-4
2026-08-21T14:10:58+00:00,1,141,0,0.0,0.0,0.0,5.0,phase-4
2026-08-21T14:10:58+00:00,1,142,0,2.52,4.463,51.02,5.5,phase-4
2026-08-21T14:10:58+00:00,1,143,0,0.0,0.0,0.0,5.5,phase-4
2026-08-21T14:10:58+00:00,1,144,0,2.65,5.313,59.34,5.0,phase-4
2026-08-21T14:10:58+00:00,1,145,0,0.0,0.0,0.0,5.0,phase-4
2026-08-21T14:10:58+00:00,1,146,0,0.48,1.515,16.21,4.5,phase-4
2026-08-21T14:10:58+00:00,1,147,0,0.74,2.116,20.74,4.5,phase-4
2026-08-21T14:10:58+00:00,1,148,0,1.0,2.882,29.97,4.5,phase-4
2026-08-21T14:10:58+00:00,1,149,0,0.32,0.917,8.76,5.0,phase-4
2026-08-21T14:10:58+00:00,1,150,0,0.42,1.801,6.9,4.5,phase-4
2026-08-21T14:10:58+00:00,1,151,0,0.82,2.659,19.94,4.5,phase-4
2026-08-21T14:10:58+00:00,1,152,0,0.17,0.505,5.03,5.5,phase-4
2026-08-21T14:10:58+00:00,1,153,0,0.17,0.505,5.03,4.5,phase-4
2026-08-21T14:10:58+00:00,1,154,0,3.42,10.701,51.42,9.5,phase-4
2026-08-21T14:10:58+00:00,1,155,0,4.33,10.785,72.84,7.0,phase-4
2026-08-21T14:10:58+00:00,1,156,0,3.26,5.921,65.56,6.5,phase-4
2026-08-21T14:10:58+00:00,1,157,0,1.51,4.824,27.4,6.5,phase-4
2026-08-21T14:10:58+00:00,1,158,0,0.66,1.724,14.35,6.0,phase-4
2026-08-21T14:10:58+00:00,1,159,0,2.58,2.238,68.47,5.5,phase-4
2026-08-21T14:10:58+00:00,1,160,0,1.44,3.421,33.18,6.0,phase-4
2026-08-21T14:10:58+00:00,1,161,0,0.47,1.017,12.49,5.0,phase-4
2026-08-21T14:10:58+00:00,1,162,0,1.32,2.967,32.82,5.0,phase-4
2026-08-21T14:10:58+00:00,1,163,0,-0.23,0.29,5.03,4.5,phase-4
2026-08-21T14:10:58+00:00,1,164,0,0.13,0.248,5.03,5.5,phase-4
2026-08-21T14:10:58+00:00,1,165,0,3.93,8.445,67.02,7.5,phase-4
2026-08-21T14:10:58+00:00,1,166,0,0.11,0.231,5.03,6.5,phase-4
2026-08-21T14:10:58+00:00,1,167,0,1.24,3.454,28.74,5.5,phase-4
2026-08-21T14:10:58+00:00,1,168,0,0.37,1.229,6.97,5.0,phase-4
2026-08-21T14:10:58+00:00,1,169,0,0.22,0.326,5.03,4.5,phase-4
2026-08-21T14:10:58+00:00,1,170,0,0.11,0.231,5.03,5.0,phase-4
2026-08-21T14:10:58+00:00,1,171,0,0.09,0.322,5.03,4.0,phase-4
2026-08-21T14:10:58+00:00,1,172,0,0.09,0.322,5.03,4.5,phase-4
2026-08-21T14:10:58+00:00,1,173,0,0.09,0.322,5.03,4.0,phase-4
2026-08-21T14:10:58+00:00,1,174,0,0.09,0.322,5.03,4.0,phase-4
2026-08-21T14:10:58+00:00,1,175,0,0.09,0.322,5.03,4.0,phase-4
2026-08-21T14:10:58+00:00,1,176,0,0.09,0.322,5.03,4.0,phase-4
2026-08-21T14:10:58+00:00,1,177,0,0.09,0.322,5.03,4.0,phase-4
2026-08-21T14:10:58+00:00,1,178,0,0.09,0.322,5.03,4.0,phase-4
2026-08-21T14:10:58+00:00,1,179,0,0.09,0.322,5.03,4.0,phase-4
2026-08-21T14:10:58+00:00,1,180,0,0.09,0.322,5.03,4.0,phase-4
2026-08-21T14:10:58+00:00,1,181,0,0.09,0.322,5.03,4.0,phase-4
2026-08-21T14:10:58+00:00,1,182,0,0.09,0.322,5.03,4.0,phase-4
2026-08-21T14:10:58+00:00,1,183,0,0.12,0.236,5.03,5.0,phase-4
2026-08-21T14:10:58+00:00,1,184,0,0.12,0.236,5.03,5.0,phase-4
2026-08-21T14:10:58+00:00,1,185,0,0.12,0.236,5.03,5.0,phase-4
2026-08-21T14:10:58+00:00,1,186,0,0.12,0.236,5.03,5.5,phase-4
2026-08-21T14:10:58+00:00,1,187,0,0.12,0.236,5.03,5.0,phase-4
2026-08-21T14:10:58+00:00,1,188,0,0.12,0.236,5.03,5.5,phase-4
2026-08-21T14:10:58+00:00,1,189,0,0.12,0.236,5.03,4.5,phase-4
2026-08-21T14:10:58+00:00,1,190,0,0.12,0.236,5.03,5.5,phase-4
2026-08-21T14:10:58+00:00,1,191,0,0.12,0.236,5.03,4.5,phase-4
2026-08-21T14:10:58+00:00,1,192,0,0.12,0.236,5.03,4.5,phase-4
2026-08-21T14:10:58+00:00,1,193,0,0.0,0.0,0.0,5.5,phase-4
2026-08-21T14:10:58+00:00,1,194,0,0.11,0.231,5.03,5.0,phase-4
2026-08-21T14:10:58+00:00,1,195,0,0.11,0.231,5.03,5.0,phase-4
2026-08-21T14:10:58+00:00,1,198,0,2.2,2.741,56.81,5.0,phase-4
2026-08-21T14:10:58+00:00,1,199,0,0.32,0.63,6.9,4.5,phase-4
2026-08-21T14:10:58+00:00,1,200,0,3.67,5.831,72.84,6.0,phase-4
2026-08-21T14:10:58+00:00,1,201,0,2.59,5.623,63.16,5.5,phase-4
2026-08-21T14:10:58+00:00,1,202,0,2.87,4.733,67.02,5.0,phase-4
2026-08-21T14:10:58+00:00,1,203,0,1.34,3.657,35.03,5.0,phase-4
2026-08-21T14:10:58+00:00,1,204,0,2.57,4.197,74.29,4.5,phase-4
2026-08-21T14:10:58+00:00,1,205,0,0.12,0.545,5.03,4.5,phase-4
2026-08-21T14:10:58+00:00,1,206,0,0.48,1.639,16.21,4.5,phase-4
2026-08-21T14:10:58+00:00,1,207,0,0.14,0.429,5.03,4.5,phase-4
2026-08-21T14:10:58+00:00,1,208,0,3.22,7.71,56.84,6.5,phase-4
2026-08-21T14:10:58+00:00,1,209,0,1.58,2.808,45.0,6.0,phase-4
2026-08-21T14:10:58+00:00,1,210,0,2.65,2.871,64.11,5.5,phase-4
2026-08-21T14:10:58+00:00,1,211,0,2.5,5.594,54.58,5.5,phase-4
2026-08-21T14:10:58+00:00,1,212,0,1.21,2.288,41.05,4.5,phase-4
2026-08-21T14:10:58+00:00,1,213,0,1.65,2.334,45.32,5.0,phase-4
2026-08-21T14:10:58+00:00,1,214,0,1.88,2.763,49.97,5.0,phase-4
2026-08-21T14:10:58+00:00,1,215,0,0.96,2.651,20.66,5.0,phase-4
2026-08-21T14:10:58+00:00,1,216,0,0.17,0.32,5.03,5.0,phase-4
2026-08-21T14:10:58+00:00,1,217,0,0.13,0.243,5.03,5.0,phase-4
2026-08-21T14:10:58+00:00,1,218,0,0.13,0.243,5.03,5.0,phase-4
2026-08-21T14:10:58+00:00,1,219,0,0.13,0.243,5.03,5.0,phase-4
2026-08-21T14:10:58+00:00,1,220,0,0.0,0.0,0.0,4.5,phase-4
2026-08-21T14:10:58+00:00,1,221,0,0.22,0.338,5.03,4.5,phase-4
2026-08-21T14:10:58+00:00,1,222,0,2.14,2.549,59.75,6.0,phase-4
2026-08-21T14:10:58+00:00,1,223,0,3.23,6.633,58.16,6.5,phase-4
2026-08-21T14:10:58+00:00,1,224,0,0.53,1.596,10.89,5.5,phase-4
2026-08-21T14:10:58+00:00,1,225,0,0.0,0.0,0.0,5.0,phase-4
2026-08-21T14:10:58+00:00,1,226,0,2.93,2.567,77.2,5.5,phase-4
2026-08-21T14:10:58+00:00,1,227,0,0.14,0.421,5.03,5.0,phase-4
2026-08-21T14:10:58+00:00,1,228,0,0.14,0.421,5.03,4.5,phase-4
2026-08-21T14:10:58+00:00,1,229,0,3.25,5.018,75.75,6.0,phase-4
2026-08-21T14:10:58+00:00,1,230,0,0.55,1.753,18.08,5.5,phase-4
2026-08-21T14:10:58+00:00,1,231,0,2.69,4.191,64.11,5.0,phase-4
2026-08-21T14:10:58+00:00,1,232,0,2.3,3.963,72.84,5.0,phase-4
2026-08-21T14:10:58+00:00,1,233,0,2.22,2.968,69.93,4.5,phase-4
2026-08-21T14:10:58+00:00,1,234,0,0.36,0.967,10.62,4.5,phase-4
2026-08-21T14:10:58+00:00,1,235,0,0.14,0.421,5.03,4.0,phase-4
2026-08-21T14:10:58+00:00,1,236,0,2.79,4.197,65.56,6.5,phase-4
2026-08-21T14:10:58+00:00,1,237,0,3.18,5.367,68.47,6.0,phase-4
2026-08-21T14:10:58+00:00,1,238,0,2.18,4.917,42.82,6.5,phase-4
2026-08-21T14:10:58+00:00,1,239,0,0.66,1.485,19.3,6.0,phase-4
2026-08-21T14:10:58+00:00,1,240,0,0.0,0.0,0.0,5.0,phase-4
2026-08-21T14:10:58+00:00,1,241,0,1.15,2.5,31.12,5.5,phase-4
2026-08-21T14:10:58+00:00,1,242,0,0.44,1.392,9.24,5.5,phase-4
2026-08-21T14:10:58+00:00,1,243,0,0.62,1.802,17.87,5.0,phase-4
2026-08-21T14:10:58+00:00,1,244,0,0.58,1.383,16.21,5.0,phase-4
2026-08-21T14:10:58+00:00,1,245,0,0.31,0.781,12.49,5.5,phase-4
2026-08-21T14:10:58+00:00,1,246,0,0.63,1.399,17.76,5.0,phase-4
2026-08-21T14:10:58+00:00,1,247,0,0.13,0.242,5.03,5.5,phase-4
2026-08-21T14:10:58+00:00,1,248,0,2.04,4.769,40.82,5.5,phase-4
2026-08-21T14:10:58+00:00,1,249,0,2.2,4.077,49.95,5.5,phase-4
2026-08-21T14:10:58+00:00,1,250,0,2.75,1.886,77.2,4.5,phase-4
2026-08-21T14:10:58+00:00,1,251,0,0.11,0.364,5.03,4.0,phase-4
2026-08-21T14:10:58+00:00,1,252,0,0.11,0.364,5.03,4.0,phase-4
2026-08-21T14:10:58+00:00,1,253,0,0.0,0.0,0.0,5.0,phase-4
2026-08-21T14:10:58+00:00,1,254,0,1.13,2.989,39.13,4.5,phase-4
2026-08-21T14:10:58+00:00,1,255,0,0.48,1.649,25.53,4.5,phase-4
2026-08-21T14:10:58+00:00,1,256,0,1.41,2.984,47.13,4.5,phase-4
2026-08-21T14:10:58+00:00,1,257,0,1.81,2.665,62.65,4.5,phase-4
2026-08-21T14:10:58+00:00,1,258,0,1.51,2.916,48.37,4.5,phase-4
2026-08-21T14:10:58+00:00,1,259,0,0.84,2.639,21.37,4.0,phase-4
2026-08-21T14:10:58+00:00,1,260,0,3.04,5.292,68.47,6.5,phase-4
2026-08-21T14:10:58+00:00,1,261,0,2.25,2.114,63.68,5.5,phase-4
2026-08-21T14:10:58+00:00,1,262,0,1.96,3.353,50.24,5.5,phase-4
2026-08-21T14:10:58+00:00,1,263,0,1.06,1.97,27.11,5.5,phase-4
2026-08-21T14:10:58+00:00,1,264,0,1.0,2.167,27.11,5.5,phase-4
2026-08-21T14:10:58+00:00,1,265,0,2.17,1.249,71.38,5.0,phase-4
2026-08-21T14:10:58+00:00,1,266,0,0.0,0.0,0.0,5.0,phase-4
2026-08-21T14:10:58+00:00,1,267,0,1.53,2.704,45.53,5.0,phase-4
2026-08-21T14:10:58+00:00,1,268,0,1.1,2.455,33.95,5.5,phase-4
2026-08-21T14:10:58+00:00,1,269,0,1.77,3.227,47.79,4.5,phase-4
2026-08-21T14:10:58+00:00,1,270,0,0.41,0.871,6.9,4.5,phase-4
2026-08-21T14:10:58+00:00,1,271,0,0.9,2.066,25.97,5.5,phase-4
2026-08-21T14:10:58+00:00,1,272,0,0.09,0.338,5.03,4.5,phase-4
2026-08-21T14:10:58+00:00,1,273,0,0.12,0.37,5.03,4.0,phase-4
2026-08-21T14:10:58+00:00,1,274,0,0.0,0.0,0.0,4.5,phase-4
2026-08-21T14:10:58+00:00,1,277,0,0.12,0.37,5.03,4.0,phase-4
2026-08-21T14:10:58+00:00,1,278,0,0.0,0.0,0.0,4.0,phase-4
2026-08-21T14:10:58+00:00,1,279,0,0.12,0.37,5.03,4.0,phase-4
2026-08-21T14:10:58+00:00,1,280,0,0.12,0.37,5.03,4.0,phase-4
2026-08-21T14:10:58+00:00,1,281,0,0.12,0.37,5.03,4.0,phase-4
2026-08-21T14:10:58+00:00,1,282,0,0.12,0.37,5.03,4.0,phase-4
2026-08-21T14:10:58+00:00,1,283,0,0.0,0.0,0.0,4.0,phase-4
2026-08-21T14:10:58+00:00,1,284,0,0.12,0.37,5.03,4.0,phase-4
2026-08-21T14:10:58+00:00,1,285,0,0.12,0.37,5.03,4.0,phase-4
2026-08-21T14:10:58+00:00,1,286,0,0.12,0.239,5.03,5.0,phase-4
2026-08-21T14:10:58+00:00,1,287,0,0.12,0.239,5.03,5.0,phase-4
2026-08-21T14:10:58+00:00,1,288,0,0.12,0.239,5.03,4.5,phase-4
2026-08-21T14:10:58+00:00,1,289,0,0.12,0.239,5.03,4.5,phase-4
2026-08-21T14:10:58+00:00,1,290,0,0.12,0.239,5.03,4.5,phase-4
2026-08-21T14:10:58+00:00,1,291,0,0.0,0.0,0.0,4.5,phase-4
2026-08-21T14:10:58+00:00,1,292,0,0.12,0.239,5.03,5.0,phase-4
2026-08-21T14:10:58+00:00,1,294,0,0.0,0.0,0.0,4.5,phase-4
2026-08-21T14:10:58+00:00,1,295,0,0.11,0.231,5.03,5.5,phase-4
2026-08-21T14:10:58+00:00,1,296,0,0.12,0.239,5.03,5.0,phase-4
2026-08-21T14:10:58+00:00,1,297,0,0.0,0.0,0.0,4.5,phase-4
2026-08-21T14:10:58+00:00,1,300,0,0.17,0.521,5.03,4.5,phase-4
2026-08-21T14:10:58+00:00,1,301,0,0.17,0.521,5.03,4.0,phase-4
2026-08-21T14:10:58+00:00,1,302,0,0.17,0.521,5.03,4.0,phase-4
2026-08-21T14:10:58+00:00,1,303,0,0.17,0.521,5.03,4.0,phase-4
2026-08-21T14:10:58+00:00,1,304,0,0.17,0.521,5.03,4.0,phase-4
2026-08-21T14:10:58+00:00,1,305,0,0.17,0.521,5.03,4.0,phase-4
2026-08-21T14:10:58+00:00,1,306,0,0.17,0.521,5.03,4.0,phase-4
2026-08-21T14:10:58+00:00,1,307,0,0.17,0.521,5.03,4.0,phase-4
2026-08-21T14:10:58+00:00,1,308,0,0.17,0.521,5.03,4.0,phase-4
2026-08-21T14:10:58+00:00,1,309,0,0.13,0.249,5.03,5.0,phase-4
2026-08-21T14:10:58+00:00,1,310,0,0.0,0.0,0.0,5.0,phase-4
2026-08-21T14:10:58+00:00,1,312,0,0.0,0.0,0.0,4.5,phase-4
2026-08-21T14:10:58+00:00,1,313,0,0.13,0.249,5.03,5.5,phase-4
2026-08-21T14:10:58+00:00,1,314,0,0.13,0.249,5.03,5.0,phase-4
2026-08-21T14:10:58+00:00,1,315,0,0.13,0.249,5.03,5.5,phase-4
2026-08-21T14:10:58+00:00,1,316,0,0.11,0.231,5.03,5.5,phase-4
2026-08-21T14:10:58+00:00,1,318,0,0.13,0.249,5.03,5.5,phase-4
2026-08-21T14:10:58+00:00,1,320,0,0.11,0.231,5.03,5.0,phase-4
2026-08-21T14:10:58+00:00,1,321,0,0.11,0.231,5.03,4.5,phase-4
2026-08-21T14:10:58+00:00,1,322,0,0.11,0.231,5.03,5.0,phase-4
2026-08-21T14:10:58+00:00,1,323,0,0.13,0.249,5.03,4.5,phase-4
2026-08-21T14:10:58+00:00,1,324,0,0.13,0.249,5.03,5.0,phase-4
2026-08-21T14:10:58+00:00,1,325,0,1.69,2.371,39.08,4.5,phase-4
2026-08-21T14:10:58+00:00,1,326,0,1.46,2.349,37.89,4.5,phase-4
2026-08-21T14:10:58+00:00,1,327,0,1.89,3.272,49.68,5.0,phase-4
2026-08-21T14:10:58+00:00,1,328,0,3.24,5.693,69.93,5.0,phase-4
2026-08-21T14:10:58+00:00,1,329,0,2.57,3.675,69.93,4.5,phase-4
2026-08-21T14:10:58+00:00,1,330,0,2.55,4.958,68.47,4.5,phase-4
2026-08-21T14:10:58+00:00,1,331,0,0.0,0.0,0.0,4.5,phase-4
2026-08-21T14:10:58+00:00,1,332,0,2.02,4.361,49.82,4.5,phase-4
2026-08-21T14:10:58+00:00,1,333,0,0.0,0.0,0.0,4.5,phase-4
2026-08-21T14:10:58+00:00,1,334,0,0.14,0.444,5.03,5.0,phase-4
2026-08-21T14:10:58+00:00,1,335,0,2.7,3.372,62.34,6.0,phase-4
2026-08-21T14:10:58+00:00,1,336,0,1.89,4.965,40.87,6.0,phase-4
2026-08-21T14:10:58+00:00,1,337,0,2.7,4.381,64.45,5.5,phase-4
2026-08-21T14:10:58+00:00,1,338,0,2.81,2.155,72.84,5.5,phase-4
2026-08-21T14:10:58+00:00,1,339,0,1.14,2.431,26.39,5.0,phase-4
2026-08-21T14:10:58+00:00,1,340,0,0.0,0.0,0.0,5.0,phase-4
2026-08-21T14:10:58+00:00,1,341,0,0.0,0.0,0.0,5.0,phase-4
2026-08-21T14:10:58+00:00,1,342,0,0.0,0.0,0.0,5.0,phase-4
2026-08-21T14:10:58+00:00,1,343,0,0.64,1.574,16.21,5.0,phase-4
2026-08-21T14:10:58+00:00,1,344,0,0.0,0.0,0.0,5.0,phase-4
2026-08-21T14:10:58+00:00,1,345,0,1.35,2.462,34.39,5.0,phase-4
2026-08-21T14:10:58+00:00,1,346,0,3.25,6.334,65.56,6.0,phase-4
2026-08-21T14:10:58+00:00,1,347,0,1.77,4.521,28.03,5.5,phase-4
2026-08-21T14:10:58+00:00,1,348,0,0.0,0.0,0.0,5.0,phase-4
2026-08-21T14:10:58+00:00,1,349,0,0.0,0.0,0.0,4.5,phase-4
2026-08-21T14:10:58+00:00,1,350,0,2.48,2.287,59.75,5.5,phase-4
2026-08-21T14:10:58+00:00,1,351,0,1.03,1.933,23.67,5.0,phase-4
2026-08-21T14:10:58+00:00,1,352,0,0.39,0.813,8.76,4.0,phase-4
2026-08-21T14:10:58+00:00,1,354,0,0.0,0.0,0.0,4.0,phase-4
2026-08-21T14:10:58+00:00,1,355,0,0.16,0.474,5.03,4.0,phase-4
2026-08-21T14:10:58+00:00,1,356,0,3.55,5.95,77.2,6.5,phase-4
2026-08-21T14:10:58+00:00,1,357,0,1.08,2.925,27.4,5.5,phase-4
2026-08-21T14:10:58+00:00,1,358,0,2.17,4.124,59.24,5.5,phase-4
2026-08-21T14:10:58+00:00,1,359,0,0.0,0.0,0.0,5.0,phase-4
2026-08-21T14:10:58+00:00,1,360,0,0.0,0.0,0.0,5.0,phase-4
2026-08-21T14:10:58+00:00,1,361,0,0.16,0.474,5.03,4.0,phase-4
2026-08-21T14:10:58+00:00,1,362,0,0.16,0.474,5.03,5.0,phase-4
2026-08-21T14:10:58+00:00,1,363,0,0.0,0.0,0.0,4.0,phase-4
2026-08-21T14:10:58+00:00,1,364,0,0.16,0.474,5.03,5.0,phase-4
2026-08-21T14:10:58+00:00,1,365,0,0.16,0.474,5.03,4.0,phase-4
2026-08-21T14:10:58+00:00,1,366,0,3.01,5.183,61.2,7.5,phase-4
2026-08-21T14:10:58+00:00,1,367,0,3.1,5.637,68.47,7.0,phase-4
2026-08-21T14:10:58+00:00,1,368,0,3.06,4.007,74.29,7.0,phase-4
2026-08-21T14:10:58+00:00,1,369,0,0.79,1.933,14.39,6.0,phase-4
2026-08-21T14:10:58+00:00,1,370,0,0.5,1.635,8.34,5.5,phase-4
2026-08-21T14:10:58+00:00,1,371,0,2.49,1.85,71.38,6.0,phase-4
2026-08-21T14:10:58+00:00,1,372,0,2.37,2.745,67.02,5.5,phase-4
2026-08-21T14:10:58+00:00,1,373,0,1.54,2.231,36.08,5.5,phase-4
2026-08-21T14:10:58+00:00,1,374,0,0.19,0.419,6.9,5.0,phase-4
2026-08-21T14:10:58+00:00,1,375,0,0.62,2.309,5.03,5.0,phase-4
2026-08-21T14:10:58+00:00,1,376,0,0.0,0.0,0.0,5.0,phase-4
2026-08-21T14:10:58+00:00,1,377,0,0.13,0.246,5.03,6.5,phase-4
2026-08-21T14:10:58+00:00,1,378,0,0.13,0.246,5.03,4.5,phase-4
2026-08-21T14:10:58+00:00,1,379,0,0.77,1.851,19.94,9.0,phase-4
2026-08-21T14:10:58+00:00,1,380,0,0.0,0.0,0.0,7.5,phase-4
2026-08-21T14:10:58+00:00,1,381,0,0.13,0.246,5.03,5.0,phase-4
2026-08-21T14:10:58+00:00,1,382,0,0.0,0.0,0.0,4.5,phase-4
2026-08-21T14:10:58+00:00,1,383,0,0.28,0.781,6.9,5.5,phase-4
2026-08-21T14:10:58+00:00,1,384,0,2.87,3.099,71.38,5.5,phase-4
2026-08-21T14:10:58+00:00,1,385,0,0.54,1.059,12.49,5.0,phase-4
2026-08-21T14:10:58+00:00,1,386,0,0.17,0.514,5.03,4.5,phase-4
2026-08-21T14:10:58+00:00,1,387,0,4.32,13.655,64.11,6.5,phase-4
2026-08-21T14:10:58+00:00,1,388,0,4.17,10.484,72.84,6.0,phase-4
2026-08-21T14:10:58+00:00,1,389,0,2.92,4.447,68.47,6.0,phase-4
2026-08-21T14:10:58+00:00,1,390,0,2.38,3.733,56.29,5.5,phase-4
2026-08-21T14:10:58+00:00,1,391,0,2.06,7.103,36.05,5.5,phase-4
2026-08-21T14:10:58+00:00,1,392,0,1.45,4.346,27.4,5.5,phase-4
2026-08-21T14:10:58+00:00,1,393,0,1.77,4.297,37.55,5.5,phase-4
2026-08-21T14:10:58+00:00,1,394,0,0.0,0.0,0.0,5.0,phase-4
2026-08-21T14:10:58+00:00,1,395,0,0.68,2.288,12.49,4.5,phase-4
2026-08-21T14:10:58+00:00,1,396,0,0.17,0.514,5.03,4.5,phase-4
2026-08-21T14:10:58+00:00,1,397,0,4.87,13.455,75.75,8.5,phase-4
2026-08-21T14:10:58+00:00,1,398,0,3.92,9.796,54.68,7.0,phase-4
2026-08-21T14:10:58+00:00,1,399,0,4.04,10.004,46.63,7.5,phase-4
2026-08-21T14:10:58+00:00,1,400,0,0.0,0.0,0.0,7.5,phase-4
2026-08-21T14:10:58+00:00,1,401,0,1.15,3.5,19.94,7.0,phase-4
2026-08-21T14:10:58+00:00,1,402,0,0.0,0.0,0.0,6.5,phase-4
2026-08-21T14:10:58+00:00,1,403,0,1.49,4.798,21.5,6.5,phase-4
2026-08-21T14:10:58+00:00,1,404,0,0.0,0.0,0.0,6.0,phase-4
2026-08-21T14:10:58+00:00,1,405,0,1.49,2.355,41.08,5.5,phase-4
2026-08-21T14:10:58+00:00,1,406,0,0.42,1.074,6.9,5.5,phase-4
2026-08-21T14:10:58+00:00,1,407,0,0.13,0.248,5.03,5.0,phase-4
2026-08-21T14:10:58+00:00,1,409,0,0.38,0.953,5.03,4.5,phase-4
2026-08-21T14:10:58+00:00,1,410,0,0.13,0.248,5.03,5.0,phase-4
2026-08-21T14:10:58+00:00,1,411,0,7.03,19.518,71.38,15.5,phase-4
2026-08-21T14:10:58+00:00,1,412,0,2.78,2.501,68.47,5.0,phase-4
2026-08-21T14:10:58+00:00,1,413,0,0.0,0.0,0.0,4.5,phase-4
2026-08-21T14:10:58+00:00,1,414,0,0.0,0.0,0.0,4.0,phase-4
2026-08-21T14:10:58+00:00,1,415,0,1.67,3.589,37.89,6.0,phase-4
2026-08-21T14:10:58+00:00,1,416,0,0.0,0.0,0.0,5.0,phase-4
2026-08-21T14:10:58+00:00,1,417,0,2.65,5.28,64.11,5.0,phase-4
2026-08-21T14:10:58+00:00,1,418,0,1.58,4.082,43.39,5.0,phase-4
2026-08-21T14:10:58+00:00,1,419,0,1.12,2.619,32.34,5.0,phase-4
2026-08-21T14:10:58+00:00,1,420,0,1.88,3.851,45.53,5.0,phase-4
2026-08-21T14:10:58+00:00,1,421,0,0.84,2.433,25.53,4.5,phase-4
2026-08-21T14:10:58+00:00,1,422,0,0.85,2.399,25.71,4.5,phase-4
2026-08-21T14:10:58+00:00,1,423,0,2.62,4.151,77.2,4.5,phase-4
2026-08-21T14:10:58+00:00,1,424,0,0.15,0.459,5.03,4.0,phase-4
2026-08-21T14:10:58+00:00,1,425,0,0.0,0.0,0.0,4.0,phase-4
2026-08-21T14:10:58+00:00,1,426,0,5.17,11.984,72.84,12.0,phase-4
2026-08-21T14:10:58+00:00,1,427,0,4.25,11.153,67.02,8.0,phase-4
2026-08-21T14:10:58+00:00,1,428,0,3.34,6.816,64.11,8.0,phase-4
2026-08-21T14:10:58+00:00,1,429,0,0.13,0.245,5.03,7.0,phase-4
2026-08-21T14:10:58+00:00,1,430,0,0.56,1.521,13.7,5.5,phase-4
2026-08-21T14:10:58+00:00,1,431,0,3.17,6.047,61.2,6.0,phase-4
2026-08-21T14:10:58+00:00,1,432,0,1.65,1.362,43.5,5.5,phase-4
2026-08-21T14:10:58+00:00,1,433,0,0.0,0.0,0.0,5.0,phase-4
2026-08-21T14:10:58+00:00,1,434,0,0.15,0.312,5.03,5.0,phase-4
2026-08-21T14:10:58+00:00,1,435,0,0.22,0.652,5.03,5.0,phase-4
2026-08-21T14:10:58+00:00,1,436,0,0.13,0.245,5.03,5.0,phase-4
2026-08-21T14:10:58+00:00,1,437,0,0.15,0.293,5.03,4.5,phase-4
2026-08-21T14:10:58+00:00,1,438,0,0.19,0.323,5.03,4.5,phase-4
2026-08-21T14:10:58+00:00,1,439,0,1.89,4.775,32.17,7.0,phase-4
2026-08-21T14:10:58+00:00,1,440,0,0.79,2.374,15.97,5.5,phase-4
2026-08-21T14:10:58+00:00,1,441,0,0.11,0.231,5.03,4.5,phase-4
2026-08-21T14:10:58+00:00,1,442,0,2.77,2.867,61.2,5.0,phase-4
2026-08-21T14:10:58+00:00,1,443,0,0.15,0.465,5.03,4.5,phase-4
2026-08-21T14:10:58+00:00,1,444,0,0.15,0.465,5.03,4.5,phase-4
2026-08-21T14:10:58+00:00,1,445,0,3.16,6.347,69.93,5.0,phase-4
2026-08-21T14:10:58+00:00,1,446,0,1.14,3.061,28.66,5.0,phase-4
2026-08-21T14:10:58+00:00,1,447,0,2.0,4.094,48.26,5.0,phase-4
2026-08-21T14:10:58+00:00,1,448,0,1.95,3.074,57.76,5.0,phase-4
2026-08-21T14:10:58+00:00,1,449,0,2.22,3.389,56.84,5.0,phase-4
2026-08-21T14:10:58+00:00,1,450,0,0.0,0.0,0.0,5.0,phase-4
2026-08-21T14:10:58+00:00,1,451,0,0.0,0.0,0.0,4.0,phase-4
2026-08-21T14:10:58+00:00,1,452,0,2.74,6.318,45.9,7.0,phase-4
2026-08-21T14:10:58+00:00,1,453,0,2.53,4.47,49.56,6.0,phase-4
2026-08-21T14:10:58+00:00,1,454,0,1.3,2.344,34.26,6.0,phase-4
2026-08-21T14:10:58+00:00,1,455,0,2.28,1.975,66.68,5.5,phase-4
2026-08-21T14:10:58+00:00,1,456,0,1.28,1.973,37.92,5.0,phase-4
2026-08-21T14:10:58+00:00,1,457,0,1.69,3.388,42.26,6.0,phase-4
2026-08-21T14:10:58+00:00,1,458,0,0.0,0.0,0.0,5.5,phase-4
2026-08-21T14:10:58+00:00,1,459,0,1.6,2.121,39.29,5.5,phase-4
2026-08-21T14:10:58+00:00,1,460,0,0.89,2.001,25.58,5.0,phase-4
2026-08-21T14:10:58+00:00,1,461,0,0.13,0.245,5.03,6.0,phase-4
2026-08-21T14:10:58+00:00,1,462,0,0.13,0.245,5.03,5.0,phase-4
2026-08-21T14:10:58+00:00,1,463,0,1.94,3.699,49.89,6.0,phase-4
2026-08-21T14:10:58+00:00,1,464,0,0.59,1.899,13.61,6.0,phase-4
2026-08-21T14:10:58+00:00,1,465,0,1.14,2.712,21.18,6.0,phase-4
2026-08-21T14:10:58+00:00,1,466,0,0.16,0.396,5.03,4.5,phase-4
2026-08-21T14:10:58+00:00,1,467,0,2.75,2.126,65.56,5.0,phase-4
2026-08-21T14:10:58+00:00,1,468,0,0.43,1.127,14.35,4.5,phase-4
2026-08-21T14:10:58+00:00,1,469,0,2.66,4.884,74.29,5.0,phase-4
2026-08-21T14:10:58+00:00,1,470,0,1.21,3.345,35.26,5.0,phase-4
2026-08-21T14:10:58+00:00,1,471,0,2.53,3.151,75.75,5.5,phase-4
2026-08-21T14:10:58+00:00,1,472,0,1.89,3.016,56.05,5.5,phase-4
2026-08-21T14:10:58+00:00,1,473,0,1.34,2.856,41.76,4.5,phase-4
2026-08-21T14:10:58+00:00,1,474,0,0.51,1.575,16.21,4.5,phase-4
2026-08-21T14:10:58+00:00,1,475,0,0.0,0.0,0.0,4.5,phase-4
2026-08-21T14:10:58+00:00,1,476,0,0.14,0.425,5.03,4.0,phase-4
2026-08-21T14:10:58+00:00,1,477,0,0.24,0.728,8.76,4.0,phase-4
2026-08-21T14:10:58+00:00,1,478,0,0.33,0.963,10.62,4.5,phase-4
2026-08-21T14:10:58+00:00,1,479,0,0.14,0.425,5.03,4.0,phase-4
2026-08-21T14:10:58+00:00,1,480,0,3.48,6.814,72.84,8.0,phase-4
2026-08-21T14:10:58+00:00,1,481,0,4.33,5.294,75.75,6.5,phase-4
2026-08-21T14:10:58+00:00,1,482,0,2.03,3.353,48.37,6.0,phase-4
2026-08-21T14:10:58+00:00,1,483,0,1.04,2.054,31.12,5.5,phase-4
2026-08-21T14:10:58+00:00,1,484,0,1.95,2.801,44.11,5.5,phase-4
2026-08-21T14:10:58+00:00,1,485,0,0.57,1.342,16.21,5.5,phase-4
2026-08-21T14:10:58+00:00,1,486,0,0.27,0.66,8.76,5.5,phase-4
2026-08-21T14:10:58+00:00,1,487,0,1.19,2.411,36.71,5.0,phase-4
2026-08-21T14:10:58+00:00,1,488,0,1.81,1.985,54.55,5.0,phase-4
2026-08-21T14:10:58+00:00,1,489,0,0.0,0.0,0.0,4.5,phase-4
2026-08-21T14:10:58+00:00,1,490,0,1.1,2.801,25.53,6.0,phase-4
2026-08-21T14:10:58+00:00,1,491,0,2.25,3.357,60.34,6.0,phase-4
2026-08-21T14:10:58+00:00,1,492,0,0.62,1.633,12.63,5.5,phase-4
2026-08-21T14:10:58+00:00,1,493,0,0.23,0.633,5.03,5.5,phase-4
2026-08-21T14:10:58+00:00,1,494,0,0.0,0.0,0.0,4.5,phase-4
2026-08-21T14:10:58+00:00,1,495,0,0.12,0.37,5.03,4.0,phase-4
2026-08-21T14:10:58+00:00,1,496,0,0.52,1.193,18.08,4.5,phase-4
2026-08-21T14:10:58+00:00,1,497,0,3.01,1.803,72.84,4.0,phase-4
2026-08-21T14:10:58+00:00,1,498,0,3.22,3.994,75.75,6.0,phase-4
2026-08-21T14:10:58+00:00,1,499,0,2.09,3.401,68.47,5.5,phase-4
2026-08-21T14:10:58+00:00,1,500,0,0.0,0.0,0.0,5.0,phase-4
2026-08-21T14:10:58+00:00,1,501,0,1.0,2.643,39.18,5.0,phase-4
2026-08-21T14:10:58+00:00,1,502,0,1.19,2.944,30.66,4.5,phase-4
2026-08-21T14:10:58+00:00,1,503,0,2.0,4.068,72.84,5.0,phase-4
2026-08-21T14:10:58+00:00,1,504,0,0.17,0.521,5.03,5.0,phase-4
2026-08-21T14:10:58+00:00,1,505,0,0.0,0.0,0.0,4.5,phase-4
2026-08-21T14:10:58+00:00,1,506,0,0.93,2.1,35.13,4.5,phase-4
2026-08-21T14:10:58+00:00,1,508,0,0.35,1.742,8.76,4.0,phase-4
2026-08-21T14:10:58+00:00,1,509,0,0.21,0.465,5.03,4.0,phase-4
2026-08-21T14:10:58+00:00,1,510,0,0.21,0.465,5.03,4.0,phase-4
2026-08-21T14:10:58+00:00,1,511,0,0.15,0.672,8.76,4.0,phase-4
2026-08-21T14:10:58+00:00,1,512,0,1.04,2.301,30.33,6.5,phase-4
2026-08-21T14:10:58+00:00,1,513,0,0.0,0.0,0.0,6.0,phase-4
2026-08-21T14:10:58+00:00,1,514,0,1.58,3.083,35.11,6.0,phase-4
2026-08-21T14:10:58+00:00,1,515,0,0.3,1.057,5.03,6.5,phase-4
2026-08-21T14:10:58+00:00,1,516,0,1.46,1.637,49.47,5.5,phase-4
2026-08-21T14:10:58+00:00,1,517,0,0.0,0.0,0.0,5.5,phase-4
2026-08-21T14:10:58+00:00,1,518,0,1.45,2.177,36.53,5.0,phase-4
2026-08-21T14:10:58+00:00,1,519,0,0.96,1.927,31.13,5.5,phase-4
2026-08-21T14:10:58+00:00,1,520,0,0.8,1.838,25.53,5.5,phase-4
2026-08-21T14:10:58+00:00,1,521,0,0.0,0.0,0.0,6.5,phase-4
2026-08-21T14:10:58+00:00,1,522,0,1.15,2.318,38.71,5.0,phase-4
2026-08-21T14:10:58+00:00,1,523,0,0.12,0.239,5.03,5.0,phase-4
2026-08-21T14:10:58+00:00,1,524,0,0.15,0.281,5.03,4.5,phase-4
2026-08-21T14:10:58+00:00,1,525,0,2.7,2.068,72.84,6.0,phase-4
2026-08-21T14:10:58+00:00,1,526,0,0.96,2.221,26.24,6.0,phase-4
2026-08-21T14:10:58+00:00,1,527,0,2.5,3.964,51.02,6.0,phase-4
2026-08-21T14:10:58+00:00,1,528,0,0.23,0.386,5.03,4.5,phase-4
2026-08-21T14:10:58+00:00,1,529,0,3.08,2.883,72.84,5.0,phase-4
2026-08-21T14:10:58+00:00,1,531,0,0.48,1.007,10.62,4.5,phase-4
2026-08-21T14:10:58+00:00,1,532,0,2.46,4.031,56.42,5.0,phase-4
2026-08-21T14:10:58+00:00,1,533,0,2.83,4.14,68.47,5.5,phase-4
2026-08-21T14:10:58+00:00,1,534,0,2.56,4.518,71.38,4.5,phase-4
2026-08-21T14:10:58+00:00,1,535,0,2.86,3.805,68.47,5.0,phase-4
2026-08-21T14:10:58+00:00,1,536,0,1.6,3.01,51.74,4.5,phase-4
2026-08-21T14:10:58+00:00,1,537,0,0.22,0.655,6.9,4.5,phase-4
2026-08-21T14:10:58+00:00,1,539,0,0.41,1.465,14.87,4.0,phase-4
2026-08-21T14:10:58+00:00,1,540,0,0.0,0.0,0.0,4.0,phase-4
2026-08-21T14:10:58+00:00,1,541,0,0.16,0.479,5.03,4.5,phase-4
2026-08-21T14:10:58+00:00,1,542,0,2.89,3.502,69.93,6.0,phase-4
2026-08-21T14:10:58+00:00,1,543,0,1.31,2.771,36.92,5.5,phase-4
2026-08-21T14:10:58+00:00,1,544,0,2.45,1.337,68.47,5.5,phase-4
2026-08-21T14:10:58+00:00,1,545,0,2.0,1.059,69.93,5.0,phase-4
2026-08-21T14:10:58+00:00,1,546,0,0.0,0.0,0.0,5.0,phase-4
2026-08-21T14:10:58+00:00,1,547,0,0.42,1.188,10.5,5.0,phase-4
2026-08-21T14:10:58+00:00,1,548,0,0.84,1.693,25.53,5.0,phase-4
2026-08-21T14:10:58+00:00,1,549,0,1.56,2.078,40.87,5.5,phase-4
2026-08-21T14:10:58+00:00,1,550,0,0.2,0.379,6.9,5.0,phase-4
2026-08-21T14:10:58+00:00,1,551,0,0.45,1.152,14.35,5.0,phase-4
2026-08-21T14:10:58+00:00,1,552,0,1.7,2.613,50.53,6.0,phase-4
2026-08-21T14:10:58+00:00,1,553,0,1.29,2.578,30.21,5.5,phase-4
2026-08-21T14:10:58+00:00,1,554,0,0.17,0.521,5.03,4.5,phase-4
2026-08-21T14:10:58+00:00,1,555,0,0.14,0.429,5.03,4.0,phase-4
2026-08-21T14:10:58+00:00,1,556,0,0.12,0.37,5.03,4.0,phase-4
2026-08-21T14:10:58+00:00,1,557,0,0.14,0.257,5.03,6.5,phase-4
2026-08-21T14:10:58+00:00,1,558,0,0.13,0.243,5.03,5.0,phase-4
2026-08-21T14:10:58+00:00,1,559,0,0.13,0.245,5.03,5.0,phase-4
2026-08-21T14:10:58+00:00,1,560,0,0.17,0.505,5.03,4.5,phase-4
2026-08-21T14:10:58+00:00,1,561,0,0.17,0.505,5.03,4.5,phase-4
2026-08-21T14:10:58+00:00,1,562,0,0.13,0.249,5.03,5.5,phase-4
2026-08-21T14:10:58+00:00,1,563,0,0.06,0.123,2.52,5.0,phase-4
2026-08-21T14:10:58+00:00,1,564,0,0.17,0.521,5.03,4.5,phase-4
2026-08-21T14:10:58+00:00,1,565,0,0.13,0.244,5.03,5.5,phase-4
2026-08-21T14:10:58+00:00,1,566,0,0.07,0.291,5.03,5.0,phase-4
2026-08-21T14:10:58+00:00,1,567,0,0.15,0.465,5.03,5.0,phase-4
2026-08-21T14:10:58+00:00,1,568,0,0.13,0.248,5.03,5.5,phase-4
2026-08-21T14:10:58+00:00,1,569,0,0.11,0.231,5.03,6.0,phase-4
2026-08-21T14:10:58+00:00,1,570,0,0.12,0.239,5.03,5.5,phase-4
2026-08-21T14:10:58+00:00,1,571,0,0.13,0.249,5.03,5.0,phase-4
2026-08-21T14:10:58+00:00,1,572,0,0.12,0.37,5.03,4.5,phase-4
2026-08-21T14:10:58+00:00,1,573,0,0.07,0.291,5.03,4.5,phase-4
2026-08-21T14:10:58+00:00,1,574,0,0.12,0.239,5.03,5.0,phase-4
2026-08-21T14:10:58+00:00,1,575,0,0.12,0.236,5.03,5.0,phase-4
2026-08-21T14:10:58+00:00,1,576,0,0.12,0.239,5.03,5.0,phase-4
2026-08-21T14:10:58+00:00,1,577,0,0.14,0.429,5.03,4.5,phase-4
2026-08-21T14:10:58+00:00,1,578,0,0.13,0.248,5.03,5.5,phase-4
2026-08-21T14:10:58+00:00,1,579,0,0.16,0.474,5.03,5.5,phase-4
2026-08-21T14:10:58+00:00,1,580,0,0.12,0.239,5.03,5.0,phase-4
2026-08-21T14:10:58+00:00,1,581,0,0.14,0.425,5.03,5.5,phase-4
2026-08-21T14:10:58+00:00,1,582,0,0.0,0.0,0.0,5.5,phase-4
2026-08-21T14:10:58+00:00,1,583,0,0.17,0.505,5.03,5.0,phase-4
2026-08-21T14:10:58+00:00,1,584,0,0.12,0.236,5.03,5.5,phase-4
2026-08-21T14:10:58+00:00,1,585,0,0.12,0.37,5.03,4.0,phase-4
2026-08-21T14:10:58+00:00,1,586,0,0.12,0.37,5.03,4.0,phase-4
2026-08-21T14:10:58+00:00,1,587,0,0.17,0.514,5.03,5.0,phase-4
2026-08-21T14:10:58+00:00,1,588,0,0.14,0.429,5.03,5.0,phase-4
2026-08-21T14:10:58+00:00,1,589,0,0.12,0.239,5.03,5.0,phase-4
2026-08-21T14:10:58+00:00,1,590,0,0.14,0.425,5.03,4.5,phase-4
2026-08-21T14:10:58+00:00,1,591,0,0.13,0.249,5.03,5.5,phase-4
2026-08-21T14:10:58+00:00,1,592,0,0.17,0.521,5.03,4.0,phase-4
2026-08-21T14:10:58+00:00,1,593,0,0.15,0.465,5.03,4.5,phase-4
2026-08-21T14:10:58+00:00,1,594,0,0.11,0.231,5.03,6.0,phase-4
2026-08-21T14:10:58+00:00,1,595,0,0.13,0.243,5.03,5.0,phase-4
2026-08-21T14:10:58+00:00,1,596,0,0.14,0.426,5.03,4.5,phase-4
2026-08-21T14:10:58+00:00,1,597,0,0.14,0.426,5.03,5.0,phase-4
2026-08-21T14:10:58+00:00,1,598,0,0.14,0.444,5.03,4.5,phase-4
2026-08-21T14:10:58+00:00,1,599,0,0.11,0.231,5.03,5.0,phase-4
2026-08-21T14:10:58+00:00,1,600,0,0.13,0.249,5.03,5.0,phase-4
2026-08-28T15:17:36+00:00,2,1,0,2.43,1.667,80.55,6.0,phase-4
2026-08-28T15:17:36+00:00,2,2,0,0.21,0.468,7.09,5.0,phase-4
2026-08-28T15:17:36+00:00,2,3,0,0.1,0.353,5.34,5.0,phase-4
2026-08-28T15:17:36+00:00,2,4,0,2.2,2.896,70.98,8.0,phase-4
2026-08-28T15:17:36+00:00,2,5,0,0.0,0.0,0.0,6.5,phase-4
2026-08-28T15:17:36+00:00,2,6,0,0.0,0.0,0.0,6.0,phase-4
2026-08-28T15:17:36+00:00,2,7,0,0.83,1.106,28.11,5.5,phase-4
2026-08-28T15:17:36+00:00,2,8,0,1.25,2.566,52.44,5.6,phase-4
2026-08-28T15:17:36+00:00,2,9,0,1.18,1.843,45.31,5.4,phase-4
2026-08-28T15:17:36+00:00,2,10,0,0.88,2.012,29.66,5.5,phase-4
2026-08-28T15:17:36+00:00,2,11,0,0.92,1.596,35.26,5.5,phase-4
2026-08-28T15:17:36+00:00,2,12,0,3.06,4.684,62.98,9.5,phase-4
2026-08-28T15:17:36+00:00,2,13,0,3.08,2.281,77.81,7.5,phase-4
2026-08-28T15:17:36+00:00,2,14,0,1.93,3.121,48.34,6.5,phase-4
2026-08-28T15:17:36+00:00,2,15,0,1.68,2.462,42.79,6.6,phase-4
2026-08-28T15:17:36+00:00,2,16,0,1.05,1.774,33.38,6.4,phase-4
2026-08-28T15:17:36+00:00,2,17,0,1.2,2.689,27.03,6.0,phase-4
2026-08-28T15:17:36+00:00,2,18,0,0.82,1.52,26.36,6.4,phase-4
2026-08-28T15:17:36+00:00,2,19,0,2.23,1.347,69.78,5.5,phase-4
2026-08-28T15:17:36+00:00,2,20,0,0.29,0.615,7.09,5.4,phase-4
2026-08-28T15:17:36+00:00,2,21,0,0.0,0.0,0.0,5.0,phase-4
2026-08-28T15:17:36+00:00,2,22,0,0.13,0.256,5.34,5.5,phase-4
2026-08-28T15:17:36+00:00,2,23,0,0.13,0.251,5.34,5.5,phase-4
2026-08-28T15:17:36+00:00,2,24,0,0.2,0.357,5.34,5.5,phase-4
2026-08-28T15:17:36+00:00,2,25,0,2.07,3.286,54.86,7.4,phase-4
2026-08-28T15:17:36+00:00,2,26,0,0.98,1.824,26.16,7.5,phase-4
2026-08-28T15:17:36+00:00,2,27,0,0.28,0.825,10.6,6.0,phase-4
2026-08-28T15:17:36+00:00,2,28,0,3.61,3.798,84.85,5.0,phase-4
2026-08-28T15:17:36+00:00,2,29,0,1.38,2.814,32.07,4.5,phase-4
2026-08-28T15:17:36+00:00,2,30,0,0.0,0.0,0.0,4.5,phase-4
2026-08-28T15:17:36+00:00,2,31,0,1.55,1.375,69.78,4.5,phase-4
2026-08-28T15:17:36+00:00,2,32,0,3.51,6.376,90.0,4.5,phase-4
2026-08-28T15:17:36+00:00,2,33,0,1.75,3.229,43.85,4.5,phase-4
2026-08-28T15:17:36+00:00,2,34,0,2.58,3.336,63.55,4.5,phase-4
2026-08-28T15:17:36+00:00,2,35,0,0.94,1.111,35.08,5.0,phase-4
2026-08-28T15:17:36+00:00,2,36,0,2.49,3.137,62.18,4.5,phase-4
2026-08-28T15:17:36+00:00,2,37,0,1.68,3.447,43.26,4.5,phase-4
2026-08-28T15:17:36+00:00,2,38,0,0.34,0.983,8.97,4.0,phase-4
2026-08-28T15:17:36+00:00,2,39,0,0.0,0.0,0.0,4.0,phase-4
2026-08-28T15:17:36+00:00,2,40,0,5.11,13.891,75.02,7.5,phase-4
2026-08-28T15:17:36+00:00,2,41,0,3.28,6.255,67.88,6.0,phase-4
2026-08-28T15:17:36+00:00,2,42,0,1.18,2.099,27.04,5.5,phase-4
2026-08-28T15:17:36+00:00,2,43,0,2.06,2.07,53.62,6.0,phase-4
2026-08-28T15:17:36+00:00,2,44,0,0.48,1.007,14.09,5.5,phase-4
2026-08-28T15:17:36+00:00,2,45,0,3.15,5.398,79.68,5.5,phase-4
2026-08-28T15:17:36+00:00,2,46,0,1.85,3.932,37.59,5.0,phase-4
2026-08-28T15:17:36+00:00,2,47,0,1.93,1.924,57.91,5.0,phase-4
2026-08-28T15:17:36+00:00,2,48,0,0.0,0.0,0.0,5.0,phase-4
2026-08-28T15:17:36+00:00,2,50,0,0.2,0.346,6.75,4.5,phase-4
2026-08-28T15:17:36+00:00,2,51,0,0.49,0.764,17.58,4.5,phase-4
2026-08-28T15:17:36+00:00,2,52,0,0.28,0.43,6.75,5.0,phase-4
2026-08-28T15:17:36+00:00,2,53,0,0.0,0.0,0.0,6.0,phase-4
2026-08-28T15:17:36+00:00,2,54,0,0.0,0.0,0.0,5.5,phase-4
2026-08-28T15:17:36+00:00,2,55,0,4.38,9.535,86.58,7.9,phase-4
2026-08-28T15:17:36+00:00,2,56,0,0.4,0.943,8.39,5.5,phase-4
2026-08-28T15:17:36+00:00,2,57,0,3.91,3.905,90.0,4.5,phase-4
2026-08-28T15:17:36+00:00,2,58,0,0.24,0.712,6.45,4.0,phase-4
2026-08-28T15:17:36+00:00,2,60,0,3.48,3.93,72.56,5.5,phase-4
2026-08-28T15:17:36+00:00,2,61,0,4.31,5.631,90.0,5.5,phase-4
2026-08-28T15:17:36+00:00,2,62,0,1.44,3.209,38.23,5.0,phase-4
2026-08-28T15:17:36+00:00,2,63,0,0.0,0.0,0.0,5.0,phase-4
2026-08-28T15:17:36+00:00,2,64,0,1.84,4.013,46.44,4.5,phase-4
2026-08-28T15:17:36+00:00,2,65,0,0.0,0.0,0.0,4.5,phase-4
2026-08-28T15:17:36+00:00,2,66,0,0.18,0.544,4.83,4.0,phase-4
2026-08-28T15:17:36+00:00,2,67,0,2.48,6.36,46.04,6.5,phase-4
2026-08-28T15:17:36+00:00,2,68,0,4.48,9.03,87.44,6.0,phase-4
2026-08-28T15:17:36+00:00,2,69,0,4.01,2.593,90.0,6.0,phase-4
2026-08-28T15:17:36+00:00,2,70,0,1.31,2.658,39.06,6.0,phase-4
2026-08-28T15:17:36+00:00,2,71,0,1.15,1.328,37.02,5.0,phase-4
2026-08-28T15:17:36+00:00,2,72,0,0.37,0.647,6.45,5.0,phase-4
2026-08-28T15:17:36+00:00,2,73,0,2.01,2.061,55.09,5.0,phase-4
2026-08-28T15:17:36+00:00,2,74,0,1.13,2.061,35.54,5.0,phase-4
2026-08-28T15:17:36+00:00,2,75,0,1.04,2.163,29.25,5.0,phase-4
2026-08-28T15:17:36+00:00,2,76,0,0.31,0.573,10.7,5.0,phase-4
2026-08-28T15:17:36+00:00,2,77,0,0.0,0.0,0.0,5.0,phase-4
2026-08-28T15:17:36+00:00,2,78,0,0.0,0.0,0.0,7.5,phase-4
2026-08-28T15:17:36+00:00,2,79,0,3.45,5.612,89.09,6.0,phase-4
2026-08-28T15:17:36+00:00,2,80,0,0.0,0.0,0.0,5.5,phase-4
2026-08-28T15:17:36+00:00,2,81,0,0.15,0.29,6.45,6.0,phase-4
2026-08-28T15:17:36+00:00,2,82,0,2.71,1.463,70.86,5.0,phase-4
2026-08-28T15:17:36+00:00,2,83,0,0.14,0.384,6.24,4.5,phase-4
2026-08-28T15:17:36+00:00,2,84,0,1.58,2.076,64.85,5.5,phase-4
2026-08-28T15:17:36+00:00,2,85,0,0.0,0.0,0.0,5.0,phase-4
2026-08-28T15:17:36+00:00,2,86,0,1.93,2.144,52.23,5.5,phase-4
2026-08-28T15:17:36+00:00,2,87,0,1.19,1.51,48.86,4.5,phase-4
2026-08-28T15:17:36+00:00,2,88,0,1.54,2.753,70.86,4.6,phase-4
2026-08-28T15:17:36+00:00,2,89,0,0.6,1.516,28.78,4.5,phase-4
2026-08-28T15:17:36+00:00,2,90,0,0.29,0.955,17.03,4.5,phase-4
2026-08-28T15:17:36+00:00,2,91,0,0.47,1.396,13.15,4.5,phase-4
2026-08-28T15:17:36+00:00,2,92,0,0.08,0.293,4.7,4.5,phase-4
2026-08-28T15:17:36+00:00,2,93,0,0.08,0.293,4.7,4.5,phase-4
2026-08-28T15:17:36+00:00,2,94,0,2.14,3.138,64.85,6.0,phase-4
2026-08-28T15:17:36+00:00,2,95,0,2.12,2.87,56.42,6.5,phase-4
2026-08-28T15:17:36+00:00,2,96,0,1.73,2.072,46.03,5.5,phase-4
2026-08-28T15:17:36+00:00,2,97,0,1.76,1.644,55.76,5.5,phase-4
2026-08-28T15:17:36+00:00,2,98,0,1.27,1.751,40.78,5.0,phase-4
2026-08-28T15:17:36+00:00,2,99,0,0.0,0.0,0.0,5.0,phase-4
2026-08-28T15:17:36+00:00,2,100,0,0.27,0.574,6.24,5.0,phase-4
2026-08-28T15:17:36+00:00,2,101,0,1.07,1.71,33.04,5.0,phase-4
2026-08-28T15:17:36+00:00,2,102,0,1.81,0.781,56.57,5.0,phase-4
2026-08-28T15:17:36+00:00,2,103,0,0.2,0.313,4.7,5.0,phase-4
2026-08-28T15:17:36+00:00,2,104,0,0.94,2.224,14.79,5.0,phase-4
2026-08-28T15:17:36+00:00,2,105,0,2.3,2.966,58.98,6.0,phase-4
2026-08-28T15:17:36+00:00,2,106,0,2.79,4.841,70.86,8.0,phase-4
2026-08-28T15:17:36+00:00,2,107,0,0.2,0.308,4.7,4.5,phase-4
2026-08-28T15:17:36+00:00,2,108,0,1.23,2.285,27.61,5.5,phase-4
2026-08-28T15:17:36+00:00,2,109,0,2.85,1.259,90.0,4.5,phase-4
2026-08-28T15:17:36+00:00,2,110,0,3.17,3.7,87.2,4.5,phase-4
2026-08-28T15:17:36+00:00,2,111,0,0.1,0.367,6.34,4.0,phase-4
2026-08-28T15:17:36+00:00,2,112,0,3.25,5.724,68.18,5.0,phase-4
2026-08-28T15:17:36+00:00,2,113,0,1.27,1.308,82.9,4.5,phase-4
2026-08-28T15:17:36+00:00,2,114,0,0.72,1.665,36.39,4.5,phase-4
2026-08-28T15:17:36+00:00,2,115,0,1.77,5.467,52.32,4.6,phase-4
2026-08-28T15:17:36+00:00,2,116,0,1.4,1.343,85.95,4.5,phase-4
2026-08-28T15:17:36+00:00,2,117,0,0.07,0.598,10.51,4.5,phase-4
2026-08-28T15:17:36+00:00,2,118,0,0.13,0.482,8.42,4.5,phase-4
2026-08-28T15:17:36+00:00,2,119,0,1.21,0.555,27.65,4.5,phase-4
2026-08-28T15:17:36+00:00,2,120,0,0.1,0.367,6.34,5.0,phase-4
2026-08-28T15:17:36+00:00,2,121,0,0.0,0.0,0.0,6.0,phase-4
2026-08-28T15:17:36+00:00,2,122,0,0.0,0.0,0.0,6.0,phase-4
2026-08-28T15:17:36+00:00,2,123,0,0.68,1.765,15.01,6.0,phase-4
2026-08-28T15:17:36+00:00,2,124,0,1.94,1.246,61.0,5.5,phase-4
2026-08-28T15:17:36+00:00,2,125,0,1.56,1.849,48.84,5.5,phase-4
2026-08-28T15:17:36+00:00,2,126,0,0.32,0.676,10.51,5.5,phase-4
2026-08-28T15:17:36+00:00,2,127,0,2.4,2.358,74.43,5.0,phase-4
2026-08-28T15:17:36+00:00,2,128,0,0.0,0.0,0.0,5.0,phase-4
2026-08-28T15:17:36+00:00,2,129,0,2.1,1.538,65.51,5.5,phase-4
2026-08-28T15:17:36+00:00,2,130,0,2.29,2.533,66.94,5.0,phase-4
2026-08-28T15:17:36+00:00,2,131,0,0.0,0.0,0.0,5.0,phase-4
2026-08-28T15:17:36+00:00,2,132,0,0.0,0.0,0.0,4.5,phase-4
2026-08-28T15:17:36+00:00,2,133,0,0.0,0.0,0.0,5.0,phase-4
2026-08-28T15:17:36+00:00,2,134,0,0.28,0.419,6.34,4.5,phase-4
2026-08-28T15:17:36+00:00,2,135,0,0.71,1.075,15.13,5.0,phase-4
2026-08-28T15:17:36+00:00,2,136,0,2.93,6.933,51.83,6.0,phase-4
2026-08-28T15:17:36+00:00,2,137,0,0.0,0.0,0.0,5.5,phase-4
2026-08-28T15:17:36+00:00,2,138,0,0.57,1.406,14.04,5.5,phase-4
2026-08-28T15:17:36+00:00,2,139,0,0.0,0.0,0.0,5.0,phase-4
2026-08-28T15:17:36+00:00,2,140,0,3.24,3.572,72.47,5.0,phase-4
2026-08-28T15:17:36+00:00,2,141,0,0.0,0.0,0.0,5.0,phase-4
2026-08-28T15:17:36+00:00,2,142,0,2.89,5.952,53.36,5.5,phase-4
2026-08-28T15:17:36+00:00,2,143,0,0.0,0.0,0.0,5.5,phase-4
2026-08-28T15:17:36+00:00,2,144,0,2.69,4.943,60.4,5.0,phase-4
2026-08-28T15:17:36+00:00,2,145,0,1.42,3.437,39.6,5.0,phase-4
2026-08-28T15:17:36+00:00,2,146,0,0.0,0.0,0.0,4.5,phase-4
2026-08-28T15:17:36+00:00,2,147,0,0.66,1.852,18.16,4.5,phase-4
2026-08-28T15:17:36+00:00,2,148,0,1.12,2.949,33.44,4.5,phase-4
2026-08-28T15:17:36+00:00,2,149,0,0.49,1.682,16.2,5.0,phase-4
2026-08-28T15:17:36+00:00,2,150,0,0.25,0.73,6.6,4.5,phase-4
2026-08-28T15:17:36+00:00,2,151,0,1.07,3.029,25.99,4.5,phase-4
2026-08-28T15:17:36+00:00,2,152,0,0.14,0.42,3.73,5.5,phase-4
2026-08-28T15:17:36+00:00,2,153,0,1.25,2.868,32.59,4.5,phase-4
2026-08-28T15:17:36+00:00,2,154,0,3.83,11.144,54.25,9.5,phase-4
2026-08-28T15:17:36+00:00,2,155,0,3.56,7.892,66.25,7.0,phase-4
2026-08-28T15:17:36+00:00,2,156,0,3.24,5.939,59.89,6.5,phase-4
2026-08-28T15:17:36+00:00,2,157,0,1.23,3.209,24.56,6.5,phase-4
2026-08-28T15:17:36+00:00,2,158,0,0.49,0.928,13.13,6.0,phase-4
2026-08-28T15:17:36+00:00,2,159,0,1.5,2.082,46.82,5.5,phase-4
2026-08-28T15:17:36+00:00,2,160,0,1.5,2.28,40.1,6.0,phase-4
2026-08-28T15:17:36+00:00,2,161,0,0.49,1.177,19.47,5.0,phase-4
2026-08-28T15:17:36+00:00,2,162,0,1.23,1.697,38.61,5.0,phase-4
2026-08-28T15:17:36+00:00,2,163,0,-0.22,0.274,4.97,4.5,phase-4
2026-08-28T15:17:36+00:00,2,164,0,0.33,0.747,7.91,5.5,phase-4
2026-08-28T15:17:36+00:00,2,165,0,5.2,12.46,67.38,7.6,phase-4
2026-08-28T15:17:36+00:00,2,166,0,0.11,0.228,4.97,6.5,phase-4
2026-08-28T15:17:36+00:00,2,167,0,0.69,1.161,30.91,5.5,phase-4
2026-08-28T15:17:36+00:00,2,168,0,0.16,0.387,6.6,5.0,phase-4
2026-08-28T15:17:36+00:00,2,169,0,0.22,0.329,4.97,4.5,phase-4
2026-08-28T15:17:36+00:00,2,170,0,0.11,0.228,4.97,5.0,phase-4
2026-08-28T15:17:36+00:00,2,171,0,0.21,0.631,5.68,4.0,phase-4
2026-08-28T15:17:36+00:00,2,172,0,0.21,0.631,5.68,4.5,phase-4
2026-08-28T15:17:36+00:00,2,173,0,3.22,3.901,87.2,4.0,phase-4
2026-08-28T15:17:36+00:00,2,174,0,0.21,0.631,5.68,4.0,phase-4
2026-08-28T15:17:36+00:00,2,175,0,3.12,3.7,87.2,4.0,phase-4
2026-08-28T15:17:36+00:00,2,176,0,3.13,3.716,87.2,4.0,phase-4
2026-08-28T15:17:36+00:00,2,177,0,0.0,0.0,0.0,4.0,phase-4
2026-08-28T15:17:36+00:00,2,178,0,0.21,0.631,5.68,4.0,phase-4
2026-08-28T15:17:36+00:00,2,179,0,0.21,0.631,5.68,4.0,phase-4
2026-08-28T15:17:36+00:00,2,180,0,0.0,0.0,0.0,4.0,phase-4
2026-08-28T15:17:36+00:00,2,181,0,0.21,0.631,5.68,4.0,phase-4
2026-08-28T15:17:36+00:00,2,182,0,3.14,3.722,87.2,4.0,phase-4
2026-08-28T15:17:36+00:00,2,183,0,1.25,0.756,22.59,5.0,phase-4
2026-08-28T15:17:36+00:00,2,184,0,0.41,0.669,14.79,5.0,phase-4
2026-08-28T15:17:36+00:00,2,185,0,0.15,0.282,5.68,5.0,phase-4
2026-08-28T15:17:36+00:00,2,186,0,0.15,0.282,5.68,5.5,phase-4
2026-08-28T15:17:36+00:00,2,187,0,0.15,0.282,5.68,5.0,phase-4
2026-08-28T15:17:36+00:00,2,188,0,1.28,0.312,24.77,5.5,phase-4
2026-08-28T15:17:36+00:00,2,189,0,0.15,0.282,5.68,4.5,phase-4
2026-08-28T15:17:36+00:00,2,190,0,1.57,2.421,43.58,5.5,phase-4
2026-08-28T15:17:36+00:00,2,191,0,0.15,0.282,5.68,4.5,phase-4
2026-08-28T15:17:36+00:00,2,192,0,0.15,0.282,5.68,4.5,phase-4
2026-08-28T15:17:36+00:00,2,193,0,0.0,0.0,0.0,5.5,phase-4
2026-08-28T15:17:36+00:00,2,194,0,2.0,0.134,85.67,5.0,phase-4
2026-08-28T15:17:36+00:00,2,195,0,1.97,0.078,85.67,5.0,phase-4
2026-08-28T15:17:36+00:00,2,198,0,3.64,3.771,84.58,5.0,phase-4
2026-08-28T15:17:36+00:00,2,199,0,0.39,0.881,7.44,4.5,phase-4
2026-08-28T15:17:36+00:00,2,200,0,3.74,4.406,72.47,6.0,phase-4
2026-08-28T15:17:36+00:00,2,201,0,3.78,9.76,69.21,5.5,phase-4
2026-08-28T15:17:36+00:00,2,202,0,3.67,3.828,75.97,5.0,phase-4
2026-08-28T15:17:36+00:00,2,203,0,1.94,3.116,45.99,5.0,phase-4
2026-08-28T15:17:36+00:00,2,204,0,3.38,4.517,83.14,4.5,phase-4
2026-08-28T15:17:36+00:00,2,205,0,0.15,0.627,5.6,4.5,phase-4
2026-08-28T15:17:36+00:00,2,206,0,0.0,0.0,0.0,4.5,phase-4
2026-08-28T15:17:36+00:00,2,207,0,0.21,0.623,5.6,4.5,phase-4
2026-08-28T15:17:36+00:00,2,208,0,0.0,0.0,0.0,6.4,phase-4
2026-08-28T15:17:36+00:00,2,209,0,1.23,1.165,46.02,6.0,phase-4
2026-08-28T15:17:36+00:00,2,210,0,3.05,2.393,73.09,5.5,phase-4
2026-08-28T15:17:36+00:00,2,211,0,2.06,2.094,58.33,5.5,phase-4
2026-08-28T15:17:36+00:00,2,212,0,0.99,1.275,40.57,4.5,phase-4
2026-08-28T15:17:36+00:00,2,213,0,1.63,1.858,44.75,5.0,phase-4
2026-08-28T15:17:36+00:00,2,214,0,2.05,0.988,60.76,5.0,phase-4
2026-08-28T15:17:36+00:00,2,215,0,0.67,1.209,20.4,5.0,phase-4
2026-08-28T15:17:36+00:00,2,216,0,0.19,0.319,5.6,5.0,phase-4
2026-08-28T15:17:36+00:00,2,217,0,0.15,0.278,5.6,5.0,phase-4
2026-08-28T15:17:36+00:00,2,218,0,0.15,0.278,5.6,5.0,phase-4
2026-08-28T15:17:36+00:00,2,219,0,0.15,0.278,5.6,5.0,phase-4
2026-08-28T15:17:36+00:00,2,220,0,0.0,0.0,0.0,4.5,phase-4
2026-08-28T15:17:36+00:00,2,221,0,0.28,0.403,5.6,4.5,phase-4
2026-08-28T15:17:36+00:00,2,222,0,2.29,3.144,61.77,6.0,phase-4
2026-08-28T15:17:36+00:00,2,223,0,3.79,8.523,65.29,6.5,phase-4
2026-08-28T15:17:36+00:00,2,224,0,0.87,2.418,18.26,5.5,phase-4
2026-08-28T15:17:36+00:00,2,225,0,0.0,0.0,0.0,5.0,phase-4
2026-08-28T15:17:36+00:00,2,226,0,3.04,1.545,87.59,5.5,phase-4
2026-08-28T15:17:36+00:00,2,227,0,0.1,0.352,5.71,5.0,phase-4
2026-08-28T15:17:36+00:00,2,228,0,0.1,0.352,5.71,4.5,phase-4
2026-08-28T15:17:36+00:00,2,229,0,2.63,2.254,86.13,6.0,phase-4
2026-08-28T15:17:36+00:00,2,230,0,0.72,1.819,29.56,5.5,phase-4
2026-08-28T15:17:36+00:00,2,231,0,1.8,1.876,67.29,5.0,phase-4
2026-08-28T15:17:36+00:00,2,232,0,1.38,1.486,76.07,5.0,phase-4
2026-08-28T15:17:36+00:00,2,233,0,1.56,1.356,80.28,4.5,phase-4
2026-08-28T15:17:36+00:00,2,234,0,0.28,0.75,11.33,4.5,phase-4
2026-08-28T15:17:36+00:00,2,235,0,0.1,0.352,5.71,4.0,phase-4
2026-08-28T15:17:36+00:00,2,236,0,3.0,3.884,75.9,6.5,phase-4
2026-08-28T15:17:36+00:00,2,237,0,2.95,2.768,78.82,6.0,phase-4
2026-08-28T15:17:36+00:00,2,238,0,1.46,1.797,45.01,6.5,phase-4
2026-08-28T15:17:36+00:00,2,239,0,3.04,1.505,80.46,6.0,phase-4
2026-08-28T15:17:36+00:00,2,240,0,0.0,0.0,0.0,5.0,phase-4
2026-08-28T15:17:36+00:00,2,241,0,1.38,2.023,40.34,5.5,phase-4
2026-08-28T15:17:36+00:00,2,242,0,0.59,1.099,20.0,5.5,phase-4
2026-08-28T15:17:36+00:00,2,243,0,0.78,1.572,18.1,5.0,phase-4
2026-08-28T15:17:36+00:00,2,244,0,0.72,1.005,26.1,5.0,phase-4
2026-08-28T15:17:36+00:00,2,245,0,0.26,0.576,13.21,5.5,phase-4
2026-08-28T15:17:36+00:00,2,246,0,0.91,1.296,29.48,5.0,phase-4
2026-08-28T15:17:36+00:00,2,247,0,1.16,1.211,43.8,5.5,phase-4
2026-08-28T15:17:36+00:00,2,248,0,1.71,2.884,42.46,5.5,phase-4
2026-08-28T15:17:36+00:00,2,249,0,2.24,2.325,60.29,5.5,phase-4
2026-08-28T15:17:36+00:00,2,250,0,2.76,1.116,82.58,4.5,phase-4
2026-08-28T15:17:36+00:00,2,251,0,0.08,0.312,5.38,4.0,phase-4
2026-08-28T15:17:36+00:00,2,252,0,0.08,0.312,5.38,4.0,phase-4
2026-08-28T15:17:36+00:00,2,253,0,1.4,0.907,68.96,5.0,phase-4
2026-08-28T15:17:36+00:00,2,254,0,0.88,1.829,46.96,4.5,phase-4
2026-08-28T15:17:36+00:00,2,255,0,0.47,1.459,34.28,4.5,phase-4
2026-08-28T15:17:36+00:00,2,256,0,0.85,1.674,44.68,4.5,phase-4
2026-08-28T15:17:36+00:00,2,257,0,1.18,1.077,68.79,4.5,phase-4
2026-08-28T15:17:36+00:00,2,258,0,1.17,1.076,56.8,4.5,phase-4
2026-08-28T15:17:36+00:00,2,259,0,0.66,1.676,30.34,4.0,phase-4
2026-08-28T15:17:36+00:00,2,260,0,4.46,10.517,74.47,6.5,phase-4
2026-08-28T15:17:36+00:00,2,261,0,2.21,1.472,70.17,5.5,phase-4
2026-08-28T15:17:36+00:00,2,262,0,1.45,1.516,47.62,5.5,phase-4
2026-08-28T15:17:36+00:00,2,263,0,0.99,1.336,27.77,5.5,phase-4
2026-08-28T15:17:36+00:00,2,264,0,0.93,1.301,33.73,5.5,phase-4
2026-08-28T15:17:36+00:00,2,265,0,2.11,0.537,77.06,5.0,phase-4
2026-08-28T15:17:36+00:00,2,266,0,0.0,0.0,0.0,5.0,phase-4
2026-08-28T15:17:36+00:00,2,267,0,1.45,1.152,52.61,5.0,phase-4
2026-08-28T15:17:36+00:00,2,268,0,1.34,1.677,43.13,5.5,phase-4
2026-08-28T15:17:36+00:00,2,269,0,1.45,2.303,47.38,4.5,phase-4
2026-08-28T15:17:36+00:00,2,270,0,0.41,0.792,7.15,4.5,phase-4
2026-08-28T15:17:36+00:00,2,271,0,0.69,1.172,25.6,5.5,phase-4
2026-08-28T15:17:36+00:00,2,272,0,0.11,0.339,5.38,4.5,phase-4
2026-08-28T15:17:36+00:00,2,273,0,0.15,0.493,7.61,4.0,phase-4
2026-08-28T15:17:36+00:00,2,274,0,0.0,0.0,0.0,4.5,phase-4
2026-08-28T15:17:36+00:00,2,277,0,0.69,1.748,34.82,4.0,phase-4
2026-08-28T15:17:36+00:00,2,278,0,0.0,0.0,0.0,4.0,phase-4
2026-08-28T15:17:36+00:00,2,279,0,1.33,1.649,42.72,4.0,phase-4
2026-08-28T15:17:36+00:00,2,280,0,2.44,2.434,90.0,4.0,phase-4
2026-08-28T15:17:36+00:00,2,281,0,0.23,0.73,10.11,4.0,phase-4
2026-08-28T15:17:36+00:00,2,282,0,0.73,1.727,32.32,4.0,phase-4
2026-08-28T15:17:36+00:00,2,283,0,0.0,0.0,0.0,4.0,phase-4
2026-08-28T15:17:36+00:00,2,284,0,0.15,0.493,7.61,4.0,phase-4
2026-08-28T15:17:36+00:00,2,285,0,0.69,1.13,16.94,4.0,phase-4
2026-08-28T15:17:36+00:00,2,286,0,2.12,0.267,90.0,5.0,phase-4
2026-08-28T15:17:36+00:00,2,287,0,-0.4,0.033,28.76,5.0,phase-4
2026-08-28T15:17:36+00:00,2,288,0,1.17,0.214,31.96,4.5,phase-4
2026-08-28T15:17:36+00:00,2,289,0,1.11,0.167,90.0,4.5,phase-4
2026-08-28T15:17:36+00:00,2,290,0,2.42,0.666,90.0,4.5,phase-4
2026-08-28T15:17:36+00:00,2,291,0,0.0,0.0,0.0,4.5,phase-4
2026-08-28T15:17:36+00:00,2,292,0,0.18,0.347,7.61,5.0,phase-4
2026-08-28T15:17:36+00:00,2,294,0,0.0,0.0,0.0,4.5,phase-4
2026-08-28T15:17:36+00:00,2,295,0,1.88,2.724,60.66,5.5,phase-4
2026-08-28T15:17:36+00:00,2,296,0,0.18,0.347,7.61,5.0,phase-4
2026-08-28T15:17:36+00:00,2,297,0,0.0,0.0,0.0,4.5,phase-4
2026-08-28T15:17:36+00:00,2,299,0,0.0,0.0,0.0,4.5,phase-4
2026-08-28T15:17:36+00:00,2,300,0,0.57,0.967,17.25,4.5,phase-4
2026-08-28T15:17:36+00:00,2,301,0,1.01,1.424,28.38,4.0,phase-4
2026-08-28T15:17:36+00:00,2,302,0,0.21,0.342,5.23,4.0,phase-4
2026-08-28T15:17:36+00:00,2,303,0,0.09,0.33,5.23,4.0,phase-4
2026-08-28T15:17:36+00:00,2,304,0,2.29,1.409,76.26,4.0,phase-4
2026-08-28T15:17:36+00:00,2,305,0,1.31,1.382,72.24,4.0,phase-4
2026-08-28T15:17:36+00:00,2,306,0,1.48,1.102,62.85,4.0,phase-4
2026-08-28T15:17:36+00:00,2,307,0,0.62,1.713,32.64,4.0,phase-4
2026-08-28T15:17:36+00:00,2,308,0,1.04,0.211,22.81,4.0,phase-4
2026-08-28T15:17:36+00:00,2,309,0,2.54,0.76,80.28,5.0,phase-4
2026-08-28T15:17:36+00:00,2,310,0,0.0,0.0,0.0,5.0,phase-4
2026-08-28T15:17:36+00:00,2,311,0,0.0,0.0,0.0,5.0,phase-4
2026-08-28T15:17:36+00:00,2,312,0,0.0,0.0,0.0,4.5,phase-4
2026-08-28T15:17:36+00:00,2,313,0,1.13,1.751,30.41,5.5,phase-4
2026-08-28T15:17:36+00:00,2,314,0,0.26,0.463,10.39,5.0,phase-4
2026-08-28T15:17:36+00:00,2,315,0,0.76,1.217,23.92,5.5,phase-4
2026-08-28T15:17:36+00:00,2,316,0,3.51,2.756,78.88,5.5,phase-4
2026-08-28T15:17:36+00:00,2,317,0,0.0,0.0,0.0,5.0,phase-4
2026-08-28T15:17:36+00:00,2,318,0,0.0,0.0,0.0,5.5,phase-4
2026-08-28T15:17:36+00:00,2,319,0,0.0,0.0,0.0,5.0,phase-4
2026-08-28T15:17:36+00:00,2,320,0,1.08,0.021,22.81,5.0,phase-4
2026-08-28T15:17:36+00:00,2,321,0,0.47,0.975,10.4,4.5,phase-4
2026-08-28T15:17:36+00:00,2,322,0,0.0,0.0,0.0,5.0,phase-4
2026-08-28T15:17:36+00:00,2,323,0,0.63,1.142,23.36,4.5,phase-4
2026-08-28T15:17:36+00:00,2,324,0,0.12,0.245,5.23,5.0,phase-4
2026-08-28T15:17:36+00:00,2,325,0,2.23,3.076,48.72,4.5,phase-4
2026-08-28T15:17:36+00:00,2,326,0,1.56,3.08,36.0,4.5,phase-4
2026-08-28T15:17:36+00:00,2,327,0,3.03,4.424,58.18,5.0,phase-4
2026-08-28T15:17:36+00:00,2,328,0,1.59,1.044,81.27,5.0,phase-4
2026-08-28T15:17:36+00:00,2,329,0,3.47,4.903,75.84,4.5,phase-4
2026-08-28T15:17:36+00:00,2,330,0,3.24,4.954,74.47,4.5,phase-4
2026-08-28T15:17:36+00:00,2,331,0,1.84,3.38,49.44,4.5,phase-4
2026-08-28T15:17:36+00:00,2,332,0,2.78,4.35,58.31,4.5,phase-4
2026-08-28T15:17:36+00:00,2,333,0,0.0,0.0,0.0,4.5,phase-4
2026-08-28T15:17:36+00:00,2,334,0,3.66,4.69,82.76,5.0,phase-4
2026-08-28T15:17:36+00:00,2,335,0,3.68,5.649,68.94,6.0,phase-4
2026-08-28T15:17:36+00:00,2,336,0,2.73,7.771,41.75,6.0,phase-4
2026-08-28T15:17:36+00:00,2,337,0,3.33,4.922,71.1,5.5,phase-4
2026-08-28T15:17:36+00:00,2,338,0,3.13,1.407,78.61,5.5,phase-4
2026-08-28T15:17:36+00:00,2,339,0,1.11,2.221,26.05,5.0,phase-4
2026-08-28T15:17:36+00:00,2,340,0,0.0,0.0,0.0,5.0,phase-4
2026-08-28T15:17:36+00:00,2,341,0,0.38,0.916,9.77,5.0,phase-4
2026-08-28T15:17:36+00:00,2,342,0,0.0,0.0,0.0,5.0,phase-4
2026-08-28T15:17:36+00:00,2,343,0,0.46,0.722,16.02,5.0,phase-4
2026-08-28T15:17:36+00:00,2,344,0,0.0,0.0,0.0,5.0,phase-4
2026-08-28T15:17:36+00:00,2,345,0,1.2,2.005,32.67,5.0,phase-4
2026-08-28T15:17:36+00:00,2,346,0,3.51,7.58,71.71,6.0,phase-4
2026-08-28T15:17:36+00:00,2,347,0,1.43,3.464,26.63,5.5,phase-4
2026-08-28T15:17:36+00:00,2,348,0,0.0,0.0,0.0,5.0,phase-4
2026-08-28T15:17:36+00:00,2,349,0,0.0,0.0,0.0,4.5,phase-4
2026-08-28T15:17:36+00:00,2,350,0,3.18,3.478,71.39,5.5,phase-4
2026-08-28T15:17:36+00:00,2,351,0,1.18,2.52,24.92,5.0,phase-4
2026-08-28T15:17:36+00:00,2,352,0,0.46,1.113,9.65,4.0,phase-4
2026-08-28T15:17:36+00:00,2,354,0,0.0,0.0,0.0,4.0,phase-4
2026-08-28T15:17:36+00:00,2,355,0,0.23,0.681,5.82,4.0,phase-4
2026-08-28T15:17:36+00:00,2,356,0,5.56,11.803,89.28,6.5,phase-4
2026-08-28T15:17:36+00:00,2,357,0,2.09,5.18,39.68,5.5,phase-4
2026-08-28T15:17:36+00:00,2,358,0,2.99,5.222,72.56,5.5,phase-4
2026-08-28T15:17:36+00:00,2,359,0,0.0,0.0,0.0,5.0,phase-4
2026-08-28T15:17:36+00:00,2,360,0,0.0,0.0,0.0,5.0,phase-4
2026-08-28T15:17:36+00:00,2,361,0,0.23,0.681,5.82,4.0,phase-4
2026-08-28T15:17:36+00:00,2,362,0,3.48,4.027,87.72,5.0,phase-4
2026-08-28T15:17:36+00:00,2,363,0,0.0,0.0,0.0,4.0,phase-4
2026-08-28T15:17:36+00:00,2,364,0,0.23,0.681,5.82,5.0,phase-4
2026-08-28T15:17:36+00:00,2,366,0,3.7,6.81,72.19,7.5,phase-4
2026-08-28T15:17:36+00:00,2,367,0,4.22,8.95,80.34,7.0,phase-4
2026-08-28T15:17:36+00:00,2,368,0,5.25,11.268,86.3,7.0,phase-4
2026-08-28T15:17:36+00:00,2,369,0,1.2,2.778,24.69,6.0,phase-4
2026-08-28T15:17:36+00:00,2,370,0,0.0,0.0,0.0,5.5,phase-4
2026-08-28T15:17:36+00:00,2,371,0,4.01,5.676,83.32,6.0,phase-4
2026-08-28T15:17:36+00:00,2,372,0,2.65,2.484,71.58,5.5,phase-4
2026-08-28T15:17:36+00:00,2,373,0,1.53,1.671,38.91,5.5,phase-4
2026-08-28T15:17:36+00:00,2,374,0,0.28,0.597,7.73,5.0,phase-4
2026-08-28T15:17:36+00:00,2,375,0,0.3,0.43,5.82,5.0,phase-4
2026-08-28T15:17:36+00:00,2,376,0,0.0,0.0,0.0,5.0,phase-4
2026-08-28T15:17:36+00:00,2,377,0,1.83,1.186,25.36,6.5,phase-4
2026-08-28T15:17:36+00:00,2,378,0,0.16,0.29,5.82,4.5,phase-4
2026-08-28T15:17:36+00:00,2,379,0,1.51,3.993,30.56,9.0,phase-4
2026-08-28T15:17:36+00:00,2,380,0,0.0,0.0,0.0,7.5,phase-4
2026-08-28T15:17:36+00:00,2,381,0,0.8,1.353,13.88,5.0,phase-4
2026-08-28T15:17:36+00:00,2,382,0,0.0,0.0,0.0,4.5,phase-4
2026-08-28T15:17:36+00:00,2,383,0,0.23,0.39,7.73,5.5,phase-4
2026-08-28T15:17:36+00:00,2,384,0,2.58,1.449,83.47,5.5,phase-4
2026-08-28T15:17:36+00:00,2,385,0,1.06,2.229,21.12,5.0,phase-4
2026-08-28T15:17:36+00:00,2,386,0,0.1,0.365,5.83,4.5,phase-4
2026-08-28T15:17:36+00:00,2,387,0,2.07,4.025,76.01,6.5,phase-4
2026-08-28T15:17:36+00:00,2,388,0,2.7,5.233,84.96,6.0,phase-4
2026-08-28T15:17:36+00:00,2,389,0,1.37,2.484,54.9,6.0,phase-4
2026-08-28T15:17:36+00:00,2,390,0,1.63,1.752,68.53,5.5,phase-4
2026-08-28T15:17:36+00:00,2,391,0,1.34,2.755,48.88,5.5,phase-4
2026-08-28T15:17:36+00:00,2,392,0,0.62,1.64,28.79,5.5,phase-4
2026-08-28T15:17:36+00:00,2,393,0,1.24,1.222,50.42,5.5,phase-4
2026-08-28T15:17:36+00:00,2,394,0,0.0,0.0,0.0,5.0,phase-4
2026-08-28T15:17:36+00:00,2,395,0,0.41,1.463,22.83,4.5,phase-4
2026-08-28T15:17:36+00:00,2,396,0,0.1,0.365,5.83,4.5,phase-4
2026-08-28T15:17:36+00:00,2,397,0,3.46,6.562,87.95,8.5,phase-4
2026-08-28T15:17:36+00:00,2,398,0,2.5,3.481,66.83,7.0,phase-4
2026-08-28T15:17:36+00:00,2,399,0,3.02,3.782,51.44,7.5,phase-4
2026-08-28T15:17:36+00:00,2,400,0,0.0,0.0,0.0,7.5,phase-4
2026-08-28T15:17:36+00:00,2,401,0,0.78,2.027,16.67,7.0,phase-4
2026-08-28T15:17:36+00:00,2,402,0,0.0,0.0,0.0,6.5,phase-4
2026-08-28T15:17:36+00:00,2,403,0,0.65,1.36,17.41,6.5,phase-4
2026-08-28T15:17:36+00:00,2,404,0,0.0,0.0,0.0,6.0,phase-4
2026-08-28T15:17:36+00:00,2,405,0,1.16,1.215,41.17,5.5,phase-4
2026-08-28T15:17:36+00:00,2,406,0,0.24,0.455,7.74,5.5,phase-4
2026-08-28T15:17:36+00:00,2,407,0,0.14,0.27,5.83,5.0,phase-4
2026-08-28T15:17:36+00:00,2,409,0,0.15,0.286,5.83,4.5,phase-4
2026-08-28T15:17:36+00:00,2,410,0,0.17,0.305,5.83,5.0,phase-4
2026-08-28T15:17:36+00:00,2,411,0,4.36,8.327,83.47,15.5,phase-4
2026-08-28T15:17:36+00:00,2,412,0,3.21,3.385,73.3,5.0,phase-4
2026-08-28T15:17:36+00:00,2,413,0,0.0,0.0,0.0,4.5,phase-4
2026-08-28T15:17:36+00:00,2,414,0,0.0,0.0,0.0,4.0,phase-4
2026-08-28T15:17:36+00:00,2,415,0,2.05,6.183,40.83,6.0,phase-4
2026-08-28T15:17:36+00:00,2,416,0,0.0,0.0,0.0,5.0,phase-4
2026-08-28T15:17:36+00:00,2,417,0,2.97,4.461,62.58,5.0,phase-4
2026-08-28T15:17:36+00:00,2,418,0,2.27,4.429,51.38,5.0,phase-4
2026-08-28T15:17:36+00:00,2,419,0,1.15,2.719,30.24,5.0,phase-4
2026-08-28T15:17:36+00:00,2,420,0,1.72,2.893,42.57,5.0,phase-4
2026-08-28T15:17:36+00:00,2,421,0,1.32,3.348,33.45,4.5,phase-4
2026-08-28T15:17:36+00:00,2,422,0,1.36,3.596,33.52,4.5,phase-4
2026-08-28T15:17:36+00:00,2,423,0,3.17,4.431,81.45,4.5,phase-4
2026-08-28T15:17:36+00:00,2,424,0,0.2,0.592,5.31,4.0,phase-4
2026-08-28T15:17:36+00:00,2,425,0,0.0,0.0,0.0,4.0,phase-4
2026-08-28T15:17:36+00:00,2,426,0,6.22,14.013,77.37,12.0,phase-4
2026-08-28T15:17:36+00:00,2,427,0,4.32,11.179,71.94,8.0,phase-4
2026-08-28T15:17:36+00:00,2,428,0,4.11,9.808,69.21,8.0,phase-4
2026-08-28T15:17:36+00:00,2,429,0,1.16,0.155,23.14,7.0,phase-4
2026-08-28T15:17:36+00:00,2,430,0,0.73,1.86,19.67,5.5,phase-4
2026-08-28T15:17:36+00:00,2,431,0,0.0,0.0,0.0,5.9,phase-4
2026-08-28T15:17:36+00:00,2,432,0,1.79,1.431,43.44,5.5,phase-4
2026-08-28T15:17:36+00:00,2,433,0,0.0,0.0,0.0,5.0,phase-4
2026-08-28T15:17:36+00:00,2,434,0,0.15,0.268,5.31,5.0,phase-4
2026-08-28T15:17:36+00:00,2,435,0,0.17,0.287,5.31,5.0,phase-4
2026-08-28T15:17:36+00:00,2,436,0,0.14,0.264,5.31,5.0,phase-4
2026-08-28T15:17:36+00:00,2,437,0,0.15,0.276,5.31,4.5,phase-4
2026-08-28T15:17:36+00:00,2,438,0,0.19,0.313,5.31,4.5,phase-4
2026-08-28T15:17:36+00:00,2,439,0,2.73,6.12,42.87,7.0,phase-4
2026-08-28T15:17:36+00:00,2,440,0,0.48,1.255,14.94,5.5,phase-4
2026-08-28T15:17:36+00:00,2,441,0,0.12,0.242,5.31,4.5,phase-4
2026-08-28T15:17:36+00:00,2,442,0,2.53,1.128,63.71,5.0,phase-4
2026-08-28T15:17:36+00:00,2,443,0,0.1,0.357,5.69,4.5,phase-4
2026-08-28T15:17:36+00:00,2,444,0,0.1,0.357,5.69,4.5,phase-4
2026-08-28T15:17:36+00:00,2,445,0,2.37,2.594,80.0,5.0,phase-4
2026-08-28T15:17:36+00:00,2,446,0,0.66,1.514,28.84,5.0,phase-4
2026-08-28T15:17:36+00:00,2,447,0,1.76,1.281,59.94,5.0,phase-4
2026-08-28T15:17:36+00:00,2,448,0,0.0,0.0,0.0,5.0,phase-4
2026-08-28T15:17:36+00:00,2,449,0,1.62,1.558,66.88,5.0,phase-4
2026-08-28T15:17:36+00:00,2,450,0,0.0,0.0,0.0,5.0,phase-4
2026-08-28T15:17:36+00:00,2,451,0,0.0,0.0,0.0,4.0,phase-4
2026-08-28T15:17:36+00:00,2,452,0,1.87,3.251,45.15,6.9,phase-4
2026-08-28T15:17:36+00:00,2,453,0,2.17,2.438,59.6,6.0,phase-4
2026-08-28T15:17:36+00:00,2,454,0,1.37,1.37,43.98,6.0,phase-4
2026-08-28T15:17:36+00:00,2,455,0,2.06,1.137,62.3,5.5,phase-4
2026-08-28T15:17:36+00:00,2,456,0,1.32,1.263,42.37,5.0,phase-4
2026-08-28T15:17:36+00:00,2,457,0,1.26,1.76,44.15,6.0,phase-4
2026-08-28T15:17:36+00:00,2,458,0,0.0,0.0,0.0,5.5,phase-4
2026-08-28T15:17:36+00:00,2,459,0,1.64,1.282,49.02,5.5,phase-4
2026-08-28T15:17:36+00:00,2,460,0,1.15,1.576,30.01,5.0,phase-4
2026-08-28T15:17:36+00:00,2,461,0,0.14,0.264,5.69,6.0,phase-4
2026-08-28T15:17:36+00:00,2,462,0,2.05,0.142,85.76,5.0,phase-4
2026-08-28T15:17:36+00:00,2,463,0,1.81,2.859,50.51,6.0,phase-4
2026-08-28T15:17:36+00:00,2,464,0,0.62,1.512,25.21,6.0,phase-4
2026-08-28T15:17:36+00:00,2,465,0,0.0,0.0,0.0,6.0,phase-4
2026-08-28T15:17:36+00:00,2,466,0,0.14,0.271,5.69,4.5,phase-4
2026-08-28T15:17:36+00:00,2,467,0,2.96,1.085,81.17,5.0,phase-4
2026-08-28T15:17:36+00:00,2,468,0,0.34,0.851,16.13,4.5,phase-4
2026-08-28T15:17:36+00:00,2,469,0,1.67,1.856,90.0,5.0,phase-4
2026-08-28T15:17:36+00:00,2,470,0,0.68,1.56,37.92,5.0,phase-4
2026-08-28T15:17:36+00:00,2,471,0,1.88,1.462,90.0,5.5,phase-4
2026-08-28T15:17:36+00:00,2,472,0,1.84,1.244,72.7,5.5,phase-4
2026-08-28T15:17:36+00:00,2,473,0,1.0,1.723,54.99,4.5,phase-4
2026-08-28T15:17:36+00:00,2,474,0,0.3,1.274,27.91,4.5,phase-4
2026-08-28T15:17:36+00:00,2,475,0,0.0,0.0,0.0,4.5,phase-4
2026-08-28T15:17:36+00:00,2,476,0,0.09,0.355,6.1,4.0,phase-4
2026-08-28T15:17:36+00:00,2,477,0,0.16,0.567,10.12,4.0,phase-4
2026-08-28T15:17:36+00:00,2,478,0,0.2,0.68,12.2,4.5,phase-4
2026-08-28T15:17:36+00:00,2,479,0,0.09,0.355,6.1,4.0,phase-4
2026-08-28T15:17:36+00:00,2,480,0,3.35,5.455,88.98,8.0,phase-4
2026-08-28T15:17:36+00:00,2,481,0,3.83,1.924,87.95,6.4,phase-4
2026-08-28T15:17:36+00:00,2,482,0,1.71,1.661,52.02,6.0,phase-4
2026-08-28T15:17:36+00:00,2,483,0,1.14,1.352,43.94,5.5,phase-4
2026-08-28T15:17:36+00:00,2,484,0,1.69,1.276,47.43,5.5,phase-4
2026-08-28T15:17:36+00:00,2,485,0,0.0,0.0,0.0,5.5,phase-4
2026-08-28T15:17:36+00:00,2,486,0,0.56,0.943,19.89,5.5,phase-4
2026-08-28T15:17:36+00:00,2,487,0,1.0,1.301,40.18,5.0,phase-4
2026-08-28T15:17:36+00:00,2,488,0,0.0,0.0,0.0,5.0,phase-4
2026-08-28T15:17:36+00:00,2,489,0,0.63,1.168,17.04,4.5,phase-4
2026-08-28T15:17:36+00:00,2,490,0,0.89,1.548,29.22,6.0,phase-4
2026-08-28T15:17:36+00:00,2,491,0,2.39,2.064,77.32,6.0,phase-4
2026-08-28T15:17:36+00:00,2,492,0,1.02,2.824,15.21,5.5,phase-4
2026-08-28T15:17:36+00:00,2,493,0,0.25,0.385,6.1,5.5,phase-4
2026-08-28T15:17:36+00:00,2,494,0,0.0,0.0,0.0,4.5,phase-4
2026-08-28T15:17:36+00:00,2,495,0,0.17,0.515,4.6,4.0,phase-4
2026-08-28T15:17:36+00:00,2,496,0,0.96,2.236,22.78,4.5,phase-4
2026-08-28T15:17:36+00:00,2,497,0,2.89,3.36,61.26,4.0,phase-4
2026-08-28T15:17:36+00:00,2,498,0,3.87,4.833,69.36,6.0,phase-4
2026-08-28T15:17:36+00:00,2,499,0,2.38,3.901,57.73,5.5,phase-4
2026-08-28T15:17:36+00:00,2,500,0,0.0,0.0,0.0,5.0,phase-4
2026-08-28T15:17:36+00:00,2,501,0,1.1,2.832,31.73,5.0,phase-4
2026-08-28T15:17:36+00:00,2,502,0,1.54,3.086,34.18,4.5,phase-4
2026-08-28T15:17:36+00:00,2,503,0,2.62,5.725,61.26,5.0,phase-4
2026-08-28T15:17:36+00:00,2,504,0,1.57,1.664,90.0,5.0,phase-4
2026-08-28T15:17:36+00:00,2,505,0,0.0,0.0,0.0,4.5,phase-4
2026-08-28T15:17:36+00:00,2,506,0,1.17,2.874,28.87,4.5,phase-4
2026-08-28T15:17:36+00:00,2,508,0,0.38,1.565,7.62,4.0,phase-4
2026-08-28T15:17:36+00:00,2,509,0,0.32,0.665,4.6,4.0,phase-4
2026-08-28T15:17:36+00:00,2,510,0,0.32,0.665,4.6,4.0,phase-4
2026-08-28T15:17:36+00:00,2,511,0,0.23,0.833,7.62,4.0,phase-4
2026-08-28T15:17:36+00:00,2,512,0,1.05,2.268,24.95,6.5,phase-4
2026-08-28T15:17:36+00:00,2,513,0,0.0,0.0,0.0,6.0,phase-4
2026-08-28T15:17:36+00:00,2,514,0,1.89,3.721,37.78,6.0,phase-4
2026-08-28T15:17:36+00:00,2,515,0,0.12,0.199,3.44,6.5,phase-4
2026-08-28T15:17:36+00:00,2,516,0,1.5,1.278,44.74,5.5,phase-4
2026-08-28T15:17:36+00:00,2,517,0,0.0,0.0,0.0,5.5,phase-4
2026-08-28T15:17:36+00:00,2,518,0,0.0,0.0,0.0,4.9,phase-4
2026-08-28T15:17:36+00:00,2,519,0,0.92,1.623,33.09,5.5,phase-4
2026-08-28T15:17:36+00:00,2,520,0,1.02,1.902,28.56,5.5,phase-4
2026-08-28T15:17:36+00:00,2,521,0,0.0,0.0,0.0,6.5,phase-4
2026-08-28T15:17:36+00:00,2,522,0,1.35,2.272,40.19,5.0,phase-4
2026-08-28T15:17:36+00:00,2,523,0,2.37,2.66,69.31,5.0,phase-4
2026-08-28T15:17:36+00:00,2,524,0,0.14,0.252,4.6,4.5,phase-4
2026-08-28T15:17:36+00:00,2,525,0,2.5,2.586,61.26,6.0,phase-4
2026-08-28T15:17:36+00:00,2,526,0,0.91,2.025,23.53,6.0,phase-4
2026-08-28T15:17:36+00:00,2,527,0,2.91,6.19,48.6,6.0,phase-4
2026-08-28T15:17:36+00:00,2,528,0,0.25,0.36,4.6,4.5,phase-4
2026-08-28T15:17:36+00:00,2,529,0,3.48,3.644,77.72,5.0,phase-4
2026-08-28T15:17:36+00:00,2,531,0,0.51,1.18,10.59,4.5,phase-4
2026-08-28T15:17:36+00:00,2,532,0,3.0,4.672,62.7,5.0,phase-4
2026-08-28T15:17:36+00:00,2,533,0,3.42,6.384,66.97,5.5,phase-4
2026-08-28T15:17:36+00:00,2,534,0,3.23,5.569,76.36,4.5,phase-4
2026-08-28T15:17:36+00:00,2,535,0,2.86,3.659,66.97,5.0,phase-4
2026-08-28T15:17:36+00:00,2,536,0,2.44,3.776,59.45,4.5,phase-4
2026-08-28T15:17:36+00:00,2,537,0,0.27,0.784,7.08,4.5,phase-4
2026-08-28T15:17:36+00:00,2,539,0,0.69,2.368,22.63,4.0,phase-4
2026-08-28T15:17:36+00:00,2,540,0,0.0,0.0,0.0,4.0,phase-4
2026-08-28T15:17:36+00:00,2,541,0,3.17,4.298,81.83,4.5,phase-4
2026-08-28T15:17:36+00:00,2,542,0,3.51,5.187,74.99,6.0,phase-4
2026-08-28T15:17:36+00:00,2,543,0,1.77,3.958,35.89,5.5,phase-4
2026-08-28T15:17:36+00:00,2,544,0,3.23,2.388,73.63,5.5,phase-4
2026-08-28T15:17:36+00:00,2,545,0,2.19,0.951,74.99,5.0,phase-4
2026-08-28T15:17:36+00:00,2,546,0,0.0,0.0,0.0,5.0,phase-4
2026-08-28T15:17:36+00:00,2,547,0,0.28,0.598,9.87,5.0,phase-4
2026-08-28T15:17:36+00:00,2,548,0,0.81,1.444,24.59,5.0,phase-4
2026-08-28T15:17:36+00:00,2,549,0,2.06,3.357,42.13,5.5,phase-4
2026-08-28T15:17:36+00:00,2,550,0,0.2,0.353,7.08,5.0,phase-4
2026-08-28T15:17:36+00:00,2,551,0,0.58,1.295,22.63,5.0,phase-4
2026-08-28T15:17:36+00:00,2,552,0,2.52,5.477,55.42,6.0,phase-4
2026-08-28T15:17:36+00:00,2,553,0,1.76,3.893,31.15,5.5,phase-4
2026-08-28T15:17:36+00:00,2,555,0,0.21,0.623,5.6,4.0,phase-4
2026-08-28T15:17:36+00:00,2,556,0,0.3,0.641,7.61,4.0,phase-4
2026-08-28T15:17:36+00:00,2,557,0,0.65,1.145,17.13,6.5,phase-4
2026-08-28T15:17:36+00:00,2,558,0,0.94,0.665,19.42,5.0,phase-4
2026-08-28T15:17:36+00:00,2,559,0,0.96,1.196,15.83,5.0,phase-4
2026-08-28T15:17:36+00:00,2,560,0,0.18,0.556,4.97,4.5,phase-4
2026-08-28T15:17:36+00:00,2,561,0,0.18,0.556,4.97,4.5,phase-4
2026-08-28T15:17:36+00:00,2,562,0,2.18,1.229,80.28,5.5,phase-4
2026-08-28T15:17:36+00:00,2,563,0,0.18,0.347,7.61,5.0,phase-4
2026-08-28T15:17:36+00:00,2,564,0,1.63,1.336,80.28,4.5,phase-4
2026-08-28T15:17:36+00:00,2,565,0,3.04,2.084,70.81,5.6,phase-4
2026-08-28T15:17:36+00:00,2,566,0,2.24,3.789,90.0,5.0,phase-4
2026-08-28T15:17:36+00:00,2,567,0,0.95,1.508,87.29,5.0,phase-4
2026-08-28T15:17:36+00:00,2,568,0,0.13,0.249,4.97,5.5,phase-4
2026-08-28T15:17:36+00:00,2,569,0,3.32,2.048,82.58,6.0,phase-4
2026-08-28T15:17:36+00:00,2,570,0,2.1,0.565,81.14,5.5,phase-4
2026-08-28T15:17:36+00:00,2,571,0,0.96,1.158,38.2,5.0,phase-4
2026-08-28T15:17:36+00:00,2,572,0,3.35,3.053,90.0,4.5,phase-4
2026-08-28T15:17:36+00:00,2,573,0,0.24,0.712,6.45,4.5,phase-4
2026-08-28T15:17:36+00:00,2,574,0,0.18,0.347,7.61,5.0,phase-4
2026-08-28T15:17:36+00:00,2,575,0,0.88,0.258,85.67,5.0,phase-4
2026-08-28T15:17:36+00:00,2,576,0,2.2,0.262,90.0,5.0,phase-4
2026-08-28T15:17:36+00:00,2,577,0,0.22,0.64,5.6,4.5,phase-4
2026-08-28T15:17:36+00:00,2,578,0,0.13,0.249,4.97,5.5,phase-4
2026-08-28T15:17:36+00:00,2,579,0,1.22,0.523,23.13,5.5,phase-4
2026-08-28T15:17:36+00:00,2,580,0,1.16,0.101,23.46,5.0,phase-4
2026-08-28T15:17:36+00:00,2,581,0,0.09,0.355,6.1,5.5,phase-4
2026-08-28T15:17:36+00:00,2,582,0,0.0,0.0,0.0,5.5,phase-4
2026-08-28T15:17:36+00:00,2,583,0,1.13,0.394,21.67,5.0,phase-4
2026-08-28T15:17:36+00:00,2,584,0,2.76,3.638,74.28,5.5,phase-4
2026-08-28T15:17:36+00:00,2,585,0,1.1,0.203,33.2,4.0,phase-4
2026-08-28T15:17:36+00:00,2,586,0,3.53,4.379,90.0,4.0,phase-4
2026-08-28T15:17:36+00:00,2,587,0,0.1,0.365,5.83,5.0,phase-4
2026-08-28T15:17:36+00:00,2,588,0,1.45,0.797,24.43,5.0,phase-4
2026-08-28T15:17:36+00:00,2,589,0,0.18,0.347,7.61,5.0,phase-4
2026-08-28T15:17:36+00:00,2,590,0,0.09,0.355,6.1,4.5,phase-4
2026-08-28T15:17:36+00:00,2,591,0,2.71,1.592,78.88,5.5,phase-4
2026-08-28T15:17:36+00:00,2,592,0,0.5,1.124,10.4,4.0,phase-4
2026-08-28T15:17:36+00:00,2,593,0,1.49,1.429,87.29,4.5,phase-4
2026-08-28T15:17:36+00:00,2,594,0,0.14,0.286,6.34,6.0,phase-4
2026-08-28T15:17:36+00:00,2,595,0,0.15,0.278,5.6,5.0,phase-4
2026-08-28T15:17:36+00:00,2,596,0,0.6,1.421,10.74,4.5,phase-4
2026-08-28T15:17:36+00:00,2,597,0,0.25,0.744,6.75,5.0,phase-4
2026-08-28T15:17:36+00:00,2,598,0,0.21,0.625,5.39,4.5,phase-4
2026-08-28T15:17:36+00:00,2,599,0,0.13,0.258,5.68,5.0,phase-4
2026-08-28T15:17:36+00:00,2,600,0,0.94,1.322,15.13,5.0,phase-4
2026-08-28T15:17:36+00:00,2,601,0,0.12,0.231,4.6,4.5,phase-4
2026-08-28T15:17:36+00:00,2,602,0,0.12,0.245,5.23,4.5,phase-4
2026-08-28T15:17:36+00:00,2,603,0,0.21,0.625,5.39,4.0,phase-4
2026-08-28T15:17:36+00:00,2,604,0,0.15,0.27,5.39,4.5,phase-4
2026-08-28T15:17:36+00:00,2,605,0,0.28,0.429,6.34,4.5,phase-4
2026-08-28T15:17:36+00:00,2,606,0,0.25,0.744,6.75,4.0,phase-4
2026-08-28T15:17:36+00:00,2,607,0,0.18,0.33,6.75,4.5,phase-4
2026-08-28T15:17:36+00:00,2,608,0,0.4,0.933,6.45,5.0,phase-4
2026-08-28T15:17:36+00:00,2,609,0,0.1,0.357,5.69,4.0,phase-4
2026-08-28T15:17:36+00:00,2,610,0,0.06,0.237,4.03,4.0,phase-4
2026-08-28T15:17:36+00:00,2,611,0,2.58,3.533,65.15,4.5,phase-4
2026-08-28T15:17:36+00:00,2,612,0,0.0,0.0,0.0,4.5,phase-4
2026-08-28T15:17:36+00:00,2,613,0,0.14,0.265,5.33,4.5,phase-4
2026-08-28T15:17:36+00:00,2,614,0,0.1,0.367,6.34,4.5,phase-4
2026-08-28T15:17:36+00:00,2,615,0,0.24,0.712,6.45,4.5,phase-4
2026-08-28T15:17:36+00:00,2,616,0,0.14,0.27,5.83,5.5,phase-4
2026-08-28T15:17:36+00:00,2,617,0,0.18,0.347,7.61,5.0,phase-4
2026-08-28T15:17:36+00:00,2,618,0,0.18,0.33,6.75,6.0,phase-4
2026-08-28T15:17:36+00:00,2,619,0,0.12,0.245,5.23,5.0,phase-4
2026-08-28T15:17:36+00:00,2,620,0,1.27,1.493,56.57,4.5,phase-4
2026-09-04T07:55:28+00:00,3,1,0,2.82,2.784,81.1,6.0,phase-4
2026-09-04T07:55:28+00:00,3,2,0,0.24,0.598,6.94,5.0,phase-4
2026-09-04T07:55:28+00:00,3,3,0,0.15,0.464,5.36,5.0,phase-4
2026-09-04T07:55:28+00:00,3,4,0,3.15,5.584,72.51,8.0,phase-4
2026-09-04T07:55:28+00:00,3,5,0,0.0,0.0,0.0,6.5,phase-4
2026-09-04T07:55:28+00:00,3,6,0,0.0,0.0,0.0,6.0,phase-4
2026-09-04T07:55:28+00:00,3,7,0,1.01,1.325,33.29,5.5,phase-4
2026-09-04T07:55:28+00:00,3,8,0,2.13,4.511,56.6,5.7,phase-4
2026-09-04T07:55:28+00:00,3,9,0,1.38,2.728,40.68,5.4,phase-4
2026-09-04T07:55:28+00:00,3,10,0,1.37,3.129,35.56,5.5,phase-4
2026-09-04T07:55:28+00:00,3,11,0,1.36,2.28,40.6,5.5,phase-4
2026-09-04T07:55:28+00:00,3,12,0,4.49,10.28,66.37,9.5,phase-4
2026-09-04T07:55:28+00:00,3,13,0,3.65,3.975,78.65,7.5,phase-4
2026-09-04T07:55:28+00:00,3,14,0,2.45,4.343,48.43,6.4,phase-4
2026-09-04T07:55:28+00:00,3,15,0,2.12,3.83,46.41,6.6,phase-4
2026-09-04T07:55:28+00:00,3,16,0,1.11,2.258,30.52,6.3,phase-4
2026-09-04T07:55:28+00:00,3,17,0,1.49,3.799,26.41,5.9,phase-4
2026-09-04T07:55:28+00:00,3,18,0,0.84,1.766,23.64,6.3,phase-4
2026-09-04T07:55:28+00:00,3,19,0,2.44,2.197,65.11,5.4,phase-4
2026-09-04T07:55:28+00:00,3,20,0,0.32,0.779,6.94,5.4,phase-4
2026-09-04T07:55:28+00:00,3,21,0,0.0,0.0,0.0,4.9,phase-4
2026-09-04T07:55:28+00:00,3,22,0,0.0,0.0,0.0,5.4,phase-4
2026-09-04T07:55:28+00:00,3,24,0,0.0,0.0,0.0,5.5,phase-4
2026-09-04T07:55:28+00:00,3,25,0,2.29,5.172,49.23,7.3,phase-4
2026-09-04T07:55:28+00:00,3,26,0,1.36,2.865,32.86,7.5,phase-4
2026-09-04T07:55:28+00:00,3,27,0,0.0,0.0,0.0,5.9,phase-4
2026-09-04T07:55:28+00:00,3,28,0,2.86,1.71,72.08,5.0,phase-4
2026-09-04T07:55:28+00:00,3,29,0,0.99,1.737,27.37,4.5,phase-4
2026-09-04T07:55:28+00:00,3,30,0,0.0,0.0,0.0,4.5,phase-4
2026-09-04T07:55:28+00:00,3,31,0,2.02,2.206,65.11,4.4,phase-4
2026-09-04T07:55:28+00:00,3,32,0,2.24,3.732,90.0,4.5,phase-4
2026-09-04T07:55:28+00:00,3,33,0,1.02,2.082,37.04,4.5,phase-4
2026-09-04T07:55:28+00:00,3,34,0,1.82,1.845,65.77,4.5,phase-4
2026-09-04T07:55:28+00:00,3,35,0,0.72,1.084,29.64,5.0,phase-4
2026-09-04T07:55:28+00:00,3,36,0,1.69,1.847,64.64,4.5,phase-4
2026-09-04T07:55:28+00:00,3,37,0,1.34,2.222,48.71,4.5,phase-4
2026-09-04T07:55:28+00:00,3,38,0,0.21,0.631,8.26,4.0,phase-4
2026-09-04T07:55:28+00:00,3,39,0,0.0,0.0,0.0,4.0,phase-4
2026-09-04T07:55:28+00:00,3,40,0,4.12,8.942,84.96,7.5,phase-4
2026-09-04T07:55:28+00:00,3,41,0,2.41,2.602,69.48,6.0,phase-4
2026-09-04T07:55:28+00:00,3,42,0,1.17,1.411,30.02,5.5,phase-4
2026-09-04T07:55:28+00:00,3,43,0,2.12,1.949,56.62,5.9,phase-4
2026-09-04T07:55:28+00:00,3,44,0,0.32,0.637,12.0,5.4,phase-4
2026-09-04T07:55:28+00:00,3,45,0,2.19,2.235,79.07,5.4,phase-4
2026-09-04T07:55:28+00:00,3,46,0,1.61,2.357,42.15,5.0,phase-4
2026-09-04T07:55:28+00:00,3,47,0,1.8,0.94,61.08,5.0,phase-4
2026-09-04T07:55:28+00:00,3,48,0,0.0,0.0,0.0,5.0,phase-4
2026-09-04T07:55:28+00:00,3,50,0,0.17,0.316,6.38,4.5,phase-4
2026-09-04T07:55:28+00:00,3,51,0,0.65,0.926,25.14,4.5,phase-4
2026-09-04T07:55:28+00:00,3,52,0,0.01,0.333,6.38,5.0,phase-4
2026-09-04T07:55:28+00:00,3,53,0,0.0,0.0,0.0,5.9,phase-4
2026-09-04T07:55:28+00:00,3,54,0,0.0,0.0,0.0,5.5,phase-4
2026-09-04T07:55:28+00:00,3,55,0,0.0,0.0,0.0,7.8,phase-4
2026-09-04T07:55:28+00:00,3,56,0,0.36,0.736,10.12,5.5,phase-4
2026-09-04T07:55:28+00:00,3,57,0,3.45,2.623,90.0,4.5,phase-4
2026-09-04T07:55:28+00:00,3,58,0,0.16,0.492,6.25,4.0,phase-4
2026-09-04T07:55:28+00:00,3,60,0,2.86,2.786,73.03,5.5,phase-4
2026-09-04T07:55:28+00:00,3,61,0,3.09,3.461,90.0,5.5,phase-4
2026-09-04T07:55:28+00:00,3,62,0,0.88,2.083,33.73,5.0,phase-4
2026-09-04T07:55:28+00:00,3,63,0,0.0,0.0,0.0,5.0,phase-4
2026-09-04T07:55:28+00:00,3,64,0,1.25,2.711,51.09,4.5,phase-4
2026-09-04T07:55:28+00:00,3,65,0,0.0,0.0,0.0,4.5,phase-4
2026-09-04T07:55:28+00:00,3,66,0,0.16,0.496,6.25,4.0,phase-4
2026-09-04T07:55:28+00:00,3,67,0,2.09,3.876,51.79,6.5,phase-4
2026-09-04T07:55:28+00:00,3,68,0,3.23,4.406,85.89,6.0,phase-4
2026-09-04T07:55:28+00:00,3,69,0,3.83,2.19,90.0,6.0,phase-4
2026-09-04T07:55:28+00:00,3,70,0,1.41,2.578,44.41,6.0,phase-4
2026-09-04T07:55:28+00:00,3,71,0,1.14,1.236,41.09,5.0,phase-4
2026-09-04T07:55:28+00:00,3,72,0,0.31,0.502,6.25,5.0,phase-4
2026-09-04T07:55:28+00:00,3,73,0,1.6,1.199,50.42,5.0,phase-4
2026-09-04T07:55:28+00:00,3,74,0,0.87,1.524,31.9,5.0,phase-4
2026-09-04T07:55:28+00:00,3,75,0,0.83,1.522,25.69,5.0,phase-4
2026-09-04T07:55:28+00:00,3,76,0,0.27,0.513,9.91,5.0,phase-4
2026-09-04T07:55:28+00:00,3,77,0,0.0,0.0,0.0,4.9,phase-4
2026-09-04T07:55:28+00:00,3,78,0,0.0,0.0,0.0,7.4,phase-4
2026-09-04T07:55:28+00:00,3,79,0,2.77,3.368,87.32,6.0,phase-4
2026-09-04T07:55:28+00:00,3,80,0,0.0,0.0,0.0,5.5,phase-4
2026-09-04T07:55:28+00:00,3,81,0,0.27,0.41,6.25,6.0,phase-4
2026-09-04T07:55:28+00:00,3,82,0,3.36,3.727,72.45,5.0,phase-4
2026-09-04T07:55:28+00:00,3,83,0,0.24,0.691,6.2,4.5,phase-4
2026-09-04T07:55:28+00:00,3,84,0,3.17,5.544,66.97,5.5,phase-4
2026-09-04T07:55:28+00:00,3,85,0,0.0,0.0,0.0,4.9,phase-4
2026-09-04T07:55:28+00:00,3,86,0,2.67,3.839,56.01,5.5,phase-4
2026-09-04T07:55:28+00:00,3,87,0,2.35,3.382,53.7,4.5,phase-4
2026-09-04T07:55:28+00:00,3,88,0,3.27,6.31,72.45,4.6,phase-4
2026-09-04T07:55:28+00:00,3,89,0,1.05,2.621,26.42,4.5,phase-4
2026-09-04T07:55:28+00:00,3,90,0,0.63,1.732,16.03,4.5,phase-4
2026-09-04T07:55:28+00:00,3,91,0,0.22,0.767,12.27,4.5,phase-4
2026-09-04T07:55:28+00:00,3,92,0,0.18,0.54,4.79,4.5,phase-4
2026-09-04T07:55:28+00:00,3,93,0,0.18,0.54,4.79,4.5,phase-4
2026-09-04T07:55:28+00:00,3,94,0,3.12,6.252,66.97,6.0,phase-4
2026-09-04T07:55:28+00:00,3,95,0,2.83,5.04,53.8,6.5,phase-4
2026-09-04T07:55:28+00:00,3,96,0,2.21,3.291,48.74,5.5,phase-4
2026-09-04T07:55:28+00:00,3,97,0,1.55,2.688,38.23,5.5,phase-4
2026-09-04T07:55:28+00:00,3,98,0,1.75,2.499,46.35,5.0,phase-4
2026-09-04T07:55:28+00:00,3,99,0,0.0,0.0,0.0,5.0,phase-4
2026-09-04T07:55:28+00:00,3,100,0,0.35,0.771,6.2,5.0,phase-4
2026-09-04T07:55:28+00:00,3,101,0,0.9,1.366,33.34,5.0,phase-4
2026-09-04T07:55:28+00:00,3,102,0,1.91,1.148,53.78,4.9,phase-4
2026-09-04T07:55:28+00:00,3,103,0,0.25,0.359,4.79,5.0,phase-4
2026-09-04T07:55:28+00:00,3,104,0,0.57,1.248,13.95,5.0,phase-4
2026-09-04T07:55:28+00:00,3,105,0,2.89,5.276,61.47,6.0,phase-4
2026-09-04T07:55:28+00:00,3,106,0,4.09,9.748,72.45,8.0,phase-4
2026-09-04T07:55:28+00:00,3,107,0,0.23,0.339,4.79,4.5,phase-4
2026-09-04T07:55:28+00:00,3,108,0,1.56,3.783,25.37,5.5,phase-4
2026-09-04T07:55:28+00:00,3,109,0,3.33,3.171,90.0,4.5,phase-4
2026-09-04T07:55:28+00:00,3,110,0,1.79,1.578,86.69,4.5,phase-4
2026-09-04T07:55:28+00:00,3,111,0,0.18,0.533,5.92,4.0,phase-4
2026-09-04T07:55:28+00:00,3,112,0,2.25,3.034,71.82,4.9,phase-4
2026-09-04T07:55:28+00:00,3,113,0,2.38,3.314,78.68,4.4,phase-4
2026-09-04T07:55:28+00:00,3,114,0,1.31,2.875,41.71,4.5,phase-4
2026-09-04T07:55:28+00:00,3,115,0,3.01,9.265,54.95,4.7,phase-4
2026-09-04T07:55:28+00:00,3,116,0,2.33,3.198,81.4,4.5,phase-4
2026-09-04T07:55:28+00:00,3,117,0,0.2,0.838,9.4,4.5,phase-4
2026-09-04T07:55:28+00:00,3,118,0,0.0,0.0,0.0,4.5,phase-4
2026-09-04T07:55:28+00:00,3,119,0,0.58,1.237,21.19,4.5,phase-4
2026-09-04T07:55:28+00:00,3,120,0,0.18,0.533,5.92,5.0,phase-4
2026-09-04T07:55:28+00:00,3,121,0,0.0,0.0,0.0,6.0,phase-4
2026-09-04T07:55:28+00:00,3,122,0,0.0,0.0,0.0,5.9,phase-4
2026-09-04T07:55:28+00:00,3,123,0,1.82,5.852,25.15,6.0,phase-4
2026-09-04T07:55:28+00:00,3,124,0,2.53,2.416,62.22,5.5,phase-4
2026-09-04T07:55:28+00:00,3,125,0,1.63,2.719,40.95,5.5,phase-4
2026-09-04T07:55:28+00:00,3,126,0,0.33,0.746,9.4,5.5,phase-4
2026-09-04T07:55:28+00:00,3,127,0,3.06,5.101,73.41,5.0,phase-4
2026-09-04T07:55:28+00:00,3,128,0,0.0,0.0,0.0,5.0,phase-4
2026-09-04T07:55:28+00:00,3,129,0,1.57,2.762,41.12,5.4,phase-4
2026-09-04T07:55:28+00:00,3,130,0,3.27,5.124,65.78,5.0,phase-4
2026-09-04T07:55:28+00:00,3,131,0,0.0,0.0,0.0,5.0,phase-4
2026-09-04T07:55:28+00:00,3,132,0,0.0,0.0,0.0,4.5,phase-4
2026-09-04T07:55:28+00:00,3,133,0,0.0,0.0,0.0,5.0,phase-4
2026-09-04T07:55:28+00:00,3,134,0,0.28,0.41,5.92,4.5,phase-4
2026-09-04T07:55:28+00:00,3,135,0,0.26,0.555,7.06,5.0,phase-4
2026-09-04T07:55:28+00:00,3,136,0,2.11,3.817,52.32,5.9,phase-4
2026-09-04T07:55:28+00:00,3,137,0,0.0,0.0,0.0,5.5,phase-4
2026-09-04T07:55:28+00:00,3,138,0,0.95,2.246,21.51,5.5,phase-4
2026-09-04T07:55:28+00:00,3,139,0,0.0,0.0,0.0,5.0,phase-4
2026-09-04T07:55:28+00:00,3,140,0,0.0,0.0,0.0,4.9,phase-4
2026-09-04T07:55:28+00:00,3,141,0,0.0,0.0,0.0,5.0,phase-4
2026-09-04T07:55:28+00:00,3,142,0,1.83,3.095,56.65,5.5,phase-4
2026-09-04T07:55:28+00:00,3,143,0,0.0,0.0,0.0,5.5,phase-4
2026-09-04T07:55:28+00:00,3,144,0,1.8,2.597,70.82,5.0,phase-4
2026-09-04T07:55:28+00:00,3,145,0,0.95,2.252,47.78,5.0,phase-4
2026-09-04T07:55:28+00:00,3,146,0,0.0,0.0,0.0,4.5,phase-4
2026-09-04T07:55:28+00:00,3,147,0,0.37,1.111,16.14,4.5,phase-4
2026-09-04T07:55:28+00:00,3,148,0,0.94,2.011,44.45,4.5,phase-4
2026-09-04T07:55:28+00:00,3,149,0,0.45,1.52,25.44,5.0,phase-4
2026-09-04T07:55:28+00:00,3,150,0,0.0,0.0,0.0,4.5,phase-4
2026-09-04T07:55:28+00:00,3,151,0,0.72,1.956,28.34,4.5,phase-4
2026-09-04T07:55:28+00:00,3,152,0,0.09,0.302,4.21,5.4,phase-4
2026-09-04T07:55:28+00:00,3,153,0,0.91,1.923,33.96,4.5,phase-4
2026-09-04T07:55:28+00:00,3,154,0,3.49,7.761,65.51,9.6,phase-4
2026-09-04T07:55:28+00:00,3,155,0,3.06,5.767,64.1,6.9,phase-4
2026-09-04T07:55:28+00:00,3,156,0,3.09,5.324,69.51,6.5,phase-4
2026-09-04T07:55:28+00:00,3,157,0,0.87,2.068,25.39,6.4,phase-4
2026-09-04T07:55:28+00:00,3,158,0,0.42,0.771,13.85,5.9,phase-4
2026-09-04T07:55:28+00:00,3,159,0,1.27,1.462,49.23,5.4,phase-4
2026-09-04T07:55:28+00:00,3,160,0,1.11,1.503,35.43,5.9,phase-4
2026-09-04T07:55:28+00:00,3,161,0,0.86,1.932,28.73,5.0,phase-4
2026-09-04T07:55:28+00:00,3,162,0,1.04,1.427,34.93,4.9,phase-4
2026-09-04T07:55:28+00:00,3,163,0,0.0,0.0,0.0,4.5,phase-4
2026-09-04T07:55:28+00:00,3,164,0,0.16,0.284,5.62,5.4,phase-4
2026-09-04T07:55:28+00:00,3,165,0,4.44,8.99,77.24,7.7,phase-4
2026-09-04T07:55:28+00:00,3,166,0,1.28,1.115,51.3,6.5,phase-4
2026-09-04T07:55:28+00:00,3,167,0,0.86,1.668,28.06,5.5,phase-4
2026-09-04T07:55:28+00:00,3,168,0,0.0,0.0,0.0,5.0,phase-4
2026-09-04T07:55:28+00:00,3,169,0,0.23,0.354,5.62,4.5,phase-4
2026-09-04T07:55:28+00:00,3,170,0,0.13,0.256,5.62,5.0,phase-4
2026-09-04T07:55:28+00:00,3,172,0,0.11,0.37,5.65,4.5,phase-4
2026-09-04T07:55:28+00:00,3,173,0,1.94,1.933,86.69,4.0,phase-4
2026-09-04T07:55:28+00:00,3,175,0,1.68,1.7,86.69,4.0,phase-4
2026-09-04T07:55:28+00:00,3,176,0,1.74,2.097,86.69,4.0,phase-4
2026-09-04T07:55:28+00:00,3,177,0,0.0,0.0,0.0,4.0,phase-4
2026-09-04T07:55:28+00:00,3,178,0,0.11,0.37,5.65,4.0,phase-4
2026-09-04T07:55:28+00:00,3,179,0,0.11,0.37,5.65,4.0,phase-4
2026-09-04T07:55:28+00:00,3,180,0,0.0,0.0,0.0,4.0,phase-4
2026-09-04T07:55:28+00:00,3,182,0,1.17,1.644,86.69,4.0,phase-4
2026-09-04T07:55:28+00:00,3,183,0,1.57,1.192,50.53,5.0,phase-4
2026-09-04T07:55:28+00:00,3,184,0,0.62,0.943,23.21,5.0,phase-4
2026-09-04T07:55:28+00:00,3,185,0,0.89,0.954,17.41,4.9,phase-4
2026-09-04T07:55:28+00:00,3,186,0,1.13,1.129,45.41,5.4,phase-4
2026-09-04T07:55:28+00:00,3,187,0,0.14,0.264,5.65,4.9,phase-4
2026-09-04T07:55:28+00:00,3,188,0,1.17,0.166,24.63,5.4,phase-4
2026-09-04T07:55:28+00:00,3,189,0,0.14,0.264,5.65,4.5,phase-4
2026-09-04T07:55:28+00:00,3,190,0,1.3,1.841,45.72,5.5,phase-4
2026-09-04T07:55:28+00:00,3,193,0,0.0,0.0,0.0,5.4,phase-4
2026-09-04T07:55:28+00:00,3,194,0,1.55,0.088,55.65,5.0,phase-4
2026-09-04T07:55:28+00:00,3,195,0,1.07,1.032,45.41,5.0,phase-4
2026-09-04T07:55:28+00:00,3,198,0,3.29,2.362,90.0,5.0,phase-4
2026-09-04T07:55:28+00:00,3,199,0,0.38,0.691,7.96,4.5,phase-4
2026-09-04T07:55:28+00:00,3,200,0,2.91,2.449,82.39,6.0,phase-4
2026-09-04T07:55:28+00:00,3,201,0,3.3,9.01,61.81,5.4,phase-4
2026-09-04T07:55:28+00:00,3,202,0,2.97,2.414,84.51,5.0,phase-4
2026-09-04T07:55:28+00:00,3,203,0,1.85,1.467,56.84,4.9,phase-4
2026-09-04T07:55:28+00:00,3,204,0,2.41,3.087,90.0,4.5,phase-4
2026-09-04T07:55:28+00:00,3,205,0,0.0,0.0,0.0,4.5,phase-4
2026-09-04T07:55:28+00:00,3,206,0,0.0,0.0,0.0,4.4,phase-4
2026-09-04T07:55:28+00:00,3,207,0,0.32,0.92,9.17,4.4,phase-4
2026-09-04T07:55:28+00:00,3,208,0,0.0,0.0,0.0,6.3,phase-4
2026-09-04T07:55:28+00:00,3,209,0,1.45,1.153,46.18,5.9,phase-4
2026-09-04T07:55:28+00:00,3,210,0,3.0,1.473,81.7,5.5,phase-4
2026-09-04T07:55:28+00:00,3,211,0,2.12,1.331,65.8,5.5,phase-4
2026-09-04T07:55:28+00:00,3,212,0,0.9,1.185,40.4,4.5,phase-4
2026-09-04T07:55:28+00:00,3,213,0,1.33,1.337,43.82,4.9,phase-4
2026-09-04T07:55:28+00:00,3,214,0,2.24,0.774,71.3,5.0,phase-4
2026-09-04T07:55:28+00:00,3,215,0,0.0,0.0,0.0,5.0,phase-4
2026-09-04T07:55:28+00:00,3,216,0,0.0,0.0,0.0,5.0,phase-4
2026-09-04T07:55:28+00:00,3,217,0,0.15,0.289,6.15,4.9,phase-4
2026-09-04T07:55:28+00:00,3,218,0,0.15,0.289,6.15,4.9,phase-4
2026-09-04T07:55:28+00:00,3,219,0,0.15,0.289,6.15,5.0,phase-4
2026-09-04T07:55:28+00:00,3,220,0,0.0,0.0,0.0,4.5,phase-4
2026-09-04T07:55:28+00:00,3,221,0,0.37,0.508,6.15,4.5,phase-4
2026-09-04T07:55:28+00:00,3,222,0,1.97,1.352,69.92,6.0,phase-4
2026-09-04T07:55:28+00:00,3,223,0,0.0,0.0,0.0,6.4,phase-4
2026-09-04T07:55:28+00:00,3,224,0,1.01,2.217,27.83,5.5,phase-4
2026-09-04T07:55:28+00:00,3,225,0,0.0,0.0,0.0,5.0,phase-4
2026-09-04T07:55:28+00:00,3,226,0,3.77,3.698,90.0,5.5,phase-4
2026-09-04T07:55:28+00:00,3,227,0,0.2,0.599,5.93,5.0,phase-4
2026-09-04T07:55:28+00:00,3,228,0,0.2,0.599,5.93,4.5,phase-4
2026-09-04T07:55:28+00:00,3,229,0,4.38,5.404,89.71,6.0,phase-4
2026-09-04T07:55:28+00:00,3,230,0,1.59,3.532,38.82,5.5,phase-4
2026-09-04T07:55:28+00:00,3,231,0,2.58,3.921,63.57,4.9,phase-4
2026-09-04T07:55:28+00:00,3,232,0,2.45,3.454,73.38,4.9,phase-4
2026-09-04T07:55:28+00:00,3,233,0,3.04,3.503,84.28,4.5,phase-4
2026-09-04T07:55:28+00:00,3,234,0,0.0,0.0,0.0,4.5,phase-4
2026-09-04T07:55:28+00:00,3,236,0,3.89,6.638,80.2,6.5,phase-4
2026-09-04T07:55:28+00:00,3,237,0,3.43,5.073,72.42,6.0,phase-4
2026-09-04T07:55:28+00:00,3,238,0,1.54,2.43,40.95,6.5,phase-4
2026-09-04T07:55:28+00:00,3,239,0,3.54,2.071,84.26,6.0,phase-4
2026-09-04T07:55:28+00:00,3,240,0,1.02,1.523,38.55,5.0,phase-4
2026-09-04T07:55:28+00:00,3,241,0,1.18,1.541,40.42,5.5,phase-4
2026-09-04T07:55:28+00:00,3,242,0,0.79,1.352,26.35,5.5,phase-4
2026-09-04T07:55:28+00:00,3,243,0,0.59,2.091,17.29,5.0,phase-4
2026-09-04T07:55:28+00:00,3,244,0,1.03,1.219,34.54,5.0,phase-4
2026-09-04T07:55:28+00:00,3,245,0,0.28,0.592,12.89,5.4,phase-4
2026-09-04T07:55:28+00:00,3,246,0,1.3,1.539,38.13,5.0,phase-4
2026-09-04T07:55:28+00:00,3,247,0,1.82,0.337,58.46,5.5,phase-4
2026-09-04T07:55:28+00:00,3,248,0,0.0,0.0,0.0,5.4,phase-4
2026-09-04T07:55:28+00:00,3,249,0,3.28,6.377,64.71,5.5,phase-4
2026-09-04T07:55:28+00:00,3,250,0,3.47,3.506,81.03,4.5,phase-4
2026-09-04T07:55:28+00:00,3,251,0,0.18,0.544,5.28,4.0,phase-4
2026-09-04T07:55:28+00:00,3,253,0,2.72,3.128,68.94,5.0,phase-4
2026-09-04T07:55:28+00:00,3,254,0,2.0,3.733,51.23,4.5,phase-4
2026-09-04T07:55:28+00:00,3,255,0,0.99,2.593,30.29,4.5,phase-4
2026-09-04T07:55:28+00:00,3,256,0,1.48,3.217,39.14,4.5,phase-4
2026-09-04T07:55:28+00:00,3,257,0,2.51,3.407,68.95,4.5,phase-4
2026-09-04T07:55:28+00:00,3,258,0,2.28,3.529,57.37,4.5,phase-4
2026-09-04T07:55:28+00:00,3,259,0,0.95,2.157,35.62,4.0,phase-4
2026-09-04T07:55:28+00:00,3,260,0,3.1,5.406,73.54,6.4,phase-4
2026-09-04T07:55:28+00:00,3,261,0,2.79,2.86,70.16,5.5,phase-4
2026-09-04T07:55:28+00:00,3,262,0,1.86,3.316,43.26,5.5,phase-4
2026-09-04T07:55:28+00:00,3,263,0,1.07,1.712,25.14,5.4,phase-4
2026-09-04T07:55:28+00:00,3,264,0,1.22,1.64,37.83,5.5,phase-4
2026-09-04T07:55:28+00:00,3,265,0,2.46,1.136,76.2,5.0,phase-4
2026-09-04T07:55:28+00:00,3,266,0,0.0,0.0,0.0,5.0,phase-4
2026-09-04T07:55:28+00:00,3,267,0,1.55,1.872,52.81,5.0,phase-4
2026-09-04T07:55:28+00:00,3,268,0,1.93,2.903,47.92,5.5,phase-4
2026-09-04T07:55:28+00:00,3,269,0,2.38,4.861,43.96,4.5,phase-4
2026-09-04T07:55:28+00:00,3,270,0,0.49,1.011,6.83,4.5,phase-4
2026-09-04T07:55:28+00:00,3,271,0,0.65,1.302,22.45,5.5,phase-4
2026-09-04T07:55:28+00:00,3,272,0,0.12,0.354,5.28,4.5,phase-4
2026-09-04T07:55:28+00:00,3,273,0,0.23,0.698,6.22,4.0,phase-4
2026-09-04T07:55:28+00:00,3,274,0,0.0,0.0,0.0,4.5,phase-4
2026-09-04T07:55:28+00:00,3,277,0,1.43,3.199,35.65,4.0,phase-4
2026-09-04T07:55:28+00:00,3,278,0,0.0,0.0,0.0,4.0,phase-4
2026-09-04T07:55:28+00:00,3,279,0,1.93,3.268,41.39,4.1,phase-4
2026-09-04T07:55:28+00:00,3,280,0,2.17,4.405,70.36,4.0,phase-4
2026-09-04T07:55:28+00:00,3,281,0,0.0,0.0,0.0,4.0,phase-4
2026-09-04T07:55:28+00:00,3,282,0,1.51,3.21,35.28,4.0,phase-4
2026-09-04T07:55:28+00:00,3,284,0,0.23,0.698,6.22,4.0,phase-4
2026-09-04T07:55:28+00:00,3,285,0,0.6,1.413,12.44,4.0,phase-4
2026-09-04T07:55:28+00:00,3,286,0,2.65,1.057,90.0,5.0,phase-4
2026-09-04T07:55:28+00:00,3,287,0,0.0,0.0,0.0,5.0,phase-4
2026-09-04T07:55:28+00:00,3,288,0,1.17,0.258,23.3,4.5,phase-4
2026-09-04T07:55:28+00:00,3,289,0,0.82,1.025,41.74,4.5,phase-4
2026-09-04T07:55:28+00:00,3,290,0,2.11,0.852,90.0,4.5,phase-4
2026-09-04T07:55:28+00:00,3,291,0,0.0,0.0,0.0,4.5,phase-4
2026-09-04T07:55:28+00:00,3,292,0,0.17,0.307,6.22,4.9,phase-4
2026-09-04T07:55:28+00:00,3,294,0,0.0,0.0,0.0,4.5,phase-4
2026-09-04T07:55:28+00:00,3,295,0,2.04,3.868,56.17,5.5,phase-4
2026-09-04T07:55:28+00:00,3,296,0,0.17,0.307,6.22,5.0,phase-4
2026-09-04T07:55:28+00:00,3,297,0,0.0,0.0,0.0,4.5,phase-4
2026-09-04T07:55:28+00:00,3,299,0,0.0,0.0,0.0,4.5,phase-4
2026-09-04T07:55:28+00:00,3,300,0,0.5,0.968,15.32,4.5,phase-4
2026-09-04T07:55:28+00:00,3,301,0,0.82,1.409,24.31,4.0,phase-4
2026-09-04T07:55:28+00:00,3,302,0,0.2,0.36,5.02,4.0,phase-4
2026-09-04T07:55:28+00:00,3,303,0,0.1,0.348,5.02,4.0,phase-4
2026-09-04T07:55:28+00:00,3,304,0,2.33,2.308,73.59,4.0,phase-4
2026-09-04T07:55:28+00:00,3,305,0,2.03,4.476,70.13,4.0,phase-4
2026-09-04T07:55:28+00:00,3,306,0,1.59,1.561,62.1,4.0,phase-4
2026-09-04T07:55:28+00:00,3,307,0,0.64,1.977,27.97,4.0,phase-4
2026-09-04T07:55:28+00:00,3,308,0,1.08,0.349,21.88,4.0,phase-4
2026-09-04T07:55:28+00:00,3,309,0,2.12,0.835,75.68,5.0,phase-4
2026-09-04T07:55:28+00:00,3,310,0,0.0,0.0,0.0,5.0,phase-4
2026-09-04T07:55:28+00:00,3,311,0,0.0,0.0,0.0,5.0,phase-4
2026-09-04T07:55:28+00:00,3,312,0,0.0,0.0,0.0,4.5,phase-4
2026-09-04T07:55:28+00:00,3,313,0,1.24,2.799,26.1,5.5,phase-4
2026-09-04T07:55:28+00:00,3,314,0,0.0,0.0,0.0,4.9,phase-4
2026-09-04T07:55:28+00:00,3,315,0,0.99,1.876,28.61,5.5,phase-4
2026-09-04T07:55:28+00:00,3,316,0,3.58,4.353,75.68,5.5,phase-4
2026-09-04T07:55:28+00:00,3,317,0,0.0,0.0,0.0,5.0,phase-4
2026-09-04T07:55:28+00:00,3,318,0,0.0,0.0,0.0,5.4,phase-4
2026-09-04T07:55:28+00:00,3,319,0,0.0,0.0,0.0,5.0,phase-4
2026-09-04T07:55:28+00:00,3,320,0,1.8,1.925,21.88,5.0,phase-4
2026-09-04T07:55:28+00:00,3,321,0,0.15,0.263,5.02,4.5,phase-4
2026-09-04T07:55:28+00:00,3,322,0,0.0,0.0,0.0,5.0,phase-4
2026-09-04T07:55:28+00:00,3,323,0,0.61,1.232,20.8,4.5,phase-4
2026-09-04T07:55:28+00:00,3,324,0,0.12,0.238,5.02,4.9,phase-4
2026-09-04T07:55:28+00:00,3,325,0,1.63,2.086,42.48,4.5,phase-4
2026-09-04T07:55:28+00:00,3,326,0,0.0,0.0,0.0,4.5,phase-4
2026-09-04T07:55:28+00:00,3,327,0,2.11,2.908,60.86,5.0,phase-4
2026-09-04T07:55:28+00:00,3,328,0,2.21,2.498,70.53,5.0,phase-4
2026-09-04T07:55:28+00:00,3,329,0,0.0,0.0,0.0,4.5,phase-4
2026-09-04T07:55:28+00:00,3,330,0,2.1,2.773,80.11,4.5,phase-4
2026-09-04T07:55:28+00:00,3,331,0,1.5,1.674,62.58,4.5,phase-4
2026-09-04T07:55:28+00:00,3,332,0,2.11,2.534,65.69,4.5,phase-4
2026-09-04T07:55:28+00:00,3,333,0,0.0,0.0,0.0,4.5,phase-4
2026-09-04T07:55:28+00:00,3,334,0,2.32,2.699,87.99,5.0,phase-4
2026-09-04T07:55:28+00:00,3,335,0,3.27,3.34,74.87,6.0,phase-4
2026-09-04T07:55:28+00:00,3,336,0,2.15,4.98,47.8,5.9,phase-4
2026-09-04T07:55:28+00:00,3,337,0,2.55,3.014,73.11,5.5,phase-4
2026-09-04T07:55:28+00:00,3,338,0,3.02,0.909,84.06,5.5,phase-4
2026-09-04T07:55:28+00:00,3,339,0,0.88,1.614,24.76,5.0,phase-4
2026-09-04T07:55:28+00:00,3,340,0,0.17,0.307,6.22,5.0,phase-4
2026-09-04T07:55:28+00:00,3,341,0,0.0,0.0,0.0,5.0,phase-4
2026-09-04T07:55:28+00:00,3,342,0,0.0,0.0,0.0,5.0,phase-4
2026-09-04T07:55:28+00:00,3,343,0,0.58,1.497,15.82,5.0,phase-4
2026-09-04T07:55:28+00:00,3,344,0,0.22,0.474,7.82,5.0,phase-4
2026-09-04T07:55:28+00:00,3,345,0,1.3,1.351,36.37,4.9,phase-4
2026-09-04T07:55:28+00:00,3,346,0,3.06,5.388,77.49,6.0,phase-4
2026-09-04T07:55:28+00:00,3,347,0,1.42,2.816,27.78,5.5,phase-4
2026-09-04T07:55:28+00:00,3,348,0,0.0,0.0,0.0,5.0,phase-4
2026-09-04T07:55:28+00:00,3,349,0,0.0,0.0,0.0,4.5,phase-4
2026-09-04T07:55:28+00:00,3,350,0,2.24,1.236,73.21,5.5,phase-4
2026-09-04T07:55:28+00:00,3,351,0,0.81,1.257,22.84,4.9,phase-4
2026-09-04T07:55:28+00:00,3,352,0,0.34,0.585,9.22,4.0,phase-4
2026-09-04T07:55:28+00:00,3,354,0,0.0,0.0,0.0,4.0,phase-4
2026-09-04T07:55:28+00:00,3,355,0,0.11,0.372,5.81,4.0,phase-4
2026-09-04T07:55:28+00:00,3,356,0,3.26,6.939,89.16,6.5,phase-4
2026-09-04T07:55:28+00:00,3,357,0,1.23,3.232,44.1,5.5,phase-4
2026-09-04T07:55:28+00:00,3,358,0,1.58,2.484,73.42,5.5,phase-4
2026-09-04T07:55:28+00:00,3,359,0,0.0,0.0,0.0,5.0,phase-4
2026-09-04T07:55:28+00:00,3,360,0,0.0,0.0,0.0,5.0,phase-4
2026-09-04T07:55:28+00:00,3,361,0,0.11,0.372,5.81,4.0,phase-4
2026-09-04T07:55:28+00:00,3,362,0,1.71,1.699,87.6,5.0,phase-4
2026-09-04T07:55:28+00:00,3,363,0,0.0,0.0,0.0,4.0,phase-4
2026-09-04T07:55:28+00:00,3,364,0,0.47,1.308,10.97,5.0,phase-4
2026-09-04T07:55:28+00:00,3,366,0,3.13,5.624,74.54,7.5,phase-4
2026-09-04T07:55:28+00:00,3,367,0,3.68,7.179,81.18,7.1,phase-4
2026-09-04T07:55:28+00:00,3,368,0,4.39,8.508,86.5,7.0,phase-4
2026-09-04T07:55:28+00:00,3,369,0,0.9,2.06,22.92,5.9,phase-4
2026-09-04T07:55:28+00:00,3,370,0,0.0,0.0,0.0,5.4,phase-4
2026-09-04T07:55:28+00:00,3,371,0,3.06,3.791,77.18,6.0,phase-4
2026-09-04T07:55:28+00:00,3,372,0,2.5,2.362,73.18,5.5,phase-4
2026-09-04T07:55:28+00:00,3,373,0,0.0,0.0,0.0,5.5,phase-4
2026-09-04T07:55:28+00:00,3,374,0,0.21,0.492,7.52,5.0,phase-4
2026-09-04T07:55:28+00:00,3,375,0,0.18,0.309,5.81,5.0,phase-4
2026-09-04T07:55:28+00:00,3,377,0,1.93,2.268,57.24,6.5,phase-4
2026-09-04T07:55:28+00:00,3,378,0,0.14,0.27,5.81,4.5,phase-4
2026-09-04T07:55:28+00:00,3,379,0,1.93,4.641,38.39,9.0,phase-4
2026-09-04T07:55:28+00:00,3,380,0,0.0,0.0,0.0,7.5,phase-4
2026-09-04T07:55:28+00:00,3,381,0,0.28,0.647,6.93,5.0,phase-4
2026-09-04T07:55:28+00:00,3,382,0,0.13,0.263,5.81,4.5,phase-4
2026-09-04T07:55:28+00:00,3,383,0,0.0,0.0,0.0,5.4,phase-4
2026-09-04T07:55:28+00:00,3,384,0,3.03,3.278,74.8,5.5,phase-4
2026-09-04T07:55:28+00:00,3,385,0,1.31,1.881,29.96,5.0,phase-4
2026-09-04T07:55:28+00:00,3,386,0,0.18,0.541,5.18,4.5,phase-4
2026-09-04T07:55:28+00:00,3,387,0,3.53,8.053,68.87,6.5,phase-4
2026-09-04T07:55:28+00:00,3,388,0,4.3,10.224,75.99,6.0,phase-4
2026-09-04T07:55:28+00:00,3,389,0,2.14,4.24,45.41,5.9,phase-4
2026-09-04T07:55:28+00:00,3,390,0,2.86,4.815,62.94,5.5,phase-4
2026-09-04T07:55:28+00:00,3,391,0,2.24,5.377,47.03,5.6,phase-4
2026-09-04T07:55:28+00:00,3,392,0,0.93,2.392,23.42,5.4,phase-4
2026-09-04T07:55:28+00:00,3,393,0,1.96,2.706,49.76,5.5,phase-4
2026-09-04T07:55:28+00:00,3,394,0,0.0,0.0,0.0,5.0,phase-4
2026-09-04T07:55:28+00:00,3,395,0,0.76,2.533,18.88,4.5,phase-4
2026-09-04T07:55:28+00:00,3,396,0,0.29,0.656,5.18,4.5,phase-4
2026-09-04T07:55:28+00:00,3,397,0,4.94,12.817,78.36,8.5,phase-4
2026-09-04T07:55:28+00:00,3,398,0,3.98,9.277,61.76,7.0,phase-4
2026-09-04T07:55:28+00:00,3,399,0,4.32,8.61,49.63,7.7,phase-4
2026-09-04T07:55:28+00:00,3,400,0,0.0,0.0,0.0,7.4,phase-4
2026-09-04T07:55:28+00:00,3,401,0,0.79,1.667,23.22,7.0,phase-4
2026-09-04T07:55:28+00:00,3,402,0,0.0,0.0,0.0,6.5,phase-4
2026-09-04T07:55:28+00:00,3,403,0,0.37,0.796,12.23,6.5,phase-4
2026-09-04T07:55:28+00:00,3,404,0,0.0,0.0,0.0,6.0,phase-4
2026-09-04T07:55:28+00:00,3,405,0,1.4,1.555,49.09,5.5,phase-4
2026-09-04T07:55:28+00:00,3,406,0,0.31,0.625,7.2,5.5,phase-4
2026-09-04T07:55:28+00:00,3,409,0,0.0,0.0,0.0,4.5,phase-4
2026-09-04T07:55:28+00:00,3,410,0,0.0,0.0,0.0,4.9,phase-4
2026-09-04T07:55:28+00:00,3,411,0,6.49,16.46,74.8,15.5,phase-4
2026-09-04T07:55:28+00:00,3,412,0,2.7,1.998,72.43,5.0,phase-4
2026-09-04T07:55:28+00:00,3,413,0,0.0,0.0,0.0,4.5,phase-4
2026-09-04T07:55:28+00:00,3,414,0,0.0,0.0,0.0,4.0,phase-4
2026-09-04T07:55:28+00:00,3,415,0,1.43,4.038,36.81,5.9,phase-4
2026-09-04T07:55:28+00:00,3,416,0,0.0,0.0,0.0,5.0,phase-4
2026-09-04T07:55:28+00:00,3,417,0,2.09,3.129,62.93,5.0,phase-4
2026-09-04T07:55:28+00:00,3,418,0,1.7,2.514,54.75,5.0,phase-4
2026-09-04T07:55:28+00:00,3,419,0,1.01,2.098,36.04,5.0,phase-4
2026-09-04T07:55:28+00:00,3,420,0,1.19,1.829,38.84,4.9,phase-4
2026-09-04T07:55:28+00:00,3,421,0,0.78,2.133,29.51,4.5,phase-4
2026-09-04T07:55:28+00:00,3,422,0,0.91,2.389,31.28,4.5,phase-4
2026-09-04T07:55:28+00:00,3,423,0,2.12,2.587,79.55,4.5,phase-4
2026-09-04T07:55:28+00:00,3,424,0,0.13,0.402,5.18,4.0,phase-4
2026-09-04T07:55:28+00:00,3,425,0,0.0,0.0,0.0,4.0,phase-4
2026-09-04T07:55:28+00:00,3,426,0,5.26,10.377,75.99,12.0,phase-4
2026-09-04T07:55:28+00:00,3,427,0,3.46,7.795,71.24,8.0,phase-4
2026-09-04T07:55:28+00:00,3,428,0,3.0,4.736,68.87,8.0,phase-4
2026-09-04T07:55:28+00:00,3,429,0,1.79,0.745,51.07,7.0,phase-4
2026-09-04T07:55:28+00:00,3,430,0,0.53,1.141,17.56,5.4,phase-4
2026-09-04T07:55:28+00:00,3,431,0,0.0,0.0,0.0,5.8,phase-4
2026-09-04T07:55:28+00:00,3,432,0,1.8,1.153,46.44,5.5,phase-4
2026-09-04T07:55:28+00:00,3,433,0,0.0,0.0,0.0,5.0,phase-4
2026-09-04T07:55:28+00:00,3,434,0,0.13,0.252,5.18,5.0,phase-4
2026-09-04T07:55:28+00:00,3,435,0,0.16,0.277,5.18,5.0,phase-4
2026-09-04T07:55:28+00:00,3,437,0,0.14,0.262,5.18,4.5,phase-4
2026-09-04T07:55:28+00:00,3,438,0,0.19,0.308,5.18,4.5,phase-4
2026-09-04T07:55:28+00:00,3,439,0,1.81,2.994,38.52,7.0,phase-4
2026-09-04T07:55:28+00:00,3,440,0,0.35,0.811,13.02,5.4,phase-4
2026-09-04T07:55:28+00:00,3,441,0,0.12,0.237,5.18,4.5,phase-4
2026-09-04T07:55:28+00:00,3,442,0,2.71,2.628,62.02,5.0,phase-4
2026-09-04T07:55:28+00:00,3,443,0,0.2,0.609,6.2,4.5,phase-4
2026-09-04T07:55:28+00:00,3,444,0,0.2,0.609,6.2,4.5,phase-4
2026-09-04T07:55:28+00:00,3,445,0,3.89,5.561,88.1,5.0,phase-4
2026-09-04T07:55:28+00:00,3,446,0,0.99,2.331,28.09,5.0,phase-4
2026-09-04T07:55:28+00:00,3,447,0,2.84,3.204,70.26,5.0,phase-4
2026-09-04T07:55:28+00:00,3,448,0,0.0,0.0,0.0,4.9,phase-4
2026-09-04T07:55:28+00:00,3,449,0,3.2,4.308,75.33,5.1,phase-4
2026-09-04T07:55:28+00:00,3,450,0,0.0,0.0,0.0,4.9,phase-4
2026-09-04T07:55:28+00:00,3,451,0,0.0,0.0,0.0,4.0,phase-4
2026-09-04T07:55:28+00:00,3,452,0,2.99,5.479,56.52,6.8,phase-4
2026-09-04T07:55:28+00:00,3,453,0,2.76,4.381,68.22,6.0,phase-4
2026-09-04T07:55:28+00:00,3,454,0,1.98,1.989,53.51,6.1,phase-4
2026-09-04T07:55:28+00:00,3,455,0,1.98,0.732,66.29,5.4,phase-4
2026-09-04T07:55:28+00:00,3,456,0,1.61,2.077,42.4,5.0,phase-4
2026-09-04T07:55:28+00:00,3,457,0,1.71,3.007,44.07,5.9,phase-4
2026-09-04T07:55:28+00:00,3,458,0,0.0,0.0,0.0,5.4,phase-4
2026-09-04T07:55:28+00:00,3,459,0,2.18,1.436,59.57,5.5,phase-4
2026-09-04T07:55:28+00:00,3,460,0,1.39,1.836,38.35,5.0,phase-4
2026-09-04T07:55:28+00:00,3,461,0,0.33,0.468,6.2,5.9,phase-4
2026-09-04T07:55:28+00:00,3,462,0,1.35,1.139,49.86,5.0,phase-4
2026-09-04T07:55:28+00:00,3,463,0,0.0,0.0,0.0,5.9,phase-4
2026-09-04T07:55:28+00:00,3,464,0,1.2,2.501,35.29,6.1,phase-4
2026-09-04T07:55:28+00:00,3,465,0,0.0,0.0,0.0,5.9,phase-4
2026-09-04T07:55:28+00:00,3,466,0,0.15,0.291,6.2,4.5,phase-4
2026-09-04T07:55:28+00:00,3,467,0,3.4,3.523,75.57,5.0,phase-4
2026-09-04T07:55:28+00:00,3,468,0,0.52,1.449,13.78,4.5,phase-4
2026-09-04T07:55:28+00:00,3,469,0,3.73,5.594,83.25,5.0,phase-4
2026-09-04T07:55:28+00:00,3,470,0,0.0,0.0,0.0,5.0,phase-4
2026-09-04T07:55:28+00:00,3,471,0,3.75,4.344,84.53,5.5,phase-4
2026-09-04T07:55:28+00:00,3,472,0,3.23,4.44,69.18,5.5,phase-4
2026-09-04T07:55:28+00:00,3,473,0,2.21,4.239,55.07,4.5,phase-4
2026-09-04T07:55:28+00:00,3,474,0,1.14,2.877,32.78,4.5,phase-4
2026-09-04T07:55:28+00:00,3,475,0,0.0,0.0,0.0,4.5,phase-4
2026-09-04T07:55:28+00:00,3,476,0,0.21,0.624,5.59,4.0,phase-4
2026-09-04T07:55:28+00:00,3,477,0,0.0,0.0,0.0,4.0,phase-4
2026-09-04T07:55:28+00:00,3,478,0,0.4,1.14,10.52,4.5,phase-4
2026-09-04T07:55:28+00:00,3,480,0,5.01,12.17,81.98,7.9,phase-4
2026-09-04T07:55:28+00:00,3,481,0,4.08,3.834,78.36,6.4,phase-4
2026-09-04T07:55:28+00:00,3,482,0,1.72,2.561,42.65,5.9,phase-4
2026-09-04T07:55:28+00:00,3,483,0,1.83,3.16,44.97,5.5,phase-4
2026-09-04T07:55:28+00:00,3,484,0,0.0,0.0,0.0,5.4,phase-4
2026-09-04T07:55:28+00:00,3,485,0,0.0,0.0,0.0,5.5,phase-4
2026-09-04T07:55:28+00:00,3,486,0,0.89,1.399,25.58,5.5,phase-4
2026-09-04T07:55:28+00:00,3,487,0,1.02,1.471,33.46,5.0,phase-4
2026-09-04T07:55:28+00:00,3,488,0,2.01,1.679,58.42,4.9,phase-4
2026-09-04T07:55:28+00:00,3,489,0,0.56,1.209,13.93,4.5,phase-4
2026-09-04T07:55:28+00:00,3,490,0,0.88,1.99,23.99,5.9,phase-4
2026-09-04T07:55:28+00:00,3,491,0,3.01,4.952,73.02,5.9,phase-4
2026-09-04T07:55:28+00:00,3,492,0,1.2,2.804,24.12,5.5,phase-4
2026-09-04T07:55:28+00:00,3,493,0,0.26,0.382,5.59,5.4,phase-4
2026-09-04T07:55:28+00:00,3,494,0,0.0,0.0,0.0,4.5,phase-4
2026-09-04T07:55:28+00:00,3,495,0,0.11,0.355,4.82,4.0,phase-4
2026-09-04T07:55:28+00:00,3,496,0,1.01,1.794,30.6,4.5,phase-4
2026-09-04T07:55:28+00:00,3,497,0,2.42,1.639,59.65,4.0,phase-4
2026-09-04T07:55:28+00:00,3,498,0,2.71,2.307,67.39,5.9,phase-4
2026-09-04T07:55:28+00:00,3,499,0,1.82,3.134,61.86,5.5,phase-4
2026-09-04T07:55:28+00:00,3,500,0,0.0,0.0,0.0,5.0,phase-4
2026-09-04T07:55:28+00:00,3,501,0,0.69,1.951,32.56,5.0,phase-4
2026-09-04T07:55:28+00:00,3,502,0,1.18,2.125,38.98,4.5,phase-4
2026-09-04T07:55:28+00:00,3,503,0,1.61,2.711,65.18,5.0,phase-4
2026-09-04T07:55:28+00:00,3,504,0,2.74,3.848,90.0,5.0,phase-4
2026-09-04T07:55:28+00:00,3,505,0,0.0,0.0,0.0,4.5,phase-4
2026-09-04T07:55:28+00:00,3,506,0,0.87,1.98,29.25,4.5,phase-4
2026-09-04T07:55:28+00:00,3,508,0,0.2,0.834,7.65,4.0,phase-4
2026-09-04T07:55:28+00:00,3,509,0,0.27,0.516,4.82,4.0,phase-4
2026-09-04T07:55:28+00:00,3,510,0,0.27,0.516,4.82,4.0,phase-4
2026-09-04T07:55:28+00:00,3,511,0,0.0,0.0,0.0,4.0,phase-4
2026-09-04T07:55:28+00:00,3,512,0,1.08,1.935,32.85,6.5,phase-4
2026-09-04T07:55:28+00:00,3,513,0,0.0,0.0,0.0,6.0,phase-4
2026-09-04T07:55:28+00:00,3,514,0,1.58,2.205,42.35,5.9,phase-4
2026-09-04T07:55:28+00:00,3,515,0,0.11,0.2,3.61,6.4,phase-4
2026-09-04T07:55:28+00:00,3,516,0,1.66,0.715,51.05,5.5,phase-4
2026-09-04T07:55:28+00:00,3,517,0,0.0,0.0,0.0,5.5,phase-4
2026-09-04T07:55:28+00:00,3,518,0,0.0,0.0,0.0,4.9,phase-4
2026-09-04T07:55:28+00:00,3,519,0,0.74,1.283,31.71,5.4,phase-4
2026-09-04T07:55:28+00:00,3,520,0,0.77,1.283,27.46,5.4,phase-4
2026-09-04T07:55:28+00:00,3,521,0,0.0,0.0,0.0,6.5,phase-4
2026-09-04T07:55:28+00:00,3,522,0,1.2,1.588,44.59,5.0,phase-4
2026-09-04T07:55:28+00:00,3,523,0,1.36,1.62,42.67,5.0,phase-4
2026-09-04T07:55:28+00:00,3,524,0,0.14,0.253,4.82,4.5,phase-4
2026-09-04T07:55:28+00:00,3,525,0,2.27,1.369,65.18,5.9,phase-4
2026-09-04T07:55:28+00:00,3,526,0,0.87,1.714,23.61,5.9,phase-4
2026-09-04T07:55:28+00:00,3,527,0,1.86,2.755,45.72,5.9,phase-4
2026-09-04T07:55:28+00:00,3,528,0,0.0,0.0,0.0,4.5,phase-4
2026-09-04T07:55:28+00:00,3,529,0,2.85,2.153,77.46,5.0,phase-4
2026-09-04T07:55:28+00:00,3,531,0,0.39,0.767,9.94,4.5,phase-4
2026-09-04T07:55:28+00:00,3,532,0,2.16,2.305,64.16,5.0,phase-4
2026-09-04T07:55:28+00:00,3,533,0,2.68,2.877,67.76,5.5,phase-4
2026-09-04T07:55:28+00:00,3,534,0,2.01,2.678,76.25,4.5,phase-4
2026-09-04T07:55:28+00:00,3,535,0,1.75,1.755,61.7,5.0,phase-4
2026-09-04T07:55:28+00:00,3,536,0,1.72,1.899,62.73,4.5,phase-4
2026-09-04T07:55:28+00:00,3,537,0,0.0,0.0,0.0,4.5,phase-4
2026-09-04T07:55:28+00:00,3,539,0,0.33,1.446,20.8,4.0,phase-4
2026-09-04T07:55:28+00:00,3,540,0,0.0,0.0,0.0,4.0,phase-4
2026-09-04T07:55:28+00:00,3,541,0,2.18,2.535,81.08,4.5,phase-4
2026-09-04T07:55:28+00:00,3,542,0,2.63,2.426,75.04,5.9,phase-4
2026-09-04T07:55:28+00:00,3,543,0,0.0,0.0,0.0,5.5,phase-4
2026-09-04T07:55:28+00:00,3,544,0,2.68,1.186,73.82,5.5,phase-4
2026-09-04T07:55:28+00:00,3,545,0,1.96,0.478,75.04,5.0,phase-4
2026-09-04T07:55:28+00:00,3,546,0,0.0,0.0,0.0,4.9,phase-4
2026-09-04T07:55:28+00:00,3,547,0,1.2,5.346,8.83,5.0,phase-4
2026-09-04T07:55:28+00:00,3,548,0,0.61,1.02,22.32,5.0,phase-4
2026-09-04T07:55:28+00:00,3,549,0,1.37,1.58,37.36,5.4,phase-4
2026-09-04T07:55:28+00:00,3,550,0,0.17,0.325,6.84,5.0,phase-4
2026-09-04T07:55:28+00:00,3,551,0,0.67,1.194,28.56,5.0,phase-4
2026-09-04T07:55:28+00:00,3,552,0,1.65,2.377,56.13,5.9,phase-4
2026-09-04T07:55:28+00:00,3,553,0,1.87,3.718,30.48,5.5,phase-4
2026-09-04T07:55:28+00:00,3,555,0,0.14,0.455,6.15,4.0,phase-4
2026-09-04T07:55:28+00:00,3,556,0,0.38,0.847,6.22,4.0,phase-4
2026-09-04T07:55:28+00:00,3,557,0,0.55,1.164,21.14,6.5,phase-4
2026-09-04T07:55:28+00:00,3,558,0,1.85,0.468,55.09,5.0,phase-4
2026-09-04T07:55:28+00:00,3,559,0,0.41,0.803,8.63,5.0,phase-4
2026-09-04T07:55:28+00:00,3,560,0,0.12,0.398,5.62,4.5,phase-4
2026-09-04T07:55:28+00:00,3,561,0,0.12,0.398,5.62,4.5,phase-4
2026-09-04T07:55:28+00:00,3,562,0,2.43,3.118,75.68,5.5,phase-4
2026-09-04T07:55:28+00:00,3,563,0,1.42,1.189,50.01,5.0,phase-4
2026-09-04T07:55:28+00:00,3,564,0,2.04,1.663,77.03,4.5,phase-4
2026-09-04T07:55:28+00:00,3,565,0,3.13,2.302,73.55,5.7,phase-4
2026-09-04T07:55:28+00:00,3,566,0,1.87,3.259,90.0,5.0,phase-4
2026-09-04T07:55:28+00:00,3,567,0,3.02,3.826,90.0,5.0,phase-4
2026-09-04T07:55:28+00:00,3,568,0,0.17,0.411,5.62,5.5,phase-4
2026-09-04T07:55:28+00:00,3,569,0,2.62,2.161,81.03,6.0,phase-4
2026-09-04T07:55:28+00:00,3,570,0,1.8,1.068,79.61,5.5,phase-4
2026-09-04T07:55:28+00:00,3,571,0,1.13,1.26,43.62,4.9,phase-4
2026-09-04T07:55:28+00:00,3,572,0,4.88,5.254,90.0,4.6,phase-4
2026-09-04T07:55:28+00:00,3,573,0,0.16,0.492,6.25,4.5,phase-4
2026-09-04T07:55:28+00:00,3,574,0,0.17,0.307,6.22,5.0,phase-4
2026-09-04T07:55:28+00:00,3,575,0,1.52,0.399,85.17,5.0,phase-4
2026-09-04T07:55:28+00:00,3,576,0,1.72,0.419,90.0,5.0,phase-4
2026-09-04T07:55:28+00:00,3,577,0,0.36,1.042,15.18,4.5,phase-4
2026-09-04T07:55:28+00:00,3,578,0,0.12,0.23,4.82,5.4,phase-4
2026-09-04T07:55:28+00:00,3,579,0,0.29,0.8,19.06,5.4,phase-4
2026-09-04T07:55:28+00:00,3,580,0,1.2,0.403,23.02,5.0,phase-4
2026-09-04T07:55:28+00:00,3,581,0,0.21,0.624,5.59,5.4,phase-4
2026-09-04T07:55:28+00:00,3,582,0,0.0,0.0,0.0,5.5,phase-4
2026-09-04T07:55:28+00:00,3,583,0,1.07,0.176,24.02,5.0,phase-4
2026-09-04T07:55:28+00:00,3,584,0,2.01,1.602,68.56,5.5,phase-4
2026-09-04T07:55:28+00:00,3,585,0,1.19,0.449,27.12,4.0,phase-4
2026-09-04T07:55:28+00:00,3,586,0,4.78,6.889,90.0,4.0,phase-4
2026-09-04T07:55:28+00:00,3,587,0,0.18,0.541,5.18,5.0,phase-4
2026-09-04T07:55:28+00:00,3,588,0,1.28,1.739,60.58,5.0,phase-4
2026-09-04T07:55:28+00:00,3,589,0,1.13,0.076,27.12,5.0,phase-4
2026-09-04T07:55:28+00:00,3,590,0,0.21,0.624,5.59,4.5,phase-4
2026-09-04T07:55:28+00:00,3,591,0,3.19,3.847,77.03,5.5,phase-4
2026-09-04T07:55:28+00:00,3,592,0,0.59,1.126,13.47,4.0,phase-4
2026-09-04T07:55:28+00:00,3,593,0,3.15,3.874,90.0,4.5,phase-4
2026-09-04T07:55:28+00:00,3,594,0,0.17,0.309,5.92,6.0,phase-4
2026-09-04T07:55:28+00:00,3,595,0,0.58,1.036,13.45,5.0,phase-4
2026-09-04T07:55:28+00:00,3,596,0,0.25,0.577,6.38,4.5,phase-4
2026-09-04T07:55:28+00:00,3,597,0,1.67,1.703,57.08,5.0,phase-4
2026-09-04T07:55:28+00:00,3,598,0,1.1,0.204,24.99,4.5,phase-4
2026-09-04T07:55:28+00:00,3,599,0,0.13,0.257,5.65,5.0,phase-4
2026-09-04T07:55:28+00:00,3,600,0,1.04,1.274,16.48,5.0,phase-4
2026-09-04T07:55:28+00:00,3,601,0,0.12,0.23,4.82,4.5,phase-4
2026-09-04T07:55:28+00:00,3,603,0,0.13,0.425,5.73,4.0,phase-4
2026-09-04T07:55:28+00:00,3,604,0,0.14,0.271,5.73,4.5,phase-4
2026-09-04T07:55:28+00:00,3,605,0,2.77,4.996,47.61,4.5,phase-4
2026-09-04T07:55:28+00:00,3,606,0,0.16,0.487,6.38,4.0,phase-4
2026-09-04T07:55:28+00:00,3,607,0,0.16,0.3,6.38,4.5,phase-4
2026-09-04T07:55:28+00:00,3,608,0,0.33,0.691,6.25,5.0,phase-4
2026-09-04T07:55:28+00:00,3,609,0,0.2,0.609,6.2,4.0,phase-4
2026-09-04T07:55:28+00:00,3,610,0,0.14,0.413,3.96,4.0,phase-4
2026-09-04T07:55:28+00:00,3,611,0,1.74,1.65,56.52,4.5,phase-4
2026-09-04T07:55:28+00:00,3,612,0,0.13,0.403,5.28,4.5,phase-4
2026-09-04T07:55:28+00:00,3,613,0,0.13,0.251,5.28,4.5,phase-4
2026-09-04T07:55:28+00:00,3,614,0,0.18,0.533,5.92,4.5,phase-4
2026-09-04T07:55:28+00:00,3,615,0,0.16,0.492,6.25,4.5,phase-4
2026-09-04T07:55:28+00:00,3,616,0,0.27,0.533,5.18,5.5,phase-4
2026-09-04T07:55:28+00:00,3,617,0,0.28,0.419,6.22,5.0,phase-4
2026-09-04T07:55:28+00:00,3,618,0,0.16,0.3,6.38,6.0,phase-4
2026-09-04T07:55:28+00:00,3,619,0,0.8,1.179,13.97,5.0,phase-4
2026-09-04T07:55:28+00:00,3,620,0,2.3,3.499,53.68,4.5,phase-4
2026-09-04T07:55:28+00:00,3,621,0,0.3,0.811,5.18,4.5,phase-4
2026-09-04T07:55:28+00:00,3,622,0,0.29,0.656,5.18,4.0,phase-4
2026-09-04T07:55:28+00:00,3,623,0,0.32,0.67,10.62,4.0,phase-4
2026-09-04T07:55:28+00:00,3,625,0,0.13,0.425,5.73,4.0,phase-4
2026-09-04T07:55:28+00:00,3,626,0,0.14,0.26,5.28,4.5,phase-4
2026-09-04T07:55:28+00:00,3,627,0,0.14,0.27,5.81,8.0,phase-4
2026-09-04T07:55:28+00:00,3,628,0,0.14,0.256,5.18,6.0,phase-4
2026-09-04T07:55:28+00:00,3,629,0,0.13,0.425,5.73,4.0,phase-4
2026-09-04T07:55:28+00:00,3,630,0,1.72,1.998,74.52,4.5,phase-4
2026-09-04T07:55:28+00:00,3,631,0,0.16,0.3,6.38,6.0,phase-4
2026-09-04T07:55:28+00:00,3,632,0,0.14,0.281,6.22,5.0,phase-4
2026-09-04T07:55:28+00:00,3,633,0,0.14,0.455,6.15,4.5,phase-4
2026-09-04T07:55:28+00:00,3,634,0,0.14,0.28,6.2,6.0,phase-4
2026-09-04T07:55:28+00:00,3,635,0,0.14,0.26,5.28,5.0,phase-4
2026-09-04T07:55:28+00:00,3,636,0,0.14,0.26,5.28,5.0,phase-4
2026-09-04T07:55:28+00:00,3,637,0,0.14,0.281,6.22,5.0,phase-4
2026-09-04T07:55:28+00:00,3,638,0,0.23,0.698,6.22,4.0,phase-4
2026-09-04T07:55:28+00:00,3,639,0,0.15,0.285,5.92,5.5,phase-4
2026-09-04T07:55:28+00:00,3,640,0,1.71,4.523,36.65,5.5,phase-4
2026-09-04T07:55:28+00:00,3,641,0,0.13,0.425,5.73,4.5,phase-4
2026-09-04T07:55:28+00:00,3,642,0,0.17,0.307,6.22,5.5,phase-4
2026-09-04T07:55:28+00:00,3,643,0,0.22,0.78,7.96,4.5,phase-4
2026-09-04T07:55:28+00:00,3,644,0,0.15,0.289,6.15,5.0,phase-4
2026-09-04T07:55:28+00:00,3,645,0,0.17,0.307,6.22,5.0,phase-4
2026-09-04T07:55:28+00:00,3,646,0,0.13,0.251,5.28,5.5,phase-4
2026-09-04T07:55:28+00:00,3,647,0,0.15,0.289,6.15,5.5,phase-4
2026-09-04T07:55:28+00:00,3,648,0,0.14,0.271,5.73,5.0,phase-4
2026-09-04T07:55:28+00:00,3,649,0,1.27,2.44,34.39,4.5,phase-4
2026-09-04T07:55:28+00:00,3,650,0,0.18,0.544,5.28,4.5,phase-4
2026-09-04T07:55:28+00:00,3,651,0,0.12,0.241,5.28,4.5,phase-4
2026-09-04T07:55:28+00:00,3,652,0,0.15,0.285,5.92,5.5,phase-4
2026-09-12T07:52:02+00:00,4,1,0,3.15,3.227,83.42,6.0,phase-4
2026-09-12T07:52:02+00:00,4,2,0,0.25,0.655,6.97,4.9,phase-4
2026-09-12T07:52:02+00:00,4,3,0,0.17,0.519,5.51,4.9,phase-4
2026-09-12T07:52:02+00:00,4,4,0,3.34,5.561,75.49,8.0,phase-4
2026-09-12T07:52:02+00:00,4,5,0,0.49,1.492,12.55,6.5,phase-4
2026-09-12T07:52:02+00:00,4,6,0,0.0,0.0,0.0,5.9,phase-4
2026-09-12T07:52:02+00:00,4,7,0,1.12,1.354,38.15,5.5,phase-4
2026-09-12T07:52:02+00:00,4,8,0,2.38,5.285,59.86,5.8,phase-4
2026-09-12T07:52:02+00:00,4,9,0,1.48,2.623,39.99,5.3,phase-4
2026-09-12T07:52:02+00:00,4,10,0,1.7,3.382,42.83,5.5,phase-4
2026-09-12T07:52:02+00:00,4,11,0,0.69,1.752,18.97,5.4,phase-4
2026-09-12T07:52:02+00:00,4,12,0,3.83,6.951,69.83,9.5,phase-4
2026-09-12T07:52:02+00:00,4,13,0,3.4,2.727,81.16,7.4,phase-4
2026-09-12T07:52:02+00:00,4,14,0,1.98,2.895,44.84,6.3,phase-4
2026-09-12T07:52:02+00:00,4,15,0,2.58,4.544,51.26,6.7,phase-4
2026-09-12T07:52:02+00:00,4,16,0,1.01,1.788,28.72,6.3,phase-4
2026-09-12T07:52:02+00:00,4,17,0,1.15,2.667,25.84,5.8,phase-4
2026-09-12T07:52:02+00:00,4,18,0,0.0,0.0,0.0,6.3,phase-4
2026-09-12T07:52:02+00:00,4,19,0,2.37,1.964,62.5,5.4,phase-4
2026-09-12T07:52:02+00:00,4,20,0,0.3,0.623,6.97,5.3,phase-4
2026-09-12T07:52:02+00:00,4,21,0,0.0,0.0,0.0,4.9,phase-4
2026-09-12T07:52:02+00:00,4,22,0,0.0,0.0,0.0,5.4,phase-4
2026-09-12T07:52:02+00:00,4,24,0,0.0,0.0,0.0,5.5,phase-4
2026-09-12T07:52:02+00:00,4,25,0,1.78,3.245,46.68,7.2,phase-4
2026-09-12T07:52:02+00:00,4,26,0,1.54,2.698,38.97,7.5,phase-4
2026-09-12T07:52:02+00:00,4,27,0,0.0,0.0,0.0,5.9,phase-4
2026-09-12T07:52:02+00:00,4,28,0,3.58,3.314,79.56,5.0,phase-4
2026-09-12T07:52:02+00:00,4,29,0,1.03,2.21,24.87,4.5,phase-4
2026-09-12T07:52:02+00:00,4,30,0,0.0,0.0,0.0,4.5,phase-4
2026-09-12T07:52:02+00:00,4,31,0,2.33,2.65,68.34,4.5,phase-4
2026-09-12T07:52:02+00:00,4,32,0,2.39,5.124,68.79,4.5,phase-4
2026-09-12T07:52:02+00:00,4,33,0,1.81,3.44,43.87,4.5,phase-4
2026-09-12T07:52:02+00:00,4,34,0,2.26,2.923,59.01,4.5,phase-4
2026-09-12T07:52:02+00:00,4,35,0,0.68,1.086,26.4,5.0,phase-4
2026-09-12T07:52:02+00:00,4,36,0,2.51,3.442,66.98,4.5,phase-4
2026-09-12T07:52:02+00:00,4,37,0,2.11,3.129,54.8,4.5,phase-4
2026-09-12T07:52:02+00:00,4,38,0,0.29,0.829,7.98,4.0,phase-4
2026-09-12T07:52:02+00:00,4,39,0,0.0,0.0,0.0,4.0,phase-4
2026-09-12T07:52:02+00:00,4,40,0,4.92,11.718,90.0,7.6,phase-4
2026-09-12T07:52:02+00:00,4,41,0,2.92,4.411,71.3,5.9,phase-4
2026-09-12T07:52:02+00:00,4,42,0,1.09,1.786,26.2,5.5,phase-4
2026-09-12T07:52:02+00:00,4,43,0,2.44,2.573,60.53,5.9,phase-4
2026-09-12T07:52:02+00:00,4,44,0,0.0,0.0,0.0,5.4,phase-4
2026-09-12T07:52:02+00:00,4,45,0,2.8,4.204,81.74,5.4,phase-4
2026-09-12T07:52:02+00:00,4,46,0,2.15,3.035,48.87,5.0,phase-4
2026-09-12T07:52:02+00:00,4,47,0,2.21,0.987,65.79,5.0,phase-4
2026-09-12T07:52:02+00:00,4,48,0,0.0,0.0,0.0,5.0,phase-4
2026-09-12T07:52:02+00:00,4,50,0,0.19,0.33,6.31,4.5,phase-4
2026-09-12T07:52:02+00:00,4,51,0,0.93,1.225,32.03,4.5,phase-4
2026-09-12T07:52:02+00:00,4,52,0,0.08,0.347,6.31,5.0,phase-4
2026-09-12T07:52:02+00:00,4,53,0,0.08,0.16,3.16,5.9,phase-4
2026-09-12T07:52:02+00:00,4,54,0,0.0,0.0,0.0,5.5,phase-4
2026-09-12T07:52:02+00:00,4,55,0,0.0,0.0,0.0,7.8,phase-4
2026-09-12T07:52:02+00:00,4,56,0,0.41,0.8,9.64,5.5,phase-4
2026-09-12T07:52:02+00:00,4,57,0,3.37,2.782,90.0,4.5,phase-4
2026-09-12T07:52:02+00:00,4,58,0,0.16,0.503,6.11,4.0,phase-4
2026-09-12T07:52:02+00:00,4,60,0,3.02,3.363,73.64,5.5,phase-4
2026-09-12T07:52:02+00:00,4,61,0,3.16,4.046,90.0,5.5,phase-4
2026-09-12T07:52:02+00:00,4,62,0,0.82,2.03,30.23,5.0,phase-4
2026-09-12T07:52:02+00:00,4,63,0,0.0,0.0,0.0,5.0,phase-4
2026-09-12T07:52:02+00:00,4,64,0,1.46,2.871,55.97,4.5,phase-4
2026-09-12T07:52:02+00:00,4,65,0,0.0,0.0,0.0,4.4,phase-4
2026-09-12T07:52:02+00:00,4,66,0,0.17,0.507,6.11,4.0,phase-4
2026-09-12T07:52:02+00:00,4,67,0,2.66,5.609,56.34,6.4,phase-4
2026-09-12T07:52:02+00:00,4,68,0,4.42,9.533,84.93,6.0,phase-4
2026-09-12T07:52:02+00:00,4,69,0,4.09,3.305,88.7,6.1,phase-4
2026-09-12T07:52:02+00:00,4,70,0,1.61,3.65,48.27,6.0,phase-4
2026-09-12T07:52:02+00:00,4,71,0,1.09,1.254,38.18,5.0,phase-4
2026-09-12T07:52:02+00:00,4,72,0,0.46,1.133,6.11,4.9,phase-4
2026-09-12T07:52:02+00:00,4,73,0,1.8,1.505,53.16,5.0,phase-4
2026-09-12T07:52:02+00:00,4,74,0,0.89,1.635,29.67,5.0,phase-4
2026-09-12T07:52:02+00:00,4,75,0,0.74,1.58,22.68,5.0,phase-4
2026-09-12T07:52:02+00:00,4,76,0,0.25,0.485,9.32,5.0,phase-4
2026-09-12T07:52:02+00:00,4,77,0,0.0,0.0,0.0,4.9,phase-4
2026-09-12T07:52:02+00:00,4,78,0,0.0,0.0,0.0,7.4,phase-4
2026-09-12T07:52:02+00:00,4,79,0,3.23,5.112,86.19,6.0,phase-4
2026-09-12T07:52:02+00:00,4,80,0,0.0,0.0,0.0,5.5,phase-4
2026-09-12T07:52:02+00:00,4,81,0,0.26,0.395,6.11,6.0,phase-4
2026-09-12T07:52:02+00:00,4,82,0,3.0,1.942,80.72,5.0,phase-4
2026-09-12T07:52:02+00:00,4,83,0,0.17,0.473,6.74,4.5,phase-4
2026-09-12T07:52:02+00:00,4,84,0,0.0,0.0,0.0,5.5,phase-4
2026-09-12T07:52:02+00:00,4,85,0,0.0,0.0,0.0,4.9,phase-4
2026-09-12T07:52:02+00:00,4,86,0,2.77,3.988,64.28,5.5,phase-4
2026-09-12T07:52:02+00:00,4,87,0,1.86,1.863,62.09,4.5,phase-4
2026-09-12T07:52:02+00:00,4,88,0,2.39,4.742,80.72,4.6,phase-4
2026-09-12T07:52:02+00:00,4,89,0,0.65,1.691,26.41,4.5,phase-4
2026-09-12T07:52:02+00:00,4,90,0,0.55,1.398,19.69,4.5,phase-4
2026-09-12T07:52:02+00:00,4,91,0,0.35,1.475,19.54,4.5,phase-4
2026-09-12T07:52:02+00:00,4,92,0,0.12,0.378,5.33,4.5,phase-4
2026-09-12T07:52:02+00:00,4,93,0,1.15,0.512,23.24,4.5,phase-4
2026-09-12T07:52:02+00:00,4,94,0,3.04,5.518,75.24,6.0,phase-4
2026-09-12T07:52:02+00:00,4,95,0,2.69,4.514,59.31,6.4,phase-4
2026-09-12T07:52:02+00:00,4,96,0,2.46,2.937,57.62,5.5,phase-4
2026-09-12T07:52:02+00:00,4,97,0,0.0,0.0,0.0,5.4,phase-4
2026-09-12T07:52:02+00:00,4,98,0,2.0,2.122,56.01,5.0,phase-4
2026-09-12T07:52:02+00:00,4,99,0,0.0,0.0,0.0,5.0,phase-4
2026-09-12T07:52:02+00:00,4,100,0,0.35,0.741,6.74,5.0,phase-4
2026-09-12T07:52:02+00:00,4,101,0,0.0,0.0,0.0,4.9,phase-4
2026-09-12T07:52:02+00:00,4,102,0,1.75,0.863,56.1,4.9,phase-4
2026-09-12T07:52:02+00:00,4,103,0,0.0,0.0,0.0,4.9,phase-4
2026-09-12T07:52:02+00:00,4,104,0,0.92,1.949,21.29,4.9,phase-4
2026-09-12T07:52:02+00:00,4,105,0,2.65,4.346,63.94,6.0,phase-4
2026-09-12T07:52:02+00:00,4,106,0,4.15,9.214,80.72,7.9,phase-4
2026-09-12T07:52:02+00:00,4,107,0,0.26,0.381,5.33,4.5,phase-4
2026-09-12T07:52:02+00:00,4,108,0,1.46,3.327,25.78,5.5,phase-4
2026-09-12T07:52:02+00:00,4,109,0,3.52,3.493,90.0,4.5,phase-4
2026-09-12T07:52:02+00:00,4,110,0,2.2,2.142,87.93,4.5,phase-4
2026-09-12T07:52:02+00:00,4,111,0,0.19,0.569,6.32,4.0,phase-4
2026-09-12T07:52:02+00:00,4,112,0,3.44,4.881,80.58,4.9,phase-4
2026-09-12T07:52:02+00:00,4,113,0,2.62,3.874,85.04,4.4,phase-4
2026-09-12T07:52:02+00:00,4,114,0,1.82,3.178,51.46,4.5,phase-4
2026-09-12T07:52:02+00:00,4,115,0,3.4,10.106,62.39,4.8,phase-4
2026-09-12T07:52:02+00:00,4,116,0,2.7,3.47,87.84,4.5,phase-4
2026-09-12T07:52:02+00:00,4,117,0,0.21,0.871,9.64,4.5,phase-4
2026-09-12T07:52:02+00:00,4,118,0,0.0,0.0,0.0,4.5,phase-4
2026-09-12T07:52:02+00:00,4,119,0,0.87,1.819,20.09,4.5,phase-4
2026-09-12T07:52:02+00:00,4,120,0,0.19,0.569,6.32,5.0,phase-4
2026-09-12T07:52:02+00:00,4,121,0,0.0,0.0,0.0,5.9,phase-4
2026-09-12T07:52:02+00:00,4,122,0,0.0,0.0,0.0,5.9,phase-4
2026-09-12T07:52:02+00:00,4,123,0,0.0,0.0,0.0,6.0,phase-4
2026-09-12T07:52:02+00:00,4,124,0,2.97,4.46,70.98,5.6,phase-4
2026-09-12T07:52:02+00:00,4,125,0,1.64,2.885,39.45,5.4,phase-4
2026-09-12T07:52:02+00:00,4,126,0,0.35,0.757,9.64,5.5,phase-4
2026-09-12T07:52:02+00:00,4,127,0,3.45,5.595,81.36,5.0,phase-4
2026-09-12T07:52:02+00:00,4,128,0,0.0,0.0,0.0,5.0,phase-4
2026-09-12T07:52:02+00:00,4,129,0,2.54,3.151,63.63,5.4,phase-4
2026-09-12T07:52:02+00:00,4,130,0,0.0,0.0,0.0,5.0,phase-4
2026-09-12T07:52:02+00:00,4,131,0,0.0,0.0,0.0,5.0,phase-4
2026-09-12T07:52:02+00:00,4,132,0,0.0,0.0,0.0,4.5,phase-4
2026-09-12T07:52:02+00:00,4,133,0,0.0,0.0,0.0,5.0,phase-4
2026-09-12T07:52:02+00:00,4,134,0,0.36,0.497,6.32,4.5,phase-4
2026-09-12T07:52:02+00:00,4,135,0,0.0,0.0,0.0,4.9,phase-4
2026-09-12T07:52:02+00:00,4,136,0,2.22,4.41,51.31,5.9,phase-4
2026-09-12T07:52:02+00:00,4,137,0,0.0,0.0,0.0,5.5,phase-4
2026-09-12T07:52:02+00:00,4,138,0,1.46,3.013,31.86,5.5,phase-4
2026-09-12T07:52:02+00:00,4,139,0,0.0,0.0,0.0,5.0,phase-4
2026-09-12T07:52:02+00:00,4,140,0,0.0,0.0,0.0,4.9,phase-4
2026-09-12T07:52:02+00:00,4,141,0,0.0,0.0,0.0,5.0,phase-4
2026-09-12T07:52:02+00:00,4,142,0,2.77,5.433,64.52,5.4,phase-4
2026-09-12T07:52:02+00:00,4,143,0,0.0,0.0,0.0,5.5,phase-4
2026-09-12T07:52:02+00:00,4,144,0,2.64,4.365,72.03,5.0,phase-4
2026-09-12T07:52:02+00:00,4,145,0,2.23,3.45,57.27,5.0,phase-4
2026-09-12T07:52:02+00:00,4,146,0,0.0,0.0,0.0,4.5,phase-4
2026-09-12T07:52:02+00:00,4,147,0,0.56,1.588,16.76,4.4,phase-4
2026-09-12T07:52:02+00:00,4,148,0,1.62,3.366,50.69,4.5,phase-4
2026-09-12T07:52:02+00:00,4,149,0,0.76,2.251,25.85,4.9,phase-4
2026-09-12T07:52:02+00:00,4,150,0,0.0,0.0,0.0,4.5,phase-4
2026-09-12T07:52:02+00:00,4,151,0,1.44,3.221,38.49,4.5,phase-4
2026-09-12T07:52:02+00:00,4,152,0,0.0,0.0,0.0,5.4,phase-4
2026-09-12T07:52:02+00:00,4,153,0,1.23,2.249,39.73,4.5,phase-4
2026-09-12T07:52:02+00:00,4,154,0,4.26,10.645,74.88,9.7,phase-4
2026-09-12T07:52:02+00:00,4,155,0,2.72,4.879,63.88,6.9,phase-4
2026-09-12T07:52:02+00:00,4,156,0,3.58,6.438,77.05,6.5,phase-4
2026-09-12T07:52:02+00:00,4,157,0,1.12,2.91,25.34,6.4,phase-4
2026-09-12T07:52:02+00:00,4,158,0,0.47,0.84,14.11,5.9,phase-4
2026-09-12T07:52:02+00:00,4,159,0,0.0,0.0,0.0,5.4,phase-4
2026-09-12T07:52:02+00:00,4,160,0,1.2,1.626,33.35,5.9,phase-4
2026-09-12T07:52:02+00:00,4,161,0,1.25,2.646,37.34,5.0,phase-4
2026-09-12T07:52:02+00:00,4,162,0,1.02,1.622,32.34,4.9,phase-4
2026-09-12T07:52:02+00:00,4,163,0,0.0,0.0,0.0,4.5,phase-4
2026-09-12T07:52:02+00:00,4,164,0,0.18,0.32,6.09,5.4,phase-4
2026-09-12T07:52:02+00:00,4,165,0,5.13,11.756,84.75,7.7,phase-4
2026-09-12T07:52:02+00:00,4,166,0,1.89,1.678,65.57,6.5,phase-4
2026-09-12T07:52:02+00:00,4,167,0,0.89,1.412,32.62,5.5,phase-4
2026-09-12T07:52:02+00:00,4,168,0,0.0,0.0,0.0,5.0,phase-4
2026-09-12T07:52:02+00:00,4,169,0,0.26,0.391,6.09,4.5,phase-4
2026-09-12T07:52:02+00:00,4,170,0,0.0,0.0,0.0,5.0,phase-4
2026-09-12T07:52:02+00:00,4,172,0,0.13,0.42,5.73,4.5,phase-4
2026-09-12T07:52:02+00:00,4,173,0,2.53,3.377,87.93,4.0,phase-4
2026-09-12T07:52:02+00:00,4,175,0,1.72,2.314,87.93,4.0,phase-4
2026-09-12T07:52:02+00:00,4,176,0,2.13,2.797,87.93,4.0,phase-4
2026-09-12T07:52:02+00:00,4,177,0,0.0,0.0,0.0,4.0,phase-4
2026-09-12T07:52:02+00:00,4,178,0,0.13,0.42,5.73,4.0,phase-4
2026-09-12T07:52:02+00:00,4,179,0,0.13,0.42,5.73,4.0,phase-4
2026-09-12T07:52:02+00:00,4,180,0,0.0,0.0,0.0,4.0,phase-4
2026-09-12T07:52:02+00:00,4,182,0,1.75,2.489,87.93,4.0,phase-4
2026-09-12T07:52:02+00:00,4,183,0,1.9,2.476,59.5,5.0,phase-4
2026-09-12T07:52:02+00:00,4,184,0,0.91,1.16,31.57,5.0,phase-4
2026-09-12T07:52:02+00:00,4,185,0,0.57,1.124,11.77,4.9,phase-4
2026-09-12T07:52:02+00:00,4,186,0,1.52,0.993,59.5,5.4,phase-4
2026-09-12T07:52:02+00:00,4,187,0,0.0,0.0,0.0,4.9,phase-4
2026-09-12T07:52:02+00:00,4,188,0,0.92,0.956,17.85,5.4,phase-4
2026-09-12T07:52:02+00:00,4,189,0,0.14,0.27,5.73,4.5,phase-4
2026-09-12T07:52:02+00:00,4,190,0,1.5,2.13,45.06,5.4,phase-4
2026-09-12T07:52:02+00:00,4,193,0,0.0,0.0,0.0,5.4,phase-4
2026-09-12T07:52:02+00:00,4,194,0,1.46,0.137,45.56,5.0,phase-4
2026-09-12T07:52:02+00:00,4,195,0,0.95,1.515,33.4,5.0,phase-4
2026-09-12T07:52:02+00:00,4,198,0,3.44,2.788,89.86,5.0,phase-4
2026-09-12T07:52:02+00:00,4,199,0,0.34,0.687,7.5,4.5,phase-4
2026-09-12T07:52:02+00:00,4,200,0,4.17,4.297,89.77,6.0,phase-4
2026-09-12T07:52:02+00:00,4,201,0,2.42,5.592,58.14,5.4,phase-4
2026-09-12T07:52:02+00:00,4,202,0,3.16,3.147,82.53,5.0,phase-4
2026-09-12T07:52:02+00:00,4,203,0,2.11,1.961,60.08,4.9,phase-4
2026-09-12T07:52:02+00:00,4,204,0,3.34,7.199,88.63,4.5,phase-4
2026-09-12T07:52:02+00:00,4,205,0,0.0,0.0,0.0,4.5,phase-4
2026-09-12T07:52:02+00:00,4,206,0,0.0,0.0,0.0,4.4,phase-4
2026-09-12T07:52:02+00:00,4,207,0,0.24,0.614,6.29,4.4,phase-4
2026-09-12T07:52:02+00:00,4,208,0,0.0,0.0,0.0,6.3,phase-4
2026-09-12T07:52:02+00:00,4,209,0,1.35,1.306,48.23,5.9,phase-4
2026-09-12T07:52:02+00:00,4,210,0,3.01,1.977,80.1,5.5,phase-4
2026-09-12T07:52:02+00:00,4,211,0,2.56,2.868,67.37,5.5,phase-4
2026-09-12T07:52:02+00:00,4,212,0,0.85,1.178,36.24,4.5,phase-4
2026-09-12T07:52:02+00:00,4,213,0,1.2,1.673,37.99,4.9,phase-4
2026-09-12T07:52:02+00:00,4,214,0,2.27,1.052,71.56,5.0,phase-4
2026-09-12T07:52:02+00:00,4,215,0,0.0,0.0,0.0,5.0,phase-4
2026-09-12T07:52:02+00:00,4,216,0,0.0,0.0,0.0,5.0,phase-4
2026-09-12T07:52:02+00:00,4,218,0,0.15,0.282,5.93,4.9,phase-4
2026-09-12T07:52:02+00:00,4,220,0,0.0,0.0,0.0,4.5,phase-4
2026-09-12T07:52:02+00:00,4,221,0,0.3,0.436,5.93,4.5,phase-4
2026-09-12T07:52:02+00:00,4,222,0,2.04,1.981,63.86,6.0,phase-4
2026-09-12T07:52:02+00:00,4,223,0,0.0,0.0,0.0,6.4,phase-4
2026-09-12T07:52:02+00:00,4,224,0,1.55,3.806,33.23,5.5,phase-4
2026-09-12T07:52:02+00:00,4,225,0,0.0,0.0,0.0,5.0,phase-4
2026-09-12T07:52:02+00:00,4,226,0,3.71,3.648,89.66,5.5,phase-4
2026-09-12T07:52:02+00:00,4,227,0,0.19,0.581,5.84,5.0,phase-4
2026-09-12T07:52:02+00:00,4,228,0,0.19,0.581,5.84,4.5,phase-4
2026-09-12T07:52:02+00:00,4,229,0,4.24,4.704,88.46,6.0,phase-4
2026-09-12T07:52:02+00:00,4,230,0,1.82,3.409,44.97,5.5,phase-4
2026-09-12T07:52:02+00:00,4,231,0,2.17,3.305,56.21,4.9,phase-4
2026-09-12T07:52:02+00:00,4,232,0,2.21,2.961,67.49,4.9,phase-4
2026-09-12T07:52:02+00:00,4,233,0,2.97,3.402,83.66,4.5,phase-4
2026-09-12T07:52:02+00:00,4,234,0,0.0,0.0,0.0,4.5,phase-4
2026-09-12T07:52:02+00:00,4,236,0,3.52,4.69,80.06,6.5,phase-4
2026-09-12T07:52:02+00:00,4,237,0,2.84,3.549,71.49,5.9,phase-4
2026-09-12T07:52:02+00:00,4,238,0,1.56,2.267,38.92,6.5,phase-4
2026-09-12T07:52:02+00:00,4,239,0,3.35,1.589,83.47,6.0,phase-4
2026-09-12T07:52:02+00:00,4,240,0,0.74,1.25,33.88,5.0,phase-4
2026-09-12T07:52:02+00:00,4,241,0,1.12,1.744,35.86,5.4,phase-4
2026-09-12T07:52:02+00:00,4,242,0,1.14,1.507,33.83,5.5,phase-4
2026-09-12T07:52:02+00:00,4,243,0,0.48,1.709,15.31,4.9,phase-4
2026-09-12T07:52:02+00:00,4,244,0,1.15,1.262,41.17,5.0,phase-4
2026-09-12T07:52:02+00:00,4,245,0,0.27,0.56,12.0,5.4,phase-4
2026-09-12T07:52:02+00:00,4,246,0,1.27,1.411,42.55,5.0,phase-4
2026-09-12T07:52:02+00:00,4,247,0,1.86,0.64,46.84,5.5,phase-4
2026-09-12T07:52:02+00:00,4,248,0,0.0,0.0,0.0,5.4,phase-4
2026-09-12T07:52:02+00:00,4,249,0,2.79,4.277,67.77,5.6,phase-4
2026-09-12T07:52:02+00:00,4,250,0,2.79,1.697,80.04,4.5,phase-4
2026-09-12T07:52:02+00:00,4,251,0,0.11,0.355,5.21,4.0,phase-4
2026-09-12T07:52:02+00:00,4,253,0,1.77,1.512,69.15,5.0,phase-4
2026-09-12T07:52:02+00:00,4,254,0,1.36,2.322,53.72,4.5,phase-4
2026-09-12T07:52:02+00:00,4,255,0,0.49,1.538,27.4,4.5,phase-4
2026-09-12T07:52:02+00:00,4,256,0,0.78,1.891,34.72,4.4,phase-4
2026-09-12T07:52:02+00:00,4,257,0,1.54,1.663,69.32,4.5,phase-4
2026-09-12T07:52:02+00:00,4,258,0,1.72,2.809,60.34,4.5,phase-4
2026-09-12T07:52:02+00:00,4,259,0,1.12,2.019,41.34,4.0,phase-4
2026-09-12T07:52:02+00:00,4,260,0,2.97,5.181,66.89,6.3,phase-4
2026-09-12T07:52:02+00:00,4,261,0,2.36,1.877,70.4,5.4,phase-4
2026-09-12T07:52:02+00:00,4,262,0,1.39,2.092,39.51,5.4,phase-4
2026-09-12T07:52:02+00:00,4,263,0,0.82,1.398,22.37,5.4,phase-4
2026-09-12T07:52:02+00:00,4,264,0,1.31,2.014,41.56,5.5,phase-4
2026-09-12T07:52:02+00:00,4,265,0,2.03,0.713,70.22,4.9,phase-4
2026-09-12T07:52:02+00:00,4,266,0,0.0,0.0,0.0,5.0,phase-4
2026-09-12T07:52:02+00:00,4,267,0,1.64,1.318,56.81,5.0,phase-4
2026-09-12T07:52:02+00:00,4,268,0,1.93,2.381,52.01,5.5,phase-4
2026-09-12T07:52:02+00:00,4,269,0,1.74,3.738,40.21,4.4,phase-4
2026-09-12T07:52:02+00:00,4,270,0,0.35,0.701,6.59,4.5,phase-4
2026-09-12T07:52:02+00:00,4,271,0,1.02,2.926,20.64,5.4,phase-4
2026-09-12T07:52:02+00:00,4,272,0,0.09,0.314,5.21,4.5,phase-4
2026-09-12T07:52:02+00:00,4,273,0,0.14,0.434,6.08,4.0,phase-4
2026-09-12T07:52:02+00:00,4,274,0,0.0,0.0,0.0,4.5,phase-4
2026-09-12T07:52:02+00:00,4,277,0,1.08,2.075,42.4,4.1,phase-4
2026-09-12T07:52:02+00:00,4,278,0,0.0,0.0,0.0,4.0,phase-4
2026-09-12T07:52:02+00:00,4,279,0,1.45,1.898,45.87,4.2,phase-4
2026-09-12T07:52:02+00:00,4,280,0,1.74,2.382,90.0,4.0,phase-4
2026-09-12T07:52:02+00:00,4,281,0,0.0,0.0,0.0,4.0,phase-4
2026-09-12T07:52:02+00:00,4,282,0,1.23,2.125,42.07,4.0,phase-4
2026-09-12T07:52:02+00:00,4,284,0,0.14,0.434,6.08,4.0,phase-4
2026-09-12T07:52:02+00:00,4,285,0,0.42,1.08,11.02,4.0,phase-4
2026-09-12T07:52:02+00:00,4,286,0,2.33,0.714,90.0,5.0,phase-4
2026-09-12T07:52:02+00:00,4,287,0,0.0,0.0,0.0,5.0,phase-4
2026-09-12T07:52:02+00:00,4,288,0,0.99,0.577,20.47,4.5,phase-4
2026-09-12T07:52:02+00:00,4,289,0,0.56,1.078,36.29,4.5,phase-4
2026-09-12T07:52:02+00:00,4,290,0,1.94,0.567,90.0,4.5,phase-4
2026-09-12T07:52:02+00:00,4,291,0,0.0,0.0,0.0,4.5,phase-4
2026-09-12T07:52:02+00:00,4,292,0,0.15,0.285,6.08,4.9,phase-4
2026-09-12T07:52:02+00:00,4,294,0,0.15,0.285,6.08,4.5,phase-4
2026-09-12T07:52:02+00:00,4,295,0,1.94,2.577,60.44,5.5,phase-4
2026-09-12T07:52:02+00:00,4,297,0,0.0,0.0,0.0,4.5,phase-4
2026-09-12T07:52:02+00:00,4,299,0,0.0,0.0,0.0,4.5,phase-4
2026-09-12T07:52:02+00:00,4,300,0,0.46,0.928,14.34,4.4,phase-4
2026-09-12T07:52:02+00:00,4,301,0,0.72,1.334,22.31,4.0,phase-4
2026-09-12T07:52:02+00:00,4,302,0,0.19,0.369,5.04,4.0,phase-4
2026-09-12T07:52:02+00:00,4,303,0,0.11,0.353,5.04,4.0,phase-4
2026-09-12T07:52:02+00:00,4,304,0,2.36,2.043,74.3,4.0,phase-4
2026-09-12T07:52:02+00:00,4,305,0,1.98,3.877,71.19,4.0,phase-4
2026-09-12T07:52:02+00:00,4,306,0,1.66,1.571,63.93,4.0,phase-4
2026-09-12T07:52:02+00:00,4,307,0,0.0,0.0,0.0,4.0,phase-4
2026-09-12T07:52:02+00:00,4,308,0,1.07,0.275,21.99,4.0,phase-4
2026-09-12T07:52:02+00:00,4,309,0,1.52,1.352,52.38,5.0,phase-4
2026-09-12T07:52:02+00:00,4,310,0,0.12,0.239,5.04,4.9,phase-4
2026-09-12T07:52:02+00:00,4,311,0,0.0,0.0,0.0,5.0,phase-4
2026-09-12T07:52:02+00:00,4,312,0,0.0,0.0,0.0,4.5,phase-4
2026-09-12T07:52:02+00:00,4,313,0,1.17,2.231,25.93,5.4,phase-4
2026-09-12T07:52:02+00:00,4,314,0,0.0,0.0,0.0,4.9,phase-4
2026-09-12T07:52:02+00:00,4,315,0,1.11,1.845,33.56,5.5,phase-4
2026-09-12T07:52:02+00:00,4,316,0,3.05,3.24,76.06,5.5,phase-4
2026-09-12T07:52:02+00:00,4,317,0,0.0,0.0,0.0,5.0,phase-4
2026-09-12T07:52:02+00:00,4,318,0,0.35,0.979,14.93,5.4,phase-4
2026-09-12T07:52:02+00:00,4,319,0,0.0,0.0,0.0,5.0,phase-4
2026-09-12T07:52:02+00:00,4,320,0,1.9,1.953,21.99,5.0,phase-4
2026-09-12T07:52:02+00:00,4,321,0,0.16,0.275,5.04,4.5,phase-4
2026-09-12T07:52:02+00:00,4,322,0,0.0,0.0,0.0,5.0,phase-4
2026-09-12T07:52:02+00:00,4,323,0,0.64,1.333,19.92,4.5,phase-4
2026-09-12T07:52:02+00:00,4,324,0,0.12,0.239,5.04,4.9,phase-4
2026-09-12T07:52:02+00:00,4,325,0,1.4,2.071,38.35,4.5,phase-4
2026-09-12T07:52:02+00:00,4,326,0,0.0,0.0,0.0,4.5,phase-4
2026-09-12T07:52:02+00:00,4,327,0,2.56,3.734,56.68,5.0,phase-4
2026-09-12T07:52:02+00:00,4,328,0,2.17,2.495,69.05,5.0,phase-4
2026-09-12T07:52:02+00:00,4,329,0,0.0,0.0,0.0,4.4,phase-4
2026-09-12T07:52:02+00:00,4,330,0,3.4,7.54,78.71,4.5,phase-4
2026-09-12T07:52:02+00:00,4,331,0,2.19,2.701,64.3,4.5,phase-4
2026-09-12T07:52:02+00:00,4,332,0,2.85,4.101,66.1,4.5,phase-4
2026-09-12T07:52:02+00:00,4,333,0,0.0,0.0,0.0,4.5,phase-4
2026-09-12T07:52:02+00:00,4,334,0,3.12,3.934,85.58,5.0,phase-4
2026-09-12T07:52:02+00:00,4,335,0,3.48,4.202,74.12,6.0,phase-4
2026-09-12T07:52:02+00:00,4,336,0,2.27,5.293,48.62,5.9,phase-4
2026-09-12T07:52:02+00:00,4,337,0,2.57,2.893,67.23,5.4,phase-4
2026-09-12T07:52:02+00:00,4,338,0,3.13,1.053,82.15,5.4,phase-4
2026-09-12T07:52:02+00:00,4,339,0,0.83,1.531,21.65,4.9,phase-4
2026-09-12T07:52:02+00:00,4,340,0,0.15,0.285,6.08,5.0,phase-4
2026-09-12T07:52:02+00:00,4,341,0,0.0,0.0,0.0,5.0,phase-4
2026-09-12T07:52:02+00:00,4,342,0,0.0,0.0,0.0,5.0,phase-4
2026-09-12T07:52:02+00:00,4,343,0,0.64,1.836,14.39,5.0,phase-4
2026-09-12T07:52:02+00:00,4,344,0,0.21,0.43,6.9,5.0,phase-4
2026-09-12T07:52:02+00:00,4,345,0,1.74,2.888,39.61,4.9,phase-4
2026-09-12T07:52:02+00:00,4,346,0,3.26,6.483,76.41,6.0,phase-4
2026-09-12T07:52:02+00:00,4,347,0,1.62,3.531,26.14,5.4,phase-4
2026-09-12T07:52:02+00:00,4,348,0,0.0,0.0,0.0,5.0,phase-4
2026-09-12T07:52:02+00:00,4,349,0,0.0,0.0,0.0,4.5,phase-4
2026-09-12T07:52:02+00:00,4,350,0,2.93,3.006,73.52,5.5,phase-4
2026-09-12T07:52:02+00:00,4,351,0,0.87,1.859,20.74,4.9,phase-4
2026-09-12T07:52:02+00:00,4,352,0,0.37,0.864,8.71,4.0,phase-4
2026-09-12T07:52:02+00:00,4,354,0,0.0,0.0,0.0,4.0,phase-4
2026-09-12T07:52:02+00:00,4,355,0,0.19,0.569,5.71,4.0,phase-4
2026-09-12T07:52:02+00:00,4,356,0,4.41,8.414,87.59,6.5,phase-4
2026-09-12T07:52:02+00:00,4,357,0,1.64,4.165,39.41,5.4,phase-4
2026-09-12T07:52:02+00:00,4,358,0,2.55,4.24,74.69,5.4,phase-4
2026-09-12T07:52:02+00:00,4,359,0,0.0,0.0,0.0,5.0,phase-4
2026-09-12T07:52:02+00:00,4,360,0,0.0,0.0,0.0,5.0,phase-4
2026-09-12T07:52:02+00:00,4,361,0,0.19,0.569,5.71,4.0,phase-4
2026-09-12T07:52:02+00:00,4,362,0,2.76,3.777,87.59,5.0,phase-4
2026-09-12T07:52:02+00:00,4,363,0,0.0,0.0,0.0,4.0,phase-4
2026-09-12T07:52:02+00:00,4,364,0,0.34,1.081,7.18,4.9,phase-4
2026-09-12T07:52:02+00:00,4,366,0,3.36,5.916,74.69,7.4,phase-4
2026-09-12T07:52:02+00:00,4,367,0,3.03,6.362,60.42,7.2,phase-4
2026-09-12T07:52:02+00:00,4,368,0,4.6,8.654,85.24,7.0,phase-4
2026-09-12T07:52:02+00:00,4,369,0,0.89,1.938,20.97,5.8,phase-4
2026-09-12T07:52:02+00:00,4,370,0,0.0,0.0,0.0,5.4,phase-4
2026-09-12T07:52:02+00:00,4,371,0,2.93,3.379,70.8,5.9,phase-4
2026-09-12T07:52:02+00:00,4,372,0,2.63,2.579,73.33,5.4,phase-4
2026-09-12T07:52:02+00:00,4,373,0,0.0,0.0,0.0,5.5,phase-4
2026-09-12T07:52:02+00:00,4,374,0,0.23,0.491,7.22,4.9,phase-4
2026-09-12T07:52:02+00:00,4,375,0,0.22,0.346,5.71,4.9,phase-4
2026-09-12T07:52:02+00:00,4,377,0,2.26,2.433,66.69,6.5,phase-4
2026-09-12T07:52:02+00:00,4,378,0,0.15,0.279,5.71,4.5,phase-4
2026-09-12T07:52:02+00:00,4,379,0,2.39,5.488,41.32,9.1,phase-4
2026-09-12T07:52:02+00:00,4,380,0,0.0,0.0,0.0,7.4,phase-4
2026-09-12T07:52:02+00:00,4,381,0,0.3,0.538,5.71,5.0,phase-4
2026-09-12T07:52:02+00:00,4,382,0,0.13,0.259,5.71,4.5,phase-4
2026-09-12T07:52:02+00:00,4,383,0,0.0,0.0,0.0,5.4,phase-4
2026-09-12T07:52:02+00:00,4,384,0,2.45,1.618,73.58,5.5,phase-4
2026-09-12T07:52:02+00:00,4,385,0,1.79,2.866,36.33,5.0,phase-4
2026-09-12T07:52:02+00:00,4,386,0,0.11,0.351,5.06,4.5,phase-4
2026-09-12T07:52:02+00:00,4,387,0,2.27,4.878,63.0,6.4,phase-4
2026-09-12T07:52:02+00:00,4,388,0,2.88,6.59,74.61,6.0,phase-4
2026-09-12T07:52:02+00:00,4,389,0,1.84,2.362,55.39,5.9,phase-4
2026-09-12T07:52:02+00:00,4,390,0,1.95,2.842,63.17,5.5,phase-4
2026-09-12T07:52:02+00:00,4,391,0,1.65,3.549,50.47,5.6,phase-4
2026-09-12T07:52:02+00:00,4,392,0,0.51,1.439,21.07,5.3,phase-4
2026-09-12T07:52:02+00:00,4,393,0,1.36,1.311,52.89,5.5,phase-4
2026-09-12T07:52:02+00:00,4,394,0,0.0,0.0,0.0,5.0,phase-4
2026-09-12T07:52:02+00:00,4,395,0,0.46,1.784,17.28,4.4,phase-4
2026-09-12T07:52:02+00:00,4,396,0,0.19,0.433,5.06,4.5,phase-4
2026-09-12T07:52:02+00:00,4,397,0,3.98,9.224,76.7,8.4,phase-4
2026-09-12T07:52:02+00:00,4,398,0,3.44,8.236,56.75,7.0,phase-4
2026-09-12T07:52:02+00:00,4,399,0,3.52,7.076,50.17,7.8,phase-4
2026-09-12T07:52:02+00:00,4,400,0,0.0,0.0,0.0,7.4,phase-4
2026-09-12T07:52:02+00:00,4,401,0,1.09,2.241,31.76,7.0,phase-4
2026-09-12T07:52:02+00:00,4,402,0,0.0,0.0,0.0,6.5,phase-4
2026-09-12T07:52:02+00:00,4,403,0,0.76,1.393,22.66,6.5,phase-4
2026-09-12T07:52:02+00:00,4,404,0,0.0,0.0,0.0,6.0,phase-4
2026-09-12T07:52:02+00:00,4,405,0,1.43,1.258,53.21,5.5,phase-4
2026-09-12T07:52:02+00:00,4,406,0,0.23,0.44,6.43,5.4,phase-4
2026-09-12T07:52:02+00:00,4,409,0,0.0,0.0,0.0,4.5,phase-4
2026-09-12T07:52:02+00:00,4,410,0,0.0,0.0,0.0,4.9,phase-4
2026-09-12T07:52:02+00:00,4,411,0,5.6,13.404,73.58,15.5,phase-4
2026-09-12T07:52:02+00:00,4,412,0,2.75,2.007,73.53,5.0,phase-4
2026-09-12T07:52:02+00:00,4,413,0,0.0,0.0,0.0,4.5,phase-4
2026-09-12T07:52:02+00:00,4,414,0,0.0,0.0,0.0,4.0,phase-4
2026-09-12T07:52:02+00:00,4,415,0,1.86,6.011,35.38,5.8,phase-4
2026-09-12T07:52:02+00:00,4,416,0,0.0,0.0,0.0,5.0,phase-4
2026-09-12T07:52:02+00:00,4,417,0,2.18,3.915,64.8,4.9,phase-4
2026-09-12T07:52:02+00:00,4,418,0,1.84,2.651,58.91,4.9,phase-4
2026-09-12T07:52:02+00:00,4,419,0,1.19,2.149,41.78,5.0,phase-4
2026-09-12T07:52:02+00:00,4,420,0,1.15,1.941,35.71,4.9,phase-4
2026-09-12T07:52:02+00:00,4,421,0,0.78,2.367,27.37,4.4,phase-4
2026-09-12T07:52:02+00:00,4,422,0,0.9,2.799,28.61,4.4,phase-4
2026-09-12T07:52:02+00:00,4,423,0,1.58,3.205,59.96,4.4,phase-4
2026-09-12T07:52:02+00:00,4,424,0,0.13,0.404,5.21,4.0,phase-4
2026-09-12T07:52:02+00:00,4,425,0,0.0,0.0,0.0,4.0,phase-4
2026-09-12T07:52:02+00:00,4,426,0,6.41,16.495,76.74,12.0,phase-4
2026-09-12T07:52:02+00:00,4,427,0,4.53,12.942,72.45,7.9,phase-4
2026-09-12T07:52:02+00:00,4,428,0,3.63,7.975,70.32,7.9,phase-4
2026-09-12T07:52:02+00:00,4,429,0,2.02,1.234,60.87,7.0,phase-4
2026-09-12T07:52:02+00:00,4,430,0,0.69,1.633,21.67,5.4,phase-4
2026-09-12T07:52:02+00:00,4,431,0,0.0,0.0,0.0,5.8,phase-4
2026-09-12T07:52:02+00:00,4,432,0,2.05,1.533,50.5,5.5,phase-4
2026-09-12T07:52:02+00:00,4,433,0,0.0,0.0,0.0,5.0,phase-4
2026-09-12T07:52:02+00:00,4,434,0,0.13,0.252,5.21,4.9,phase-4
2026-09-12T07:52:02+00:00,4,435,0,0.15,0.27,5.21,4.9,phase-4
2026-09-12T07:52:02+00:00,4,437,0,0.14,0.258,5.21,4.5,phase-4
2026-09-12T07:52:02+00:00,4,438,0,0.17,0.29,5.21,4.5,phase-4
2026-09-12T07:52:02+00:00,4,439,0,2.45,5.444,36.87,7.0,phase-4
2026-09-12T07:52:02+00:00,4,440,0,0.33,0.825,12.06,5.4,phase-4
2026-09-12T07:52:02+00:00,4,441,0,0.12,0.238,5.21,4.5,phase-4
2026-09-12T07:52:02+00:00,4,442,0,2.24,2.156,55.56,4.9,phase-4
2026-09-12T07:52:02+00:00,4,443,0,0.17,0.51,6.19,4.5,phase-4
2026-09-12T07:52:02+00:00,4,444,0,0.08,0.262,3.1,4.5,phase-4
2026-09-12T07:52:02+00:00,4,445,0,3.14,4.052,88.58,5.0,phase-4
2026-09-12T07:52:02+00:00,4,446,0,0.74,1.83,25.16,5.0,phase-4
2026-09-12T07:52:02+00:00,4,447,0,2.58,2.568,73.33,5.0,phase-4
2026-09-12T07:52:02+00:00,4,448,0,0.0,0.0,0.0,4.9,phase-4
2026-09-12T07:52:02+00:00,4,449,0,2.76,3.261,77.14,5.2,phase-4
2026-09-12T07:52:02+00:00,4,450,0,0.96,2.141,30.61,4.9,phase-4
2026-09-12T07:52:02+00:00,4,451,0,0.0,0.0,0.0,4.0,phase-4
2026-09-12T07:52:02+00:00,4,452,0,2.41,3.243,52.31,6.8,phase-4
2026-09-12T07:52:02+00:00,4,453,0,2.56,3.088,70.79,6.0,phase-4
2026-09-12T07:52:02+00:00,4,454,0,1.84,1.646,57.47,6.2,phase-4
2026-09-12T07:52:02+00:00,4,455,0,2.37,0.736,75.04,5.4,phase-4
2026-09-12T07:52:02+00:00,4,456,0,1.64,1.659,41.32,4.9,phase-4
2026-09-12T07:52:02+00:00,4,457,0,1.4,2.156,41.09,5.9,phase-4
2026-09-12T07:52:02+00:00,4,458,0,0.0,0.0,0.0,5.4,phase-4
2026-09-12T07:52:02+00:00,4,459,0,2.07,1.091,61.26,5.5,phase-4
2026-09-12T07:52:02+00:00,4,460,0,1.42,2.109,42.05,5.0,phase-4
2026-09-12T07:52:02+00:00,4,461,0,0.33,0.467,6.19,5.8,phase-4
2026-09-12T07:52:02+00:00,4,462,0,0.95,1.111,35.66,4.9,phase-4
2026-09-12T07:52:02+00:00,4,463,0,0.0,0.0,0.0,5.9,phase-4
2026-09-12T07:52:02+00:00,4,464,0,1.22,1.959,42.85,6.2,phase-4
2026-09-12T07:52:02+00:00,4,465,0,0.0,0.0,0.0,5.9,phase-4
2026-09-12T07:52:02+00:00,4,466,0,0.0,0.0,0.0,4.5,phase-4
2026-09-12T07:52:02+00:00,4,467,0,3.13,2.95,75.51,5.0,phase-4
2026-09-12T07:52:02+00:00,4,468,0,0.41,1.146,12.76,4.5,phase-4
2026-09-12T07:52:02+00:00,4,469,0,3.11,4.226,82.3,5.0,phase-4
2026-09-12T07:52:02+00:00,4,470,0,0.0,0.0,0.0,5.0,phase-4
2026-09-12T07:52:02+00:00,4,471,0,3.17,3.488,83.44,5.5,phase-4
2026-09-12T07:52:02+00:00,4,472,0,2.91,3.704,69.84,5.5,phase-4
2026-09-12T07:52:02+00:00,4,473,0,1.8,3.648,55.33,4.5,phase-4
2026-09-12T07:52:02+00:00,4,474,0,1.25,2.685,39.05,4.5,phase-4
2026-09-12T07:52:02+00:00,4,475,0,0.0,0.0,0.0,4.5,phase-4
2026-09-12T07:52:02+00:00,4,476,0,0.17,0.52,5.51,4.0,phase-4
2026-09-12T07:52:02+00:00,4,477,0,0.0,0.0,0.0,4.0,phase-4
2026-09-12T07:52:02+00:00,4,478,0,0.32,0.911,9.87,4.5,phase-4
2026-09-12T07:52:02+00:00,4,480,0,3.85,7.283,81.17,7.9,phase-4
2026-09-12T07:52:02+00:00,4,481,0,3.49,2.775,76.7,6.3,phase-4
2026-09-12T07:52:02+00:00,4,482,0,1.34,1.859,37.76,5.9,phase-4
2026-09-12T07:52:02+00:00,4,483,0,1.66,2.325,48.26,5.5,phase-4
2026-09-12T07:52:02+00:00,4,484,0,0.0,0.0,0.0,5.4,phase-4
2026-09-12T07:52:02+00:00,4,485,0,0.0,0.0,0.0,5.5,phase-4
2026-09-12T07:52:02+00:00,4,486,0,1.04,1.607,32.63,5.5,phase-4
2026-09-12T07:52:02+00:00,4,487,0,0.87,1.268,30.18,4.9,phase-4
2026-09-12T07:52:02+00:00,4,488,0,1.6,1.47,51.98,4.9,phase-4
2026-09-12T07:52:02+00:00,4,489,0,0.45,1.025,12.33,4.5,phase-4
2026-09-12T07:52:02+00:00,4,490,0,0.77,1.499,23.0,5.9,phase-4
2026-09-12T07:52:02+00:00,4,491,0,2.33,2.7,67.4,5.9,phase-4
2026-09-12T07:52:02+00:00,4,492,0,1.54,3.688,30.0,5.5,phase-4
2026-09-12T07:52:02+00:00,4,493,0,0.26,0.386,5.51,5.4,phase-4
2026-09-12T07:52:02+00:00,4,494,0,0.0,0.0,0.0,4.5,phase-4
2026-09-12T07:52:02+00:00,4,495,0,0.18,0.548,5.4,4.0,phase-4
2026-09-12T07:52:02+00:00,4,496,0,1.67,2.847,40.57,4.5,phase-4
2026-09-12T07:52:02+00:00,4,497,0,2.71,2.63,62.33,4.0,phase-4
2026-09-12T07:52:02+00:00,4,498,0,3.64,3.47,70.26,5.9,phase-4
2026-09-12T07:52:02+00:00,4,499,0,2.04,4.368,52.83,5.5,phase-4
2026-09-12T07:52:02+00:00,4,500,0,0.0,0.0,0.0,5.0,phase-4
2026-09-12T07:52:02+00:00,4,501,0,1.22,2.732,38.51,5.0,phase-4
2026-09-12T07:52:02+00:00,4,502,0,1.74,2.786,42.61,4.4,phase-4
2026-09-12T07:52:02+00:00,4,503,0,2.95,6.105,73.76,5.0,phase-4
2026-09-12T07:52:02+00:00,4,504,0,3.05,4.848,90.0,5.0,phase-4
2026-09-12T07:52:02+00:00,4,505,0,0.0,0.0,0.0,4.5,phase-4
2026-09-12T07:52:02+00:00,4,506,0,0.91,2.459,26.76,4.5,phase-4
2026-09-12T07:52:02+00:00,4,508,0,0.3,1.149,8.24,4.0,phase-4
2026-09-12T07:52:02+00:00,4,509,0,0.34,0.703,5.4,4.0,phase-4
2026-09-12T07:52:02+00:00,4,510,0,0.34,0.703,5.4,4.0,phase-4
2026-09-12T07:52:02+00:00,4,511,0,0.0,0.0,0.0,4.0,phase-4
2026-09-12T07:52:02+00:00,4,512,0,1.42,2.288,36.07,6.5,phase-4
2026-09-12T07:52:02+00:00,4,513,0,0.0,0.0,0.0,5.9,phase-4
2026-09-12T07:52:02+00:00,4,514,0,1.94,2.501,50.55,5.8,phase-4
2026-09-12T07:52:02+00:00,4,515,0,0.17,0.299,5.4,6.3,phase-4
2026-09-12T07:52:02+00:00,4,516,0,2.21,0.543,60.45,5.5,phase-4
2026-09-12T07:52:02+00:00,4,517,0,0.0,0.0,0.0,5.5,phase-4
2026-09-12T07:52:02+00:00,4,518,0,0.0,0.0,0.0,4.9,phase-4
2026-09-12T07:52:02+00:00,4,519,0,1.07,1.484,39.93,5.4,phase-4
2026-09-12T07:52:02+00:00,4,520,0,0.85,1.379,28.35,5.4,phase-4
2026-09-12T07:52:02+00:00,4,521,0,0.0,0.0,0.0,6.5,phase-4
2026-09-12T07:52:02+00:00,4,522,0,1.31,1.692,45.62,5.0,phase-4
2026-09-12T07:52:02+00:00,4,523,0,0.0,0.0,0.0,5.0,phase-4
2026-09-12T07:52:02+00:00,4,524,0,0.16,0.286,5.4,4.4,phase-4
2026-09-12T07:52:02+00:00,4,525,0,2.35,1.45,68.05,5.8,phase-4
2026-09-12T07:52:02+00:00,4,526,0,1.02,2.269,24.44,5.9,phase-4
2026-09-12T07:52:02+00:00,4,527,0,0.0,0.0,0.0,5.9,phase-4
2026-09-12T07:52:02+00:00,4,528,0,0.0,0.0,0.0,4.5,phase-4
2026-09-12T07:52:02+00:00,4,529,0,3.11,3.065,78.12,5.0,phase-4
2026-09-12T07:52:02+00:00,4,531,0,0.4,0.91,9.5,4.5,phase-4
2026-09-12T07:52:02+00:00,4,532,0,2.76,3.521,66.14,4.9,phase-4
2026-09-12T07:52:02+00:00,4,533,0,3.29,4.021,69.24,5.5,phase-4
2026-09-12T07:52:02+00:00,4,534,0,2.46,3.595,71.41,4.4,phase-4
2026-09-12T07:52:02+00:00,4,535,0,2.0,2.403,57.49,4.9,phase-4
2026-09-12T07:52:02+00:00,4,536,0,2.24,2.84,65.04,4.5,phase-4
2026-09-12T07:52:02+00:00,4,537,0,0.0,0.0,0.0,4.5,phase-4
2026-09-12T07:52:02+00:00,4,539,0,0.45,1.74,19.48,4.0,phase-4
2026-09-12T07:52:02+00:00,4,540,0,0.0,0.0,0.0,4.0,phase-4
2026-09-12T07:52:02+00:00,4,541,0,2.77,3.856,81.39,4.5,phase-4
2026-09-12T07:52:02+00:00,4,542,0,3.14,4.463,75.94,5.8,phase-4
2026-09-12T07:52:02+00:00,4,543,0,0.0,0.0,0.0,5.4,phase-4
2026-09-12T07:52:02+00:00,4,544,0,2.83,1.53,74.86,5.5,phase-4
2026-09-12T07:52:02+00:00,4,545,0,2.13,1.235,75.94,4.9,phase-4
2026-09-12T07:52:02+00:00,4,546,0,0.0,0.0,0.0,4.9,phase-4
2026-09-12T07:52:02+00:00,4,547,0,0.0,0.0,0.0,4.9,phase-4
2026-09-12T07:52:02+00:00,4,548,0,0.59,1.004,20.66,4.9,phase-4
2026-09-12T07:52:02+00:00,4,549,0,1.28,1.838,33.77,5.4,phase-4
2026-09-12T07:52:02+00:00,4,550,0,0.18,0.327,6.71,5.0,phase-4
2026-09-12T07:52:02+00:00,4,551,0,0.87,1.373,33.89,5.0,phase-4
2026-09-12T07:52:02+00:00,4,552,0,1.97,2.859,60.13,5.8,phase-4
2026-09-12T07:52:02+00:00,4,553,0,2.1,4.343,30.26,5.5,phase-4
2026-09-12T07:52:02+00:00,4,555,0,0.16,0.489,5.93,4.0,phase-4
2026-09-12T07:52:02+00:00,4,556,0,0.25,0.545,6.08,4.0,phase-4
2026-09-12T07:52:02+00:00,4,557,0,0.77,1.436,28.86,6.4,phase-4
2026-09-12T07:52:02+00:00,4,558,0,2.05,0.56,64.39,5.0,phase-4
2026-09-12T07:52:02+00:00,4,559,0,0.24,0.381,6.19,4.9,phase-4
2026-09-12T07:52:02+00:00,4,560,0,0.2,0.61,6.09,4.4,phase-4
2026-09-12T07:52:02+00:00,4,561,0,0.2,0.61,6.09,4.5,phase-4
2026-09-12T07:52:02+00:00,4,562,0,2.31,2.354,76.06,5.4,phase-4
2026-09-12T07:52:02+00:00,4,563,0,0.0,0.0,0.0,5.0,phase-4
2026-09-12T07:52:02+00:00,4,564,0,2.27,1.741,77.41,4.5,phase-4
2026-09-12T07:52:02+00:00,4,565,0,2.46,2.291,80.38,5.7,phase-4
2026-09-12T07:52:02+00:00,4,566,0,2.25,3.969,90.0,5.0,phase-4
2026-09-12T07:52:02+00:00,4,567,0,2.71,2.973,90.0,5.0,phase-4
2026-09-12T07:52:02+00:00,4,568,0,0.22,0.584,6.09,5.5,phase-4
2026-09-12T07:52:02+00:00,4,569,0,2.4,1.791,80.04,6.0,phase-4
2026-09-12T07:52:02+00:00,4,570,0,2.18,2.597,78.64,5.5,phase-4
2026-09-12T07:52:02+00:00,4,571,0,1.0,1.236,39.38,4.9,phase-4
2026-09-12T07:52:02+00:00,4,572,0,3.15,2.888,90.0,4.6,phase-4
2026-09-12T07:52:02+00:00,4,573,0,0.16,0.503,6.11,4.5,phase-4
2026-09-12T07:52:02+00:00,4,574,0,0.25,0.385,6.08,4.9,phase-4
2026-09-12T07:52:02+00:00,4,575,0,1.27,1.15,59.99,4.9,phase-4
2026-09-12T07:52:02+00:00,4,576,0,1.7,0.32,90.0,5.0,phase-4
2026-09-12T07:52:02+00:00,4,577,0,0.38,1.085,13.99,4.5,phase-4
2026-09-12T07:52:02+00:00,4,578,0,0.0,0.0,0.0,5.4,phase-4
2026-09-12T07:52:02+00:00,4,579,0,1.52,1.865,45.78,5.4,phase-4
2026-09-12T07:52:02+00:00,4,580,0,1.54,0.428,41.83,5.0,phase-4
2026-09-12T07:52:02+00:00,4,581,0,0.37,0.715,5.51,5.4,phase-4
2026-09-12T07:52:02+00:00,4,582,0,0.0,0.0,0.0,5.5,phase-4
2026-09-12T07:52:02+00:00,4,583,0,1.15,0.369,26.57,4.9,phase-4
2026-09-12T07:52:02+00:00,4,584,0,2.06,1.78,65.0,5.4,phase-4
2026-09-12T07:52:02+00:00,4,585,0,1.08,0.181,26.53,4.0,phase-4
2026-09-12T07:52:02+00:00,4,586,0,2.92,4.002,90.0,4.1,phase-4
2026-09-12T07:52:02+00:00,4,587,0,0.11,0.351,5.06,5.0,phase-4
2026-09-12T07:52:02+00:00,4,588,0,2.31,5.818,69.34,5.0,phase-4
2026-09-12T07:52:02+00:00,4,589,0,1.07,0.099,48.81,5.0,phase-4
2026-09-12T07:52:02+00:00,4,590,0,0.17,0.52,5.51,4.5,phase-4
2026-09-12T07:52:02+00:00,4,591,0,2.63,3.076,77.41,5.5,phase-4
2026-09-12T07:52:02+00:00,4,592,0,0.59,1.174,13.04,4.0,phase-4
2026-09-12T07:52:02+00:00,4,593,0,1.97,3.441,71.2,4.5,phase-4
2026-09-12T07:52:02+00:00,4,594,0,0.16,1.772,9.63,6.0,phase-4
2026-09-12T07:52:02+00:00,4,595,0,0.31,0.72,8.65,5.0,phase-4
2026-09-12T07:52:02+00:00,4,596,0,0.48,1.226,9.63,4.5,phase-4
2026-09-12T07:52:02+00:00,4,597,0,3.16,3.514,73.78,5.0,phase-4
2026-09-12T07:52:02+00:00,4,598,0,1.91,2.136,44.73,4.5,phase-4
2026-09-12T07:52:02+00:00,4,599,0,0.13,0.26,5.73,5.0,phase-4
2026-09-12T07:52:02+00:00,4,600,0,0.78,1.326,11.71,5.0,phase-4
2026-09-12T07:52:02+00:00,4,601,0,0.14,0.265,5.4,4.5,phase-4
2026-09-12T07:52:02+00:00,4,603,0,0.19,0.563,5.58,4.0,phase-4
2026-09-12T07:52:02+00:00,4,604,0,0.15,0.273,5.58,4.5,phase-4
2026-09-12T07:52:02+00:00,4,605,0,3.57,4.29,69.9,4.5,phase-4
2026-09-12T07:52:02+00:00,4,606,0,0.22,0.652,6.31,4.0,phase-4
2026-09-12T07:52:02+00:00,4,608,0,0.37,0.873,6.11,5.0,phase-4
2026-09-12T07:52:02+00:00,4,611,0,2.05,2.856,50.89,4.5,phase-4
2026-09-12T07:52:02+00:00,4,612,0,0.17,0.507,5.3,4.5,phase-4
2026-09-12T07:52:02+00:00,4,613,0,0.14,0.259,5.3,4.5,phase-4
2026-09-12T07:52:02+00:00,4,614,0,0.19,0.569,6.32,4.5,phase-4
2026-09-12T07:52:02+00:00,4,615,0,0.16,0.503,6.11,4.5,phase-4
2026-09-12T07:52:02+00:00,4,616,0,0.35,0.806,7.38,5.5,phase-4
2026-09-12T07:52:02+00:00,4,617,0,0.28,0.501,6.08,5.0,phase-4
2026-09-12T07:52:02+00:00,4,618,0,0.0,0.0,0.0,6.0,phase-4
2026-09-12T07:52:02+00:00,4,619,0,1.45,1.296,35.1,5.0,phase-4
2026-09-12T07:52:02+00:00,4,620,0,1.51,2.003,53.63,4.5,phase-4
2026-09-12T07:52:02+00:00,4,621,0,0.28,0.7,5.06,4.5,phase-4
2026-09-12T07:52:02+00:00,4,622,0,0.19,0.433,5.06,4.0,phase-4
2026-09-12T07:52:02+00:00,4,623,0,0.32,0.731,10.26,4.0,phase-4
2026-09-12T07:52:02+00:00,4,625,0,0.19,0.563,5.58,4.0,phase-4
2026-09-12T07:52:02+00:00,4,626,0,0.13,0.246,5.21,4.5,phase-4
2026-09-12T07:52:02+00:00,4,627,0,0.43,0.977,9.84,8.0,phase-4
2026-09-12T07:52:02+00:00,4,628,0,0.12,0.239,5.06,6.0,phase-4
2026-09-12T07:52:02+00:00,4,629,0,0.19,0.563,5.58,4.0,phase-4
2026-09-12T07:52:02+00:00,4,630,0,2.23,2.962,66.29,4.5,phase-4
2026-09-12T07:52:02+00:00,4,631,0,0.17,0.308,6.31,6.0,phase-4
2026-09-12T07:52:02+00:00,4,632,0,0.0,0.0,0.0,5.0,phase-4
2026-09-12T07:52:02+00:00,4,633,0,0.16,0.489,5.93,4.5,phase-4
2026-09-12T07:52:02+00:00,4,634,0,0.43,0.926,11.07,6.0,phase-4
2026-09-12T07:52:02+00:00,4,635,0,0.29,0.825,5.21,5.0,phase-4
2026-09-12T07:52:02+00:00,4,636,0,0.13,0.246,5.21,5.0,phase-4
2026-09-12T07:52:02+00:00,4,637,0,0.14,0.275,6.08,5.0,phase-4
2026-09-12T07:52:02+00:00,4,638,0,0.39,1.035,10.49,4.0,phase-4
2026-09-12T07:52:02+00:00,4,639,0,0.16,0.302,6.32,5.5,phase-4
2026-09-12T07:52:02+00:00,4,640,0,1.47,3.338,35.4,5.5,phase-4
2026-09-12T07:52:02+00:00,4,641,0,0.19,0.563,5.58,4.5,phase-4
2026-09-12T07:52:02+00:00,4,642,0,0.45,0.96,10.89,5.5,phase-4
2026-09-12T07:52:02+00:00,4,643,0,0.54,1.987,7.5,4.5,phase-4
2026-09-12T07:52:02+00:00,4,644,0,0.9,1.15,33.79,5.0,phase-4
2026-09-12T07:52:02+00:00,4,645,0,0.15,0.285,6.08,5.0,phase-4
2026-09-12T07:52:02+00:00,4,646,0,0.17,0.331,5.62,5.5,phase-4
2026-09-12T07:52:02+00:00,4,647,0,0.3,0.436,5.93,5.5,phase-4
2026-09-12T07:52:02+00:00,4,648,0,0.15,0.273,5.58,5.0,phase-4
2026-09-12T07:52:02+00:00,4,649,0,1.32,2.904,31.87,4.5,phase-4
2026-09-12T07:52:02+00:00,4,650,0,0.11,0.355,5.21,4.5,phase-4
2026-09-12T07:52:02+00:00,4,651,0,0.12,0.242,5.3,4.5,phase-4
2026-09-12T07:52:02+00:00,4,652,0,0.12,0.231,4.73,5.5,phase-4
2026-09-12T07:52:02+00:00,4,653,0,0.12,0.239,5.06,4.5,phase-4
2026-09-12T07:52:02+00:00,4,654,0,0.15,0.285,5.84,4.5,phase-4
2026-09-12T07:52:02+00:00,4,655,0,0.14,0.27,5.73,5.5,phase-4
2026-09-12T07:52:02+00:00,4,656,0,0.13,0.42,5.73,4.0,phase-4
2026-09-18T08:10:34+00:00,5,1,0,2.74,2.349,81.03,6.0,phase-4
2026-09-18T08:10:34+00:00,5,2,0,0.2,0.512,6.62,4.9,phase-4
2026-09-18T08:10:34+00:00,5,3,0,0.13,0.415,5.34,4.9,phase-4
2026-09-18T08:10:34+00:00,5,4,0,2.78,4.813,74.09,8.0,phase-4
2026-09-18T08:10:34+00:00,5,5,0,1.68,2.718,48.26,6.5,phase-4
2026-09-18T08:10:34+00:00,5,6,0,0.0,0.0,0.0,5.9,phase-4
2026-09-18T08:10:34+00:00,5,7,0,1.01,1.385,38.67,5.5,phase-4
2026-09-18T08:10:34+00:00,5,8,0,2.06,4.559,61.48,5.8,phase-4
2026-09-18T08:10:34+00:00,5,9,0,1.07,2.123,35.1,5.3,phase-4
2026-09-18T08:10:34+00:00,5,10,0,1.0,2.423,32.81,5.5,phase-4
2026-09-18T08:10:34+00:00,5,11,0,0.49,1.342,16.84,5.3,phase-4
2026-09-18T08:10:34+00:00,5,12,0,4.12,9.133,69.13,9.5,phase-4
2026-09-18T08:10:34+00:00,5,13,0,3.28,2.847,79.04,7.4,phase-4
2026-09-18T08:10:34+00:00,5,14,0,1.74,2.83,40.29,6.3,phase-4
2026-09-18T08:10:34+00:00,5,15,0,2.59,4.601,53.48,6.8,phase-4
2026-09-18T08:10:34+00:00,5,16,0,0.87,1.649,25.67,6.2,phase-4
2026-09-18T08:10:34+00:00,5,17,0,1.02,2.607,23.22,5.8,phase-4
2026-09-18T08:10:34+00:00,5,18,0,0.0,0.0,0.0,6.3,phase-4
2026-09-18T08:10:34+00:00,5,19,0,2.17,1.84,57.0,5.3,phase-4
2026-09-18T08:10:34+00:00,5,20,0,0.26,0.574,6.62,5.3,phase-4
2026-09-18T08:10:34+00:00,5,21,0,0.0,0.0,0.0,4.9,phase-4
2026-09-18T08:10:34+00:00,5,22,0,0.0,0.0,0.0,5.4,phase-4
2026-09-18T08:10:34+00:00,5,24,0,0.0,0.0,0.0,5.5,phase-4
2026-09-18T08:10:34+00:00,5,25,0,1.52,3.067,40.9,7.2,phase-4
2026-09-18T08:10:34+00:00,5,26,0,1.58,2.925,43.39,7.6,phase-4
2026-09-18T08:10:34+00:00,5,27,0,0.0,0.0,0.0,5.9,phase-4
2026-09-18T08:10:34+00:00,5,28,0,3.23,1.63,76.82,5.0,phase-4
2026-09-18T08:10:34+00:00,5,29,0,0.68,1.527,16.8,4.5,phase-4
2026-09-18T08:10:34+00:00,5,30,0,0.0,0.0,0.0,4.5,phase-4
2026-09-18T08:10:34+00:00,5,31,0,1.9,1.872,67.52,4.5,phase-4
2026-09-18T08:10:34+00:00,5,32,0,2.76,4.453,82.73,4.4,phase-4
2026-09-18T08:10:34+00:00,5,33,0,1.79,2.347,45.45,4.5,phase-4
2026-09-18T08:10:34+00:00,5,34,0,1.41,3.05,41.28,4.5,phase-4
2026-09-18T08:10:34+00:00,5,35,0,0.56,0.98,22.97,5.0,phase-4
2026-09-18T08:10:34+00:00,5,36,0,0.59,1.749,17.17,4.5,phase-4
2026-09-18T08:10:34+00:00,5,37,0,2.23,3.319,58.17,4.5,phase-4
2026-09-18T08:10:34+00:00,5,38,0,0.26,0.747,7.52,4.0,phase-4
2026-09-18T08:10:34+00:00,5,39,0,0.0,0.0,0.0,4.0,phase-4
2026-09-18T08:10:34+00:00,5,40,0,4.92,12.205,87.91,7.7,phase-4
2026-09-18T08:10:34+00:00,5,41,0,2.58,3.441,69.4,5.9,phase-4
2026-09-18T08:10:34+00:00,5,42,0,0.94,1.485,25.19,5.4,phase-4
2026-09-18T08:10:34+00:00,5,43,0,2.46,2.559,61.55,5.8,phase-4
2026-09-18T08:10:34+00:00,5,44,0,0.0,0.0,0.0,5.4,phase-4
2026-09-18T08:10:34+00:00,5,45,0,2.62,3.179,81.53,5.4,phase-4
2026-09-18T08:10:34+00:00,5,46,0,1.97,2.685,49.88,5.0,phase-4
2026-09-18T08:10:34+00:00,5,47,0,2.17,0.836,67.71,5.0,phase-4
2026-09-18T08:10:34+00:00,5,48,0,0.0,0.0,0.0,4.9,phase-4
2026-09-18T08:10:34+00:00,5,50,0,0.18,0.316,6.07,4.5,phase-4
2026-09-18T08:10:34+00:00,5,51,0,1.03,1.243,36.73,4.5,phase-4
2026-09-18T08:10:34+00:00,5,52,0,0.49,1.112,10.37,5.0,phase-4
2026-09-18T08:10:34+00:00,5,53,0,0.3,0.696,8.15,5.9,phase-4
2026-09-18T08:10:34+00:00,5,54,0,1.13,1.306,46.42,5.5,phase-4
2026-09-18T08:10:34+00:00,5,55,0,0.0,0.0,0.0,7.8,phase-4
2026-09-18T08:10:34+00:00,5,56,0,0.57,1.223,13.14,5.5,phase-4
2026-09-18T08:10:34+00:00,5,57,0,3.42,3.177,90.0,4.5,phase-4
2026-09-18T08:10:34+00:00,5,58,0,0.18,0.547,5.99,4.0,phase-4
2026-09-18T08:10:34+00:00,5,60,0,3.07,3.457,74.16,5.5,phase-4
2026-09-18T08:10:34+00:00,5,61,0,3.62,4.469,90.0,5.5,phase-4
2026-09-18T08:10:34+00:00,5,62,0,0.83,2.101,27.35,5.0,phase-4
2026-09-18T08:10:34+00:00,5,63,0,0.0,0.0,0.0,4.9,phase-4
2026-09-18T08:10:34+00:00,5,64,0,1.68,2.912,60.0,4.5,phase-4
2026-09-18T08:10:34+00:00,5,65,0,0.0,0.0,0.0,4.4,phase-4
2026-09-18T08:10:34+00:00,5,66,0,0.18,0.55,5.99,4.0,phase-4
2026-09-18T08:10:34+00:00,5,67,0,2.63,4.89,59.36,6.4,phase-4
2026-09-18T08:10:34+00:00,5,68,0,4.13,7.982,84.17,6.1,phase-4
2026-09-18T08:10:34+00:00,5,69,0,4.01,2.94,87.5,6.1,phase-4
2026-09-18T08:10:34+00:00,5,70,0,1.67,3.467,50.46,6.0,phase-4
2026-09-18T08:10:34+00:00,5,71,0,0.89,1.222,35.15,5.0,phase-4
2026-09-18T08:10:34+00:00,5,72,0,0.46,1.217,5.99,4.9,phase-4
2026-09-18T08:10:34+00:00,5,73,0,1.9,1.267,56.06,5.0,phase-4
2026-09-18T08:10:34+00:00,5,74,0,0.67,1.431,27.08,5.0,phase-4
2026-09-18T08:10:34+00:00,5,75,0,0.88,1.814,22.65,5.0,phase-4
2026-09-18T08:10:34+00:00,5,76,0,0.24,0.462,8.84,4.9,phase-4
2026-09-18T08:10:34+00:00,5,77,0,0.0,0.0,0.0,4.9,phase-4
2026-09-18T08:10:34+00:00,5,78,0,0.0,0.0,0.0,7.4,phase-4
2026-09-18T08:10:34+00:00,5,79,0,2.89,3.817,85.28,6.0,phase-4
2026-09-18T08:10:34+00:00,5,80,0,0.0,0.0,0.0,5.5,phase-4
2026-09-18T08:10:34+00:00,5,81,0,0.27,0.406,5.99,6.0,phase-4
2026-09-18T08:10:34+00:00,5,82,0,3.12,1.691,79.79,5.0,phase-4
2026-09-18T08:10:34+00:00,5,83,0,0.15,0.434,6.52,4.5,phase-4
2026-09-18T08:10:34+00:00,5,84,0,0.0,0.0,0.0,5.4,phase-4
2026-09-18T08:10:34+00:00,5,85,0,0.0,0.0,0.0,4.9,phase-4
2026-09-18T08:10:34+00:00,5,86,0,3.08,5.431,65.14,5.5,phase-4
2026-09-18T08:10:34+00:00,5,87,0,1.82,1.859,63.18,4.5,phase-4
2026-09-18T08:10:34+00:00,5,88,0,2.45,5.782,74.6,4.6,phase-4
2026-09-18T08:10:34+00:00,5,89,0,0.53,1.492,23.54,4.4,phase-4
2026-09-18T08:10:34+00:00,5,90,0,0.61,1.584,24.27,4.5,phase-4
2026-09-18T08:10:34+00:00,5,91,0,0.65,2.01,30.17,4.5,phase-4
2026-09-18T08:10:34+00:00,5,92,0,0.1,0.354,5.26,4.5,phase-4
2026-09-18T08:10:34+00:00,5,93,0,1.3,1.008,37.4,4.5,phase-4
2026-09-18T08:10:34+00:00,5,94,0,3.55,7.623,74.9,6.1,phase-4
2026-09-18T08:10:34+00:00,5,95,0,2.87,5.325,56.04,6.3,phase-4
2026-09-18T08:10:34+00:00,5,96,0,2.56,3.548,54.61,5.4,phase-4
2026-09-18T08:10:34+00:00,5,97,0,0.0,0.0,0.0,5.4,phase-4
2026-09-18T08:10:34+00:00,5,98,0,2.29,2.642,58.31,5.0,phase-4
2026-09-18T08:10:34+00:00,5,99,0,0.0,0.0,0.0,5.0,phase-4
2026-09-18T08:10:34+00:00,5,100,0,0.34,0.781,6.52,5.0,phase-4
2026-09-18T08:10:34+00:00,5,101,0,0.5,0.988,18.59,4.9,phase-4
2026-09-18T08:10:34+00:00,5,102,0,1.93,1.346,57.4,4.8,phase-4
2026-09-18T08:10:34+00:00,5,103,0,0.0,0.0,0.0,4.9,phase-4
2026-09-18T08:10:34+00:00,5,104,0,1.28,2.35,32.16,4.9,phase-4
2026-09-18T08:10:34+00:00,5,105,0,2.96,5.472,64.53,5.9,phase-4
2026-09-18T08:10:34+00:00,5,106,0,4.66,11.682,79.79,7.8,phase-4
2026-09-18T08:10:34+00:00,5,107,0,0.0,0.0,0.0,4.5,phase-4
2026-09-18T08:10:34+00:00,5,108,0,1.5,3.912,23.01,5.5,phase-4
2026-09-18T08:10:34+00:00,5,109,0,3.51,3.315,90.0,4.5,phase-4
2026-09-18T08:10:34+00:00,5,110,0,2.36,2.333,90.0,4.5,phase-4
2026-09-18T08:10:34+00:00,5,111,0,0.18,0.539,6.05,4.0,phase-4
2026-09-18T08:10:34+00:00,5,112,0,3.85,5.372,80.96,4.9,phase-4
2026-09-18T08:10:34+00:00,5,113,0,2.5,3.651,82.45,4.4,phase-4
2026-09-18T08:10:34+00:00,5,114,0,1.84,3.137,53.66,4.5,phase-4
2026-09-18T08:10:34+00:00,5,115,0,3.22,8.806,64.44,4.9,phase-4
2026-09-18T08:10:34+00:00,5,116,0,2.57,3.386,85.05,4.5,phase-4
2026-09-18T08:10:34+00:00,5,117,0,0.18,0.787,8.93,4.5,phase-4
2026-09-18T08:10:34+00:00,5,118,0,0.0,0.0,0.0,4.5,phase-4
2026-09-18T08:10:34+00:00,5,119,0,0.67,1.978,16.25,4.5,phase-4
2026-09-18T08:10:34+00:00,5,120,0,0.18,0.539,6.05,5.0,phase-4
2026-09-18T08:10:34+00:00,5,121,0,0.0,0.0,0.0,5.9,phase-4
2026-09-18T08:10:34+00:00,5,122,0,0.0,0.0,0.0,5.9,phase-4
2026-09-18T08:10:34+00:00,5,123,0,0.0,0.0,0.0,5.9,phase-4
2026-09-18T08:10:34+00:00,5,124,0,3.17,5.583,70.45,5.7,phase-4
2026-09-18T08:10:34+00:00,5,125,0,1.81,2.971,45.79,5.4,phase-4
2026-09-18T08:10:34+00:00,5,126,0,0.33,0.714,8.93,5.4,phase-4
2026-09-18T08:10:34+00:00,5,127,0,3.11,4.916,79.43,5.0,phase-4
2026-09-18T08:10:34+00:00,5,128,0,0.0,0.0,0.0,5.0,phase-4
2026-09-18T08:10:34+00:00,5,129,0,2.59,3.482,65.24,5.4,phase-4
2026-09-18T08:10:34+00:00,5,130,0,0.0,0.0,0.0,4.9,phase-4
2026-09-18T08:10:34+00:00,5,131,0,0.0,0.0,0.0,4.9,phase-4
2026-09-18T08:10:34+00:00,5,132,0,0.0,0.0,0.0,4.5,phase-4
2026-09-18T08:10:34+00:00,5,133,0,0.0,0.0,0.0,5.0,phase-4
2026-09-18T08:10:34+00:00,5,134,0,0.25,0.389,6.05,4.5,phase-4
2026-09-18T08:10:34+00:00,5,135,0,0.0,0.0,0.0,4.9,phase-4
2026-09-18T08:10:34+00:00,5,136,0,2.3,4.957,45.31,5.9,phase-4
2026-09-18T08:10:34+00:00,5,137,0,0.0,0.0,0.0,5.4,phase-4
2026-09-18T08:10:34+00:00,5,138,0,1.69,3.223,37.11,5.5,phase-4
2026-09-18T08:10:34+00:00,5,139,0,0.0,0.0,0.0,5.0,phase-4
2026-09-18T08:10:34+00:00,5,140,0,0.0,0.0,0.0,4.9,phase-4
2026-09-18T08:10:34+00:00,5,141,0,0.0,0.0,0.0,5.0,phase-4
2026-09-18T08:10:34+00:00,5,142,0,2.19,4.694,63.91,5.4,phase-4
2026-09-18T08:10:34+00:00,5,143,0,0.0,0.0,0.0,5.5,phase-4
2026-09-18T08:10:34+00:00,5,144,0,1.84,3.082,70.37,5.0,phase-4
2026-09-18T08:10:34+00:00,5,145,0,1.52,1.993,58.42,5.0,phase-4
2026-09-18T08:10:34+00:00,5,146,0,0.0,0.0,0.0,4.5,phase-4
2026-09-18T08:10:34+00:00,5,147,0,0.72,1.623,15.69,4.4,phase-4
2026-09-18T08:10:34+00:00,5,148,0,0.99,2.165,51.6,4.5,phase-4
2026-09-18T08:10:34+00:00,5,149,0,0.52,1.59,30.5,4.9,phase-4
2026-09-18T08:10:34+00:00,5,150,0,0.0,0.0,0.0,4.5,phase-4
2026-09-18T08:10:34+00:00,5,151,0,0.83,2.101,33.66,4.5,phase-4
2026-09-18T08:10:34+00:00,5,152,0,0.06,0.198,2.9,5.3,phase-4
2026-09-18T08:10:34+00:00,5,153,0,0.0,0.0,0.0,4.5,phase-4
2026-09-18T08:10:34+00:00,5,154,0,4.36,11.149,73.93,9.7,phase-4
2026-09-18T08:10:34+00:00,5,155,0,2.82,4.462,69.5,6.9,phase-4
2026-09-18T08:10:34+00:00,5,156,0,3.44,6.226,74.66,6.5,phase-4
2026-09-18T08:10:34+00:00,5,157,0,1.21,3.468,22.34,6.3,phase-4
2026-09-18T08:10:34+00:00,5,158,0,0.4,0.747,12.69,5.9,phase-4
2026-09-18T08:10:34+00:00,5,159,0,0.79,1.472,27.87,5.3,phase-4
2026-09-18T08:10:34+00:00,5,160,0,0.98,1.44,29.06,5.8,phase-4
2026-09-18T08:10:34+00:00,5,161,0,1.34,2.777,40.57,5.0,phase-4
2026-09-18T08:10:34+00:00,5,162,0,0.97,1.593,29.47,4.8,phase-4
2026-09-18T08:10:34+00:00,5,163,0,0.0,0.0,0.0,4.5,phase-4
2026-09-18T08:10:34+00:00,5,164,0,0.17,0.298,5.8,5.3,phase-4
2026-09-18T08:10:34+00:00,5,165,0,4.04,9.855,61.09,7.8,phase-4
2026-09-18T08:10:34+00:00,5,166,0,1.55,1.336,70.22,6.5,phase-4
2026-09-18T08:10:34+00:00,5,167,0,1.42,2.6,41.22,5.5,phase-4
2026-09-18T08:10:34+00:00,5,168,0,0.0,0.0,0.0,5.0,phase-4
2026-09-18T08:10:34+00:00,5,169,0,0.27,0.4,5.8,4.5,phase-4
2026-09-18T08:10:34+00:00,5,170,0,0.0,0.0,0.0,5.0,phase-4
2026-09-18T08:10:34+00:00,5,172,0,0.16,0.506,6.72,4.4,phase-4
2026-09-18T08:10:34+00:00,5,173,0,2.45,3.633,90.0,4.0,phase-4
2026-09-18T08:10:34+00:00,5,175,0,1.91,2.499,90.0,4.0,phase-4
2026-09-18T08:10:34+00:00,5,176,0,2.28,3.079,90.0,4.0,phase-4
2026-09-18T08:10:34+00:00,5,177,0,0.0,0.0,0.0,4.0,phase-4
2026-09-18T08:10:34+00:00,5,178,0,0.16,0.506,6.72,4.0,phase-4
2026-09-18T08:10:34+00:00,5,179,0,0.16,0.506,6.72,4.0,phase-4
2026-09-18T08:10:34+00:00,5,180,0,0.0,0.0,0.0,4.0,phase-4
2026-09-18T08:10:34+00:00,5,182,0,0.48,1.518,25.79,4.0,phase-4
2026-09-18T08:10:34+00:00,5,183,0,2.77,3.179,77.69,4.9,phase-4
2026-09-18T08:10:34+00:00,5,184,0,1.32,1.123,44.3,4.9,phase-4
2026-09-18T08:10:34+00:00,5,185,0,0.48,0.983,10.35,4.8,phase-4
2026-09-18T08:10:34+00:00,5,186,0,2.28,1.825,77.69,5.4,phase-4
2026-09-18T08:10:34+00:00,5,187,0,0.0,0.0,0.0,4.9,phase-4
2026-09-18T08:10:34+00:00,5,188,0,0.95,1.101,17.7,5.4,phase-4
2026-09-18T08:10:34+00:00,5,189,0,0.17,0.314,6.72,4.4,phase-4
2026-09-18T08:10:34+00:00,5,190,0,1.6,2.069,48.27,5.4,phase-4
2026-09-18T08:10:34+00:00,5,193,0,0.0,0.0,0.0,5.4,phase-4
2026-09-18T08:10:34+00:00,5,194,0,1.63,0.556,45.76,5.0,phase-4
2026-09-18T08:10:34+00:00,5,195,0,0.85,1.433,30.38,5.0,phase-4
2026-09-18T08:10:34+00:00,5,198,0,0.0,0.0,0.0,5.0,phase-4
2026-09-18T08:10:34+00:00,5,199,0,0.56,0.911,15.69,4.5,phase-4
2026-09-18T08:10:34+00:00,5,200,0,2.74,2.404,80.05,6.0,phase-4
2026-09-18T08:10:34+00:00,5,201,0,3.49,8.195,65.83,5.4,phase-4
2026-09-18T08:10:34+00:00,5,202,0,2.62,1.899,88.18,5.0,phase-4
2026-09-18T08:10:34+00:00,5,203,0,1.59,1.068,58.24,4.9,phase-4
2026-09-18T08:10:34+00:00,5,204,0,2.25,4.312,90.0,4.5,phase-4
2026-09-18T08:10:34+00:00,5,205,0,0.0,0.0,0.0,4.5,phase-4
2026-09-18T08:10:34+00:00,5,206,0,0.0,0.0,0.0,4.4,phase-4
2026-09-18T08:10:34+00:00,5,207,0,0.18,0.459,6.28,4.4,phase-4
2026-09-18T08:10:34+00:00,5,208,0,1.67,2.9,45.77,6.2,phase-4
2026-09-18T08:10:34+00:00,5,209,0,1.63,1.956,52.45,5.9,phase-4
2026-09-18T08:10:34+00:00,5,210,0,2.92,1.458,85.85,5.5,phase-4
2026-09-18T08:10:34+00:00,5,211,0,2.2,2.398,68.97,5.5,phase-4
2026-09-18T08:10:34+00:00,5,212,0,0.9,1.262,36.1,4.4,phase-4
2026-09-18T08:10:34+00:00,5,213,0,1.07,1.393,36.95,4.9,phase-4
2026-09-18T08:10:34+00:00,5,214,0,2.3,0.832,77.7,5.0,phase-4
2026-09-18T08:10:34+00:00,5,215,0,0.0,0.0,0.0,5.0,phase-4
2026-09-18T08:10:34+00:00,5,216,0,0.0,0.0,0.0,5.0,phase-4
2026-09-18T08:10:34+00:00,5,218,0,0.15,0.29,6.28,4.9,phase-4
2026-09-18T08:10:34+00:00,5,220,0,0.0,0.0,0.0,4.5,phase-4
2026-09-18T08:10:34+00:00,5,221,0,0.32,0.461,6.28,4.5,phase-4
2026-09-18T08:10:34+00:00,5,222,0,2.0,1.357,70.0,6.0,phase-4
2026-09-18T08:10:34+00:00,5,223,0,0.0,0.0,0.0,6.3,phase-4
2026-09-18T08:10:34+00:00,5,224,0,1.33,2.956,33.02,5.5,phase-4
2026-09-18T08:10:34+00:00,5,225,0,0.0,0.0,0.0,5.0,phase-4
2026-09-18T08:10:34+00:00,5,226,0,3.7,3.662,90.0,5.5,phase-4
2026-09-18T08:10:34+00:00,5,227,0,0.2,0.6,5.95,5.0,phase-4
2026-09-18T08:10:34+00:00,5,228,0,0.2,0.6,5.95,4.5,phase-4
2026-09-18T08:10:34+00:00,5,229,0,4.36,4.997,90.0,6.1,phase-4
2026-09-18T08:10:34+00:00,5,230,0,2.21,3.563,51.67,5.5,phase-4
2026-09-18T08:10:34+00:00,5,231,0,1.98,3.583,51.65,4.8,phase-4
2026-09-18T08:10:34+00:00,5,232,0,2.18,2.89,63.81,4.9,phase-4
2026-09-18T08:10:34+00:00,5,233,0,3.22,3.627,85.74,4.5,phase-4
2026-09-18T08:10:34+00:00,5,234,0,0.0,0.0,0.0,4.5,phase-4
2026-09-18T08:10:34+00:00,5,236,0,3.7,6.079,82.44,6.5,phase-4
2026-09-18T08:10:34+00:00,5,237,0,2.94,2.903,71.82,5.9,phase-4
2026-09-18T08:10:34+00:00,5,238,0,1.6,2.197,38.51,6.5,phase-4
2026-09-18T08:10:34+00:00,5,239,0,3.56,1.921,85.41,6.0,phase-4
2026-09-18T08:10:34+00:00,5,240,0,0.81,1.329,36.88,5.0,phase-4
2026-09-18T08:10:34+00:00,5,241,0,0.99,1.466,35.09,5.4,phase-4
2026-09-18T08:10:34+00:00,5,242,0,1.27,1.768,38.57,5.5,phase-4
2026-09-18T08:10:34+00:00,5,243,0,0.56,2.187,14.43,4.9,phase-4
2026-09-18T08:10:34+00:00,5,244,0,1.03,1.249,36.13,5.0,phase-4
2026-09-18T08:10:34+00:00,5,245,0,0.25,0.541,11.6,5.4,phase-4
2026-09-18T08:10:34+00:00,5,246,0,0.89,1.441,29.88,4.9,phase-4
2026-09-18T08:10:34+00:00,5,247,0,1.66,0.555,40.19,5.5,phase-4
2026-09-18T08:10:34+00:00,5,248,0,0.0,0.0,0.0,5.4,phase-4
2026-09-18T08:10:34+00:00,5,249,0,3.31,6.321,72.51,5.6,phase-4
2026-09-18T08:10:34+00:00,5,250,0,2.95,2.191,79.96,4.5,phase-4
2026-09-18T08:10:34+00:00,5,251,0,0.12,0.396,5.21,4.0,phase-4
2026-09-18T08:10:34+00:00,5,253,0,1.84,1.832,64.87,5.0,phase-4
2026-09-18T08:10:34+00:00,5,254,0,1.77,2.786,57.47,4.5,phase-4
2026-09-18T08:10:34+00:00,5,255,0,0.55,1.656,25.41,4.5,phase-4
2026-09-18T08:10:34+00:00,5,256,0,0.85,2.067,33.83,4.4,phase-4
2026-09-18T08:10:34+00:00,5,257,0,1.88,2.319,70.29,4.5,phase-4
2026-09-18T08:10:34+00:00,5,258,0,2.07,3.8,61.65,4.5,phase-4
2026-09-18T08:10:34+00:00,5,259,0,1.52,2.326,46.63,4.0,phase-4
2026-09-18T08:10:34+00:00,5,260,0,3.19,6.469,62.19,6.2,phase-4
2026-09-18T08:10:34+00:00,5,261,0,2.58,2.584,71.26,5.4,phase-4
2026-09-18T08:10:34+00:00,5,262,0,1.36,2.151,36.9,5.4,phase-4
2026-09-18T08:10:34+00:00,5,263,0,0.92,1.684,21.9,5.3,phase-4
2026-09-18T08:10:34+00:00,5,264,0,1.55,2.428,45.13,5.5,phase-4
2026-09-18T08:10:34+00:00,5,265,0,2.13,0.836,70.96,4.9,phase-4
2026-09-18T08:10:34+00:00,5,266,0,0.0,0.0,0.0,4.9,phase-4
2026-09-18T08:10:34+00:00,5,267,0,1.61,1.102,59.44,5.0,phase-4
2026-09-18T08:10:34+00:00,5,268,0,2.22,3.183,54.67,5.5,phase-4
2026-09-18T08:10:34+00:00,5,269,0,1.42,4.043,27.29,4.4,phase-4
2026-09-18T08:10:34+00:00,5,270,0,0.36,0.738,6.45,4.4,phase-4
2026-09-18T08:10:34+00:00,5,271,0,0.95,2.641,19.85,5.4,phase-4
2026-09-18T08:10:34+00:00,5,272,0,0.09,0.316,5.21,4.5,phase-4
2026-09-18T08:10:34+00:00,5,273,0,0.18,0.557,6.83,4.0,phase-4
2026-09-18T08:10:34+00:00,5,274,0,0.0,0.0,0.0,4.5,phase-4
2026-09-18T08:10:34+00:00,5,277,0,1.55,2.44,54.82,4.1,phase-4
2026-09-18T08:10:34+00:00,5,278,0,0.0,0.0,0.0,3.9,phase-4
2026-09-18T08:10:34+00:00,5,279,0,1.86,3.25,56.64,4.2,phase-4
2026-09-18T08:10:34+00:00,5,280,0,2.29,3.512,90.0,4.0,phase-4
2026-09-18T08:10:34+00:00,5,281,0,0.0,0.0,0.0,4.0,phase-4
2026-09-18T08:10:34+00:00,5,282,0,1.95,2.566,54.45,4.0,phase-4
2026-09-18T08:10:34+00:00,5,284,0,0.18,0.557,6.83,4.0,phase-4
2026-09-18T08:10:34+00:00,5,285,0,0.45,1.154,11.25,4.0,phase-4
2026-09-18T08:10:34+00:00,5,286,0,3.03,1.854,90.0,5.1,phase-4
2026-09-18T08:10:34+00:00,5,287,0,0.0,0.0,0.0,5.0,phase-4
2026-09-18T08:10:34+00:00,5,288,0,1.0,0.656,20.73,4.5,phase-4
2026-09-18T08:10:34+00:00,5,289,0,0.71,1.033,54.88,4.5,phase-4
2026-09-18T08:10:34+00:00,5,290,0,2.24,0.933,90.0,4.5,phase-4
2026-09-18T08:10:34+00:00,5,291,0,0.0,0.0,0.0,4.5,phase-4
2026-09-18T08:10:34+00:00,5,292,0,0.17,0.321,6.83,4.9,phase-4
2026-09-18T08:10:34+00:00,5,294,0,0.17,0.321,6.83,4.5,phase-4
2026-09-18T08:10:34+00:00,5,295,0,2.31,3.747,71.99,5.5,phase-4
2026-09-18T08:10:34+00:00,5,297,0,0.0,0.0,0.0,4.5,phase-4
2026-09-18T08:10:34+00:00,5,299,0,0.0,0.0,0.0,4.5,phase-4
2026-09-18T08:10:34+00:00,5,300,0,0.47,1.075,13.59,4.4,phase-4
2026-09-18T08:10:34+00:00,5,301,0,0.72,1.548,20.87,4.0,phase-4
2026-09-18T08:10:34+00:00,5,302,0,0.2,0.445,5.1,4.0,phase-4
2026-09-18T08:10:34+00:00,5,303,0,0.14,0.431,5.1,3.9,phase-4
2026-09-18T08:10:34+00:00,5,304,0,2.81,2.759,75.47,4.0,phase-4
2026-09-18T08:10:34+00:00,5,305,0,2.5,4.993,72.63,4.0,phase-4
2026-09-18T08:10:34+00:00,5,306,0,2.06,2.232,66.01,4.0,phase-4
2026-09-18T08:10:34+00:00,5,307,0,0.0,0.0,0.0,4.0,phase-4
2026-09-18T08:10:34+00:00,5,308,0,1.09,0.305,22.25,3.9,phase-4
2026-09-18T08:10:34+00:00,5,309,0,1.21,1.337,41.02,4.9,phase-4
2026-09-18T08:10:34+00:00,5,310,0,0.13,0.246,5.1,4.9,phase-4
2026-09-18T08:10:34+00:00,5,311,0,0.0,0.0,0.0,5.0,phase-4
2026-09-18T08:10:34+00:00,5,312,0,0.0,0.0,0.0,4.5,phase-4
2026-09-18T08:10:34+00:00,5,313,0,1.05,2.033,29.43,5.4,phase-4
2026-09-18T08:10:34+00:00,5,314,0,0.0,0.0,0.0,4.9,phase-4
2026-09-18T08:10:34+00:00,5,315,0,1.08,1.745,38.13,5.4,phase-4
2026-09-18T08:10:34+00:00,5,316,0,3.53,3.613,76.94,5.5,phase-4
2026-09-18T08:10:34+00:00,5,317,0,0.0,0.0,0.0,5.0,phase-4
2026-09-18T08:10:34+00:00,5,318,0,0.46,1.18,16.18,5.4,phase-4
2026-09-18T08:10:34+00:00,5,319,0,0.0,0.0,0.0,5.0,phase-4
2026-09-18T08:10:34+00:00,5,320,0,1.4,2.136,17.5,5.0,phase-4
2026-09-18T08:10:34+00:00,5,321,0,0.15,0.272,5.1,4.5,phase-4
2026-09-18T08:10:34+00:00,5,322,0,0.0,0.0,0.0,5.0,phase-4
2026-09-18T08:10:34+00:00,5,323,0,0.57,1.187,18.31,4.5,phase-4
2026-09-18T08:10:34+00:00,5,324,0,0.13,0.246,5.1,4.9,phase-4
2026-09-18T08:10:34+00:00,5,325,0,1.3,2.251,34.69,4.5,phase-4
2026-09-18T08:10:34+00:00,5,326,0,0.0,0.0,0.0,4.5,phase-4
2026-09-18T08:10:34+00:00,5,327,0,2.22,4.077,51.04,5.0,phase-4
2026-09-18T08:10:34+00:00,5,328,0,3.2,2.3,61.03,4.9,phase-4
2026-09-18T08:10:34+00:00,5,329,0,0.0,0.0,0.0,4.4,phase-4
2026-09-18T08:10:34+00:00,5,330,0,4.01,11.024,78.47,4.6,phase-4
2026-09-18T08:10:34+00:00,5,331,0,2.27,2.973,64.71,4.5,phase-4
2026-09-18T08:10:34+00:00,5,332,0,2.91,4.638,67.23,4.5,phase-4
2026-09-18T08:10:34+00:00,5,333,0,0.0,0.0,0.0,4.5,phase-4
2026-09-18T08:10:34+00:00,5,334,0,3.06,3.888,84.61,5.0,phase-4
2026-09-18T08:10:34+00:00,5,335,0,4.05,6.856,74.39,6.0,phase-4
2026-09-18T08:10:34+00:00,5,336,0,2.85,7.287,51.28,5.8,phase-4
2026-09-18T08:10:34+00:00,5,337,0,2.58,3.512,62.21,5.4,phase-4
2026-09-18T08:10:34+00:00,5,338,0,3.25,1.541,81.54,5.4,phase-4
2026-09-18T08:10:34+00:00,5,339,0,0.79,1.548,19.54,4.9,phase-4
2026-09-18T08:10:34+00:00,5,340,0,0.17,0.321,6.83,5.0,phase-4
2026-09-18T08:10:34+00:00,5,341,0,0.0,0.0,0.0,5.0,phase-4
2026-09-18T08:10:34+00:00,5,342,0,0.0,0.0,0.0,5.0,phase-4
2026-09-18T08:10:34+00:00,5,343,0,0.83,2.868,13.38,4.9,phase-4
2026-09-18T08:10:34+00:00,5,344,0,0.2,0.417,6.29,5.0,phase-4
2026-09-18T08:10:34+00:00,5,345,0,1.98,3.68,42.65,4.9,phase-4
2026-09-18T08:10:34+00:00,5,346,0,4.28,10.661,76.44,6.0,phase-4
2026-09-18T08:10:34+00:00,5,347,0,1.77,4.25,24.62,5.4,phase-4
2026-09-18T08:10:34+00:00,5,348,0,0.0,0.0,0.0,5.0,phase-4
2026-09-18T08:10:34+00:00,5,349,0,0.0,0.0,0.0,4.5,phase-4
2026-09-18T08:10:34+00:00,5,350,0,2.65,2.243,69.65,5.5,phase-4
2026-09-18T08:10:34+00:00,5,351,0,0.67,1.373,17.93,4.9,phase-4
2026-09-18T08:10:34+00:00,5,352,0,0.3,0.654,7.83,4.0,phase-4
2026-09-18T08:10:34+00:00,5,354,0,0.0,0.0,0.0,4.0,phase-4
2026-09-18T08:10:34+00:00,5,355,0,0.14,0.444,5.31,4.0,phase-4
2026-09-18T08:10:34+00:00,5,356,0,3.3,5.292,81.47,6.5,phase-4
2026-09-18T08:10:34+00:00,5,357,0,1.19,2.992,35.22,5.3,phase-4
2026-09-18T08:10:34+00:00,5,358,0,1.88,2.69,65.41,5.4,phase-4
2026-09-18T08:10:34+00:00,5,359,0,0.34,1.216,14.14,4.9,phase-4
2026-09-18T08:10:34+00:00,5,360,0,0.0,0.0,0.0,5.0,phase-4
2026-09-18T08:10:34+00:00,5,361,0,0.14,0.444,5.31,4.0,phase-4
2026-09-18T08:10:34+00:00,5,362,0,2.4,2.998,81.47,5.0,phase-4
2026-09-18T08:10:34+00:00,5,363,0,0.0,0.0,0.0,4.0,phase-4
2026-09-18T08:10:34+00:00,5,364,0,0.7,1.919,24.0,4.9,phase-4
2026-09-18T08:10:34+00:00,5,366,0,2.69,3.508,70.64,7.3,phase-4
2026-09-18T08:10:34+00:00,5,367,0,3.03,4.314,70.34,7.2,phase-4
2026-09-18T08:10:34+00:00,5,368,0,3.54,5.259,79.5,7.0,phase-4
2026-09-18T08:10:34+00:00,5,369,0,0.73,1.608,19.11,5.8,phase-4
2026-09-18T08:10:34+00:00,5,370,0,0.0,0.0,0.0,5.4,phase-4
2026-09-18T08:10:34+00:00,5,371,0,2.52,2.09,67.08,5.9,phase-4
2026-09-18T08:10:34+00:00,5,372,0,2.1,1.508,64.12,5.4,phase-4
2026-09-18T08:10:34+00:00,5,373,0,0.0,0.0,0.0,5.5,phase-4
2026-09-18T08:10:34+00:00,5,374,0,0.19,0.403,6.57,4.9,phase-4
2026-09-18T08:10:34+00:00,5,375,0,0.19,0.314,5.31,4.9,phase-4
2026-09-18T08:10:34+00:00,5,377,0,1.87,2.157,63.05,6.5,phase-4
2026-09-18T08:10:34+00:00,5,378,0,0.13,0.255,5.31,4.4,phase-4
2026-09-18T08:10:34+00:00,5,379,0,2.02,4.026,43.86,9.1,phase-4
2026-09-18T08:10:34+00:00,5,380,0,0.0,0.0,0.0,7.4,phase-4
2026-09-18T08:10:34+00:00,5,381,0,0.26,0.462,5.31,5.0,phase-4
2026-09-18T08:10:34+00:00,5,382,0,0.12,0.242,5.31,4.5,phase-4
2026-09-18T08:10:34+00:00,5,383,0,0.0,0.0,0.0,5.4,phase-4
2026-09-18T08:10:34+00:00,5,384,0,3.37,3.652,79.17,5.5,phase-4
2026-09-18T08:10:34+00:00,5,385,0,2.05,2.806,42.02,5.0,phase-4
2026-09-18T08:10:34+00:00,5,386,0,0.2,0.602,5.42,4.5,phase-4
2026-09-18T08:10:34+00:00,5,387,0,3.02,5.751,63.34,6.4,phase-4
2026-09-18T08:10:34+00:00,5,388,0,4.1,7.538,80.18,6.0,phase-4
2026-09-18T08:10:34+00:00,5,389,0,2.78,3.852,61.14,5.9,phase-4
2026-09-18T08:10:34+00:00,5,390,0,3.02,4.43,69.12,5.5,phase-4
2026-09-18T08:10:34+00:00,5,391,0,2.71,4.785,58.15,5.7,phase-4
2026-09-18T08:10:34+00:00,5,392,0,0.83,2.2,20.88,5.3,phase-4
2026-09-18T08:10:34+00:00,5,393,0,2.05,2.912,51.84,5.4,phase-4
2026-09-18T08:10:34+00:00,5,394,0,0.0,0.0,0.0,5.0,phase-4
2026-09-18T08:10:34+00:00,5,395,0,0.73,2.438,17.41,4.4,phase-4
2026-09-18T08:10:34+00:00,5,396,0,0.3,0.707,5.42,4.5,phase-4
2026-09-18T08:10:34+00:00,5,397,0,3.84,7.288,82.19,8.4,phase-4
2026-09-18T08:10:34+00:00,5,398,0,0.0,0.0,0.0,6.9,phase-4
2026-09-18T08:10:34+00:00,5,399,0,3.39,6.319,53.29,7.8,phase-4
2026-09-18T08:10:34+00:00,5,400,0,0.0,0.0,0.0,7.4,phase-4
2026-09-18T08:10:34+00:00,5,401,0,1.23,2.355,36.52,7.0,phase-4
2026-09-18T08:10:34+00:00,5,402,0,0.0,0.0,0.0,6.5,phase-4
2026-09-18T08:10:34+00:00,5,403,0,1.09,1.854,29.27,6.5,phase-4
2026-09-18T08:10:34+00:00,5,404,0,0.0,0.0,0.0,6.0,phase-4
2026-09-18T08:10:34+00:00,5,405,0,0.0,0.0,0.0,5.5,phase-4
2026-09-18T08:10:34+00:00,5,406,0,0.25,0.449,6.71,5.4,phase-4
2026-09-18T08:10:34+00:00,5,409,0,0.0,0.0,0.0,4.5,phase-4
2026-09-18T08:10:34+00:00,5,410,0,0.0,0.0,0.0,4.9,phase-4
2026-09-18T08:10:34+00:00,5,411,0,5.33,11.648,79.17,15.6,phase-4
2026-09-18T08:10:34+00:00,5,412,0,2.86,2.41,74.3,4.9,phase-4
2026-09-18T08:10:34+00:00,5,413,0,0.0,0.0,0.0,4.5,phase-4
2026-09-18T08:10:34+00:00,5,414,0,0.0,0.0,0.0,4.0,phase-4
2026-09-18T08:10:34+00:00,5,415,0,1.78,4.465,40.57,5.8,phase-4
2026-09-18T08:10:34+00:00,5,416,0,0.0,0.0,0.0,5.0,phase-4
2026-09-18T08:10:34+00:00,5,417,0,2.32,3.854,66.26,4.9,phase-4
2026-09-18T08:10:34+00:00,5,418,0,2.01,3.232,61.71,4.9,phase-4
2026-09-18T08:10:34+00:00,5,419,0,1.51,2.399,46.64,5.0,phase-4
2026-09-18T08:10:34+00:00,5,420,0,1.12,2.142,32.36,4.9,phase-4
2026-09-18T08:10:34+00:00,5,421,0,0.81,2.439,25.45,4.4,phase-4
2026-09-18T08:10:34+00:00,5,422,0,0.91,2.857,26.14,4.4,phase-4
2026-09-18T08:10:34+00:00,5,423,0,1.7,3.367,56.22,4.4,phase-4
2026-09-18T08:10:34+00:00,5,424,0,0.14,0.442,5.22,4.0,phase-4
2026-09-18T08:10:34+00:00,5,425,0,0.0,0.0,0.0,4.0,phase-4
2026-09-18T08:10:34+00:00,5,426,0,6.04,13.964,77.21,12.0,phase-4
2026-09-18T08:10:34+00:00,5,427,0,4.38,11.722,73.33,7.9,phase-4
2026-09-18T08:10:34+00:00,5,428,0,3.45,6.707,71.39,7.9,phase-4
2026-09-18T08:10:34+00:00,5,429,0,2.17,1.417,65.77,7.0,phase-4
2026-09-18T08:10:34+00:00,5,430,0,0.64,1.409,20.11,5.4,phase-4
2026-09-18T08:10:34+00:00,5,431,0,0.0,0.0,0.0,5.7,phase-4
2026-09-18T08:10:34+00:00,5,432,0,2.23,1.527,53.67,5.5,phase-4
2026-09-18T08:10:34+00:00,5,433,0,0.0,0.0,0.0,5.0,phase-4
2026-09-18T08:10:34+00:00,5,434,0,0.14,0.256,5.22,4.9,phase-4
2026-09-18T08:10:34+00:00,5,435,0,0.16,0.283,5.22,4.9,phase-4
2026-09-18T08:10:34+00:00,5,437,0,0.15,0.267,5.22,4.5,phase-4
2026-09-18T08:10:34+00:00,5,438,0,0.2,0.315,5.22,4.4,phase-4
2026-09-18T08:10:34+00:00,5,439,0,2.29,4.478,35.62,7.0,phase-4
2026-09-18T08:10:34+00:00,5,440,0,0.35,0.821,11.43,5.4,phase-4
2026-09-18T08:10:34+00:00,5,442,0,2.61,2.391,66.26,4.9,phase-4
2026-09-18T08:10:34+00:00,5,443,0,0.24,0.707,8.17,4.5,phase-4
2026-09-18T08:10:34+00:00,5,444,0,0.12,0.365,4.09,4.5,phase-4
2026-09-18T08:10:34+00:00,5,445,0,3.48,4.701,90.0,5.0,phase-4
2026-09-18T08:10:34+00:00,5,446,0,0.92,2.192,30.0,4.9,phase-4
2026-09-18T08:10:34+00:00,5,447,0,3.63,3.385,90.0,5.0,phase-4
2026-09-18T08:10:34+00:00,5,448,0,0.0,0.0,0.0,4.9,phase-4
2026-09-18T08:10:34+00:00,5,449,0,3.45,4.356,90.0,5.2,phase-4
2026-09-18T08:10:34+00:00,5,450,0,1.35,2.369,41.16,4.9,phase-4
2026-09-18T08:10:34+00:00,5,451,0,0.0,0.0,0.0,4.0,phase-4
2026-09-18T08:10:34+00:00,5,452,0,2.49,3.842,50.06,6.7,phase-4
2026-09-18T08:10:34+00:00,5,453,0,3.41,5.738,90.0,6.0,phase-4
2026-09-18T08:10:34+00:00,5,454,0,0.0,0.0,0.0,6.2,phase-4
2026-09-18T08:10:34+00:00,5,455,0,1.84,1.584,56.96,5.4,phase-4
2026-09-18T08:10:34+00:00,5,456,0,0.0,0.0,0.0,4.9,phase-4
2026-09-18T08:10:34+00:00,5,457,0,1.78,2.722,57.3,5.9,phase-4
2026-09-18T08:10:34+00:00,5,458,0,0.0,0.0,0.0,5.4,phase-4
2026-09-18T08:10:34+00:00,5,459,0,2.94,1.611,85.5,5.5,phase-4
2026-09-18T08:10:34+00:00,5,460,0,2.21,2.482,55.48,5.0,phase-4
2026-09-18T08:10:34+00:00,5,461,0,1.1,2.421,13.81,5.8,phase-4
2026-09-18T08:10:34+00:00,5,462,0,1.61,0.237,58.08,4.9,phase-4
2026-09-18T08:10:34+00:00,5,463,0,0.0,0.0,0.0,5.9,phase-4
2026-09-18T08:10:34+00:00,5,464,0,1.91,2.339,65.29,6.2,phase-4
2026-09-18T08:10:34+00:00,5,465,0,0.0,0.0,0.0,5.9,phase-4
2026-09-18T08:10:34+00:00,5,466,0,0.0,0.0,0.0,4.5,phase-4
2026-09-18T08:10:34+00:00,5,467,0,3.54,3.495,81.69,5.0,phase-4
2026-09-18T08:10:34+00:00,5,468,0,0.45,1.258,12.9,4.5,phase-4
2026-09-18T08:10:34+00:00,5,469,0,3.84,6.183,88.24,5.0,phase-4
2026-09-18T08:10:34+00:00,5,470,0,0.0,0.0,0.0,5.0,phase-4
2026-09-18T08:10:34+00:00,5,471,0,0.0,0.0,0.0,5.5,phase-4
2026-09-18T08:10:34+00:00,5,472,0,3.54,4.908,76.22,5.5,phase-4
2026-09-18T08:10:34+00:00,5,473,0,2.43,4.084,63.51,4.5,phase-4
2026-09-18T08:10:34+00:00,5,474,0,1.0,2.51,28.89,4.5,phase-4
2026-09-18T08:10:34+00:00,5,475,0,0.0,0.0,0.0,4.5,phase-4
2026-09-18T08:10:34+00:00,5,476,0,0.2,0.602,5.89,4.0,phase-4
2026-09-18T08:10:34+00:00,5,477,0,0.0,0.0,0.0,4.0,phase-4
2026-09-18T08:10:34+00:00,5,478,0,0.36,1.012,10.1,4.4,phase-4
2026-09-18T08:10:34+00:00,5,480,0,5.42,12.798,87.15,8.0,phase-4
2026-09-18T08:10:34+00:00,5,481,0,3.9,2.431,82.19,6.3,phase-4
2026-09-18T08:10:34+00:00,5,482,0,1.39,2.156,36.45,5.8,phase-4
2026-09-18T08:10:34+00:00,5,483,0,2.33,4.777,55.24,5.5,phase-4
2026-09-18T08:10:34+00:00,5,484,0,0.0,0.0,0.0,5.4,phase-4
2026-09-18T08:10:34+00:00,5,485,0,0.0,0.0,0.0,5.5,phase-4
2026-09-18T08:10:34+00:00,5,486,0,1.43,2.189,40.76,5.5,phase-4
2026-09-18T08:10:34+00:00,5,487,0,0.91,1.346,29.71,4.9,phase-4
2026-09-18T08:10:34+00:00,5,488,0,1.77,2.086,51.28,4.9,phase-4
2026-09-18T08:10:34+00:00,5,489,0,0.45,1.013,11.9,4.5,phase-4
2026-09-18T08:10:34+00:00,5,490,0,0.84,1.825,22.44,5.8,phase-4
2026-09-18T08:10:34+00:00,5,491,0,2.99,4.786,67.89,5.8,phase-4
2026-09-18T08:10:34+00:00,5,492,0,0.0,0.0,0.0,5.5,phase-4
2026-09-18T08:10:34+00:00,5,493,0,0.31,0.439,5.89,5.4,phase-4
2026-09-18T08:10:34+00:00,5,494,0,0.0,0.0,0.0,4.5,phase-4
2026-09-18T08:10:34+00:00,5,495,0,0.2,0.588,5.41,4.0,phase-4
2026-09-18T08:10:34+00:00,5,496,0,2.07,3.124,46.1,4.5,phase-4
2026-09-18T08:10:34+00:00,5,497,0,2.61,2.736,57.15,4.0,phase-4
2026-09-18T08:10:34+00:00,5,498,0,3.57,3.498,66.0,5.8,phase-4
2026-09-18T08:10:34+00:00,5,499,0,2.1,4.588,49.73,5.4,phase-4
2026-09-18T08:10:34+00:00,5,500,0,0.0,0.0,0.0,5.0,phase-4
2026-09-18T08:10:34+00:00,5,501,0,1.45,2.643,46.45,5.0,phase-4
2026-09-18T08:10:34+00:00,5,502,0,2.13,3.113,47.72,4.4,phase-4
2026-09-18T08:10:34+00:00,5,503,0,3.17,6.109,74.64,5.0,phase-4
2026-09-18T08:10:34+00:00,5,504,0,3.01,4.983,90.0,5.0,phase-4
2026-09-18T08:10:34+00:00,5,505,0,0.0,0.0,0.0,4.5,phase-4
2026-09-18T08:10:34+00:00,5,506,0,1.18,3.013,32.5,4.4,phase-4
2026-09-18T08:10:34+00:00,5,508,0,0.31,1.149,7.97,4.0,phase-4
2026-09-18T08:10:34+00:00,5,509,0,0.37,0.764,5.41,4.0,phase-4
2026-09-18T08:10:34+00:00,5,510,0,0.37,0.764,5.41,4.0,phase-4
2026-09-18T08:10:34+00:00,5,511,0,0.0,0.0,0.0,4.0,phase-4
2026-09-18T08:10:34+00:00,5,512,0,1.48,2.153,35.36,6.5,phase-4
2026-09-18T08:10:34+00:00,5,513,0,0.0,0.0,0.0,5.9,phase-4
2026-09-18T08:10:34+00:00,5,514,0,1.97,2.286,48.95,5.8,phase-4
2026-09-18T08:10:34+00:00,5,515,0,0.18,0.308,5.41,6.3,phase-4
2026-09-18T08:10:34+00:00,5,516,0,2.38,0.631,61.75,5.5,phase-4
2026-09-18T08:10:34+00:00,5,517,0,0.0,0.0,0.0,5.5,phase-4
2026-09-18T08:10:34+00:00,5,518,0,0.0,0.0,0.0,4.9,phase-4
2026-09-18T08:10:34+00:00,5,519,0,1.03,1.479,37.03,5.3,phase-4
2026-09-18T08:10:34+00:00,5,520,0,0.92,1.703,26.36,5.4,phase-4
2026-09-18T08:10:34+00:00,5,521,0,0.0,0.0,0.0,6.5,phase-4
2026-09-18T08:10:34+00:00,5,522,0,1.5,1.818,49.41,4.9,phase-4
2026-09-18T08:10:34+00:00,5,523,0,0.0,0.0,0.0,5.0,phase-4
2026-09-18T08:10:34+00:00,5,524,0,0.17,0.292,5.41,4.4,phase-4
2026-09-18T08:10:34+00:00,5,525,0,2.48,1.684,69.31,5.8,phase-4
2026-09-18T08:10:34+00:00,5,526,0,0.97,1.924,28.2,5.8,phase-4
2026-09-18T08:10:34+00:00,5,527,0,0.0,0.0,0.0,5.9,phase-4
2026-09-18T08:10:34+00:00,5,528,0,0.0,0.0,0.0,4.5,phase-4
2026-09-18T08:10:34+00:00,5,529,0,3.17,2.979,83.74,4.9,phase-4
2026-09-18T08:10:34+00:00,5,531,0,0.39,0.879,9.7,4.5,phase-4
2026-09-18T08:10:34+00:00,5,532,0,2.72,3.366,72.2,4.9,phase-4
2026-09-18T08:10:34+00:00,5,533,0,3.36,5.184,75.02,5.4,phase-4
2026-09-18T08:10:34+00:00,5,534,0,2.27,3.174,71.54,4.4,phase-4
2026-09-18T08:10:34+00:00,5,535,0,1.82,2.242,55.47,4.9,phase-4
2026-09-18T08:10:34+00:00,5,536,0,0.0,0.0,0.0,4.5,phase-4
2026-09-18T08:10:34+00:00,5,537,0,0.0,0.0,0.0,4.5,phase-4
2026-09-18T08:10:34+00:00,5,539,0,0.41,1.636,19.54,4.0,phase-4
2026-09-18T08:10:34+00:00,5,540,0,0.0,0.0,0.0,4.0,phase-4
2026-09-18T08:10:34+00:00,5,541,0,2.73,3.891,86.9,4.5,phase-4
2026-09-18T08:10:34+00:00,5,542,0,3.26,4.769,81.64,5.8,phase-4
2026-09-18T08:10:34+00:00,5,543,0,0.0,0.0,0.0,5.4,phase-4
2026-09-18T08:10:34+00:00,5,544,0,2.92,1.438,80.59,5.5,phase-4
2026-09-18T08:10:34+00:00,5,545,0,2.17,1.004,81.64,4.9,phase-4
2026-09-18T08:10:34+00:00,5,546,0,0.0,0.0,0.0,4.9,phase-4
2026-09-18T08:10:34+00:00,5,547,0,0.0,0.0,0.0,4.9,phase-4
2026-09-18T08:10:34+00:00,5,548,0,0.57,0.943,20.46,4.9,phase-4
2026-09-18T08:10:34+00:00,5,549,0,1.16,1.591,32.64,5.3,phase-4
2026-09-18T08:10:34+00:00,5,550,0,0.18,0.337,7.01,5.0,phase-4
2026-09-18T08:10:34+00:00,5,551,0,1.02,1.353,40.97,5.0,phase-4
2026-09-18T08:10:34+00:00,5,552,0,1.95,1.821,67.66,5.8,phase-4
2026-09-18T08:10:34+00:00,5,553,0,1.92,3.253,31.39,5.5,phase-4
2026-09-18T08:10:34+00:00,5,555,0,0.11,0.396,6.28,4.0,phase-4
2026-09-18T08:10:34+00:00,5,556,0,0.27,0.552,5.12,4.0,phase-4
2026-09-18T08:10:34+00:00,5,557,0,0.86,1.497,33.45,6.4,phase-4
2026-09-18T08:10:34+00:00,5,558,0,2.13,0.95,74.24,5.0,phase-4
2026-09-18T08:10:34+00:00,5,559,0,0.44,0.775,9.75,4.9,phase-4
2026-09-18T08:10:34+00:00,5,560,0,0.12,0.385,5.8,4.4,phase-4
2026-09-18T08:10:34+00:00,5,561,0,0.12,0.385,5.8,4.5,phase-4
2026-09-18T08:10:34+00:00,5,562,0,1.93,1.837,61.62,5.4,phase-4
2026-09-18T08:10:34+00:00,5,563,0,0.0,0.0,0.0,5.0,phase-4
2026-09-18T08:10:34+00:00,5,564,0,2.63,2.52,78.31,4.5,phase-4
2026-09-18T08:10:34+00:00,5,565,0,2.58,2.78,79.35,5.7,phase-4
2026-09-18T08:10:34+00:00,5,566,0,2.93,6.105,90.0,5.0,phase-4
2026-09-18T08:10:34+00:00,5,567,0,2.85,3.1,90.0,5.0,phase-4
2026-09-18T08:10:34+00:00,5,568,0,0.11,0.989,8.36,5.4,phase-4
2026-09-18T08:10:34+00:00,5,569,0,2.56,2.512,79.96,6.0,phase-4
2026-09-18T08:10:34+00:00,5,570,0,1.91,3.673,60.23,5.4,phase-4
2026-09-18T08:10:34+00:00,5,571,0,1.03,1.291,37.15,4.9,phase-4
2026-09-18T08:10:34+00:00,5,572,0,3.59,3.501,90.0,4.6,phase-4
2026-09-18T08:10:34+00:00,5,573,0,0.18,0.547,5.99,4.4,phase-4
2026-09-18T08:10:34+00:00,5,574,0,0.33,0.477,6.83,4.9,phase-4
2026-09-18T08:10:34+00:00,5,575,0,1.45,0.791,58.45,4.9,phase-4
2026-09-18T08:10:34+00:00,5,576,0,1.9,0.452,90.0,5.0,phase-4
2026-09-18T08:10:34+00:00,5,577,0,0.38,1.083,16.23,4.4,phase-4
2026-09-18T08:10:34+00:00,5,578,0,0.0,0.0,0.0,5.4,phase-4
2026-09-18T08:10:34+00:00,5,579,0,1.67,1.83,51.18,5.4,phase-4
2026-09-18T08:10:34+00:00,5,580,0,1.76,0.551,51.33,5.0,phase-4
2026-09-18T08:10:34+00:00,5,581,0,1.05,2.835,26.65,5.4,phase-4
2026-09-18T08:10:34+00:00,5,582,0,0.0,0.0,0.0,5.4,phase-4
2026-09-18T08:10:34+00:00,5,583,0,1.07,0.165,25.28,4.9,phase-4
2026-09-18T08:10:34+00:00,5,584,0,2.1,1.566,69.42,5.4,phase-4
2026-09-18T08:10:34+00:00,5,585,0,1.12,0.283,29.76,4.0,phase-4
2026-09-18T08:10:34+00:00,5,586,0,0.0,0.0,0.0,4.1,phase-4
2026-09-18T08:10:34+00:00,5,587,0,0.2,0.602,5.42,5.0,phase-4
2026-09-18T08:10:34+00:00,5,588,0,1.8,4.312,79.09,5.0,phase-4
2026-09-18T08:10:34+00:00,5,589,0,1.1,0.124,42.74,5.0,phase-4
2026-09-18T08:10:34+00:00,5,590,0,0.2,0.602,5.89,4.5,phase-4
2026-09-18T08:10:34+00:00,5,591,0,2.44,2.254,78.31,5.5,phase-4
2026-09-18T08:10:34+00:00,5,592,0,0.51,1.2,10.4,4.0,phase-4
2026-09-18T08:10:34+00:00,5,593,0,0.0,0.0,0.0,4.5,phase-4
2026-09-18T08:10:34+00:00,5,594,0,0.09,1.25,6.92,6.0,phase-4
2026-09-18T08:10:34+00:00,5,595,0,0.32,0.711,8.73,5.0,phase-4
2026-09-18T08:10:34+00:00,5,596,0,0.3,0.811,6.94,4.5,phase-4
2026-09-18T08:10:34+00:00,5,597,0,3.13,3.333,76.53,5.0,phase-4
2026-09-18T08:10:34+00:00,5,598,0,2.19,2.915,54.32,4.5,phase-4
2026-09-18T08:10:34+00:00,5,599,0,0.35,0.794,10.02,5.0,phase-4
2026-09-18T08:10:34+00:00,5,600,0,0.65,1.319,12.03,5.0,phase-4
2026-09-18T08:10:34+00:00,5,601,0,0.14,0.268,5.41,4.5,phase-4
2026-09-18T08:10:34+00:00,5,603,0,0.17,0.529,5.51,4.0,phase-4
2026-09-18T08:10:34+00:00,5,604,0,0.14,0.268,5.51,4.5,phase-4
2026-09-18T08:10:34+00:00,5,605,0,3.4,5.969,69.98,4.5,phase-4
2026-09-18T08:10:34+00:00,5,606,0,0.2,0.598,6.07,4.0,phase-4
2026-09-18T08:10:34+00:00,5,608,0,0.33,0.769,5.99,5.0,phase-4
2026-09-18T08:10:34+00:00,5,611,0,2.11,2.57,53.98,4.5,phase-4
2026-09-18T08:10:34+00:00,5,612,0,0.17,0.512,5.66,4.5,phase-4
2026-09-18T08:10:34+00:00,5,613,0,0.14,0.273,5.66,4.5,phase-4
2026-09-18T08:10:34+00:00,5,614,0,0.18,0.539,6.05,4.5,phase-4
2026-09-18T08:10:34+00:00,5,615,0,0.18,0.547,5.99,4.5,phase-4
2026-09-18T08:10:34+00:00,5,616,0,0.27,0.518,5.93,5.5,phase-4
2026-09-18T08:10:34+00:00,5,617,0,1.07,2.719,15.27,5.0,phase-4
2026-09-18T08:10:34+00:00,5,618,0,0.0,0.0,0.0,5.9,phase-4
2026-09-18T08:10:34+00:00,5,619,0,1.75,0.486,49.45,5.0,phase-4
2026-09-18T08:10:34+00:00,5,620,0,1.49,1.806,50.6,4.5,phase-4
2026-09-18T08:10:34+00:00,5,621,0,0.33,0.771,5.42,4.5,phase-4
2026-09-18T08:10:34+00:00,5,622,0,0.3,0.707,5.42,4.0,phase-4
2026-09-18T08:10:34+00:00,5,623,0,0.37,0.845,11.52,4.0,phase-4
2026-09-18T08:10:34+00:00,5,625,0,0.17,0.529,5.51,4.0,phase-4
2026-09-18T08:10:34+00:00,5,626,0,0.13,0.248,5.21,4.5,phase-4
2026-09-18T08:10:34+00:00,5,627,0,0.84,1.532,25.59,8.0,phase-4
2026-09-18T08:10:34+00:00,5,628,0,0.15,0.269,5.42,6.0,phase-4
2026-09-18T08:10:34+00:00,5,629,0,0.17,0.529,5.51,4.0,phase-4
2026-09-18T08:10:34+00:00,5,630,0,1.9,2.731,57.56,4.5,phase-4
2026-09-18T08:10:34+00:00,5,631,0,0.35,0.795,8.15,6.0,phase-4
2026-09-18T08:10:34+00:00,5,632,0,0.0,0.0,0.0,5.0,phase-4
2026-09-18T08:10:34+00:00,5,633,0,0.55,1.445,28.38,4.5,phase-4
2026-09-18T08:10:34+00:00,5,634,0,0.88,1.042,36.94,6.0,phase-4
2026-09-18T08:10:34+00:00,5,635,0,0.34,0.956,6.21,5.0,phase-4
2026-09-18T08:10:34+00:00,5,636,0,0.13,0.248,5.21,5.0,phase-4
2026-09-18T08:10:34+00:00,5,637,0,0.26,0.407,6.83,5.0,phase-4
2026-09-18T08:10:34+00:00,5,638,0,0.15,1.365,11.53,4.0,phase-4
2026-09-18T08:10:34+00:00,5,639,0,0.46,1.363,7.52,5.5,phase-4
2026-09-18T08:10:34+00:00,5,640,0,1.78,4.064,34.84,5.5,phase-4
2026-09-18T08:10:34+00:00,5,641,0,0.18,0.532,5.51,4.5,phase-4
2026-09-18T08:10:34+00:00,5,642,0,0.96,0.887,19.34,5.5,phase-4
2026-09-18T08:10:34+00:00,5,643,0,0.49,1.793,8.6,4.5,phase-4
2026-09-18T08:10:34+00:00,5,644,0,1.45,1.459,50.85,5.0,phase-4
2026-09-18T08:10:34+00:00,5,645,0,0.17,0.321,6.83,5.0,phase-4
2026-09-18T08:10:34+00:00,5,646,0,0.31,0.723,8.44,5.5,phase-4
2026-09-18T08:10:34+00:00,5,647,0,0.32,0.463,6.28,5.5,phase-4
2026-09-18T08:10:34+00:00,5,648,0,0.14,0.268,5.51,5.0,phase-4
2026-09-18T08:10:34+00:00,5,649,0,1.55,3.128,37.15,4.5,phase-4
2026-09-18T08:10:34+00:00,5,650,0,0.69,1.631,23.55,4.5,phase-4
2026-09-18T08:10:34+00:00,5,651,0,0.13,0.257,5.66,4.5,phase-4
2026-09-18T08:10:34+00:00,5,652,0,0.12,0.222,4.54,5.5,phase-4
2026-09-18T08:10:34+00:00,5,653,0,0.15,0.269,5.42,4.5,phase-4
2026-09-18T08:10:34+00:00,5,654,0,0.16,0.29,5.95,4.5,phase-4
2026-09-18T08:10:34+00:00,5,655,0,0.17,0.314,6.72,5.5,phase-4
2026-09-18T08:10:34+00:00,5,656,0,0.16,0.506,6.72,4.0,phase-4
2026-09-18T08:10:34+00:00,5,657,0,0.13,0.247,5.26,4.5,phase-4
2026-09-18T08:10:34+00:00,5,658,0,0.15,0.29,6.05,4.5,phase-4
2026-09-18T08:10:34+00:00,5,659,0,0.21,0.381,8.17,4.5,phase-4
2026-10-10T09:43:17+00:00,6,1,0,3.84,4.08,86.32,6.1,phase-4
2026-10-10T09:43:17+00:00,6,2,0,0.3,0.828,6.92,4.9,phase-4
2026-10-10T09:43:17+00:00,6,3,0,0.23,0.684,5.69,4.9,phase-4
2026-10-10T09:43:17+00:00,6,4,0,4.09,6.217,79.62,8.0,phase-4
2026-10-10T09:43:17+00:00,6,5,0,2.4,4.225,52.27,6.5,phase-4
2026-10-10T09:43:17+00:00,6,6,0,0.0,0.0,0.0,5.9,phase-4
2026-10-10T09:43:17+00:00,6,7,0,1.12,1.472,38.62,5.4,phase-4
2026-10-10T09:43:17+00:00,6,8,0,3.25,5.685,68.73,5.9,phase-4
2026-10-10T09:43:17+00:00,6,9,0,1.48,3.169,33.94,5.2,phase-4
2026-10-10T09:43:17+00:00,6,10,0,2.02,4.284,43.53,5.4,phase-4
2026-10-10T09:43:17+00:00,6,11,0,1.43,3.124,32.96,5.3,phase-4
2026-10-10T09:43:17+00:00,6,12,0,4.4,8.942,74.84,9.6,phase-4
2026-10-10T09:43:17+00:00,6,13,0,2.38,2.781,63.31,7.4,phase-4
2026-10-10T09:43:17+00:00,6,14,0,1.82,2.416,40.65,6.2,phase-4
2026-10-10T09:43:17+00:00,6,15,0,2.86,4.412,59.25,6.8,phase-4
2026-10-10T09:43:17+00:00,6,16,0,0.92,1.596,25.29,6.2,phase-4
2026-10-10T09:43:17+00:00,6,17,0,1.18,2.407,25.38,5.7,phase-4
2026-10-10T09:43:17+00:00,6,18,0,0.0,0.0,0.0,6.3,phase-4
2026-10-10T09:43:17+00:00,6,19,0,2.26,2.188,57.3,5.3,phase-4
2026-10-10T09:43:17+00:00,6,20,0,0.36,0.772,6.92,5.3,phase-4
2026-10-10T09:43:17+00:00,6,21,0,0.12,0.206,3.68,4.8,phase-4
2026-10-10T09:43:17+00:00,6,22,0,0.0,0.0,0.0,5.4,phase-4
2026-10-10T09:43:17+00:00,6,24,0,0.0,0.0,0.0,5.5,phase-4
2026-10-10T09:43:17+00:00,6,25,0,1.8,3.56,41.1,7.1,phase-4
2026-10-10T09:43:17+00:00,6,26,0,1.43,2.73,38.51,7.6,phase-4
2026-10-10T09:43:17+00:00,6,27,0,0.0,0.0,0.0,5.9,phase-4
2026-10-10T09:43:17+00:00,6,28,0,3.15,2.47,71.38,5.0,phase-4
2026-10-10T09:43:17+00:00,6,29,0,0.55,1.134,15.12,4.5,phase-4
2026-10-10T09:43:17+00:00,6,30,0,0.0,0.0,0.0,4.5,phase-4
2026-10-10T09:43:17+00:00,6,31,0,2.3,4.307,54.74,4.6,phase-4
2026-10-10T09:43:17+00:00,6,32,0,2.0,3.452,74.52,4.4,phase-4
2026-10-10T09:43:17+00:00,6,33,0,1.61,1.838,48.57,4.5,phase-4
2026-10-10T09:43:17+00:00,6,34,0,1.0,2.298,36.64,4.4,phase-4
2026-10-10T09:43:17+00:00,6,35,0,0.45,0.837,19.95,4.9,phase-4
2026-10-10T09:43:17+00:00,6,36,0,0.0,0.0,0.0,4.4,phase-4
2026-10-10T09:43:17+00:00,6,37,0,1.96,2.578,60.12,4.5,phase-4
2026-10-10T09:43:17+00:00,6,38,0,0.2,0.575,7.06,4.0,phase-4
2026-10-10T09:43:17+00:00,6,39,0,0.0,0.0,0.0,4.0,phase-4
2026-10-10T09:43:17+00:00,6,40,0,5.56,15.109,80.74,7.8,phase-4
2026-10-10T09:43:17+00:00,6,41,0,2.78,3.755,69.71,5.9,phase-4
2026-10-10T09:43:17+00:00,6,42,0,0.9,1.599,22.99,5.4,phase-4
2026-10-10T09:43:17+00:00,6,43,0,2.98,2.979,69.14,5.8,phase-4
2026-10-10T09:43:17+00:00,6,44,0,0.0,0.0,0.0,5.4,phase-4
2026-10-10T09:43:17+00:00,6,45,0,2.55,3.304,79.35,5.4,phase-4
2026-10-10T09:43:17+00:00,6,46,0,1.73,2.768,44.67,5.0,phase-4
2026-10-10T09:43:17+00:00,6,47,0,2.13,0.947,67.71,5.0,phase-4
2026-10-10T09:43:17+00:00,6,48,0,0.0,0.0,0.0,4.9,phase-4
2026-10-10T09:43:17+00:00,6,50,0,0.16,0.293,5.81,4.5,phase-4
2026-10-10T09:43:17+00:00,6,51,0,0.9,1.186,33.18,4.5,phase-4
2026-10-10T09:43:17+00:00,6,52,0,0.29,0.783,6.93,5.0,phase-4
2026-10-10T09:43:17+00:00,6,53,0,1.31,2.39,22.63,5.9,phase-4
2026-10-10T09:43:17+00:00,6,54,0,1.76,0.828,62.44,5.5,phase-4
2026-10-10T09:43:17+00:00,6,55,0,0.0,0.0,0.0,7.8,phase-4
2026-10-10T09:43:17+00:00,6,56,0,0.51,1.14,11.77,5.5,phase-4
2026-10-10T09:43:17+00:00,6,57,0,2.83,0.987,90.0,4.5,phase-4
2026-10-10T09:43:17+00:00,6,58,0,0.1,0.421,7.7,4.0,phase-4
2026-10-10T09:43:17+00:00,6,60,0,2.58,1.87,90.0,5.5,phase-4
2026-10-10T09:43:17+00:00,6,61,0,2.11,2.233,90.0,5.4,phase-4
2026-10-10T09:43:17+00:00,6,62,0,0.46,1.334,32.58,4.9,phase-4
2026-10-10T09:43:17+00:00,6,63,0,0.0,0.0,0.0,4.9,phase-4
2026-10-10T09:43:17+00:00,6,64,0,0.87,1.19,80.73,4.5,phase-4
2026-10-10T09:43:17+00:00,6,65,0,0.0,0.0,0.0,4.4,phase-4
2026-10-10T09:43:17+00:00,6,66,0,0.11,0.425,7.7,4.0,phase-4
2026-10-10T09:43:17+00:00,6,67,0,3.13,5.743,81.59,6.3,phase-4
2026-10-10T09:43:17+00:00,6,68,0,4.13,7.788,90.0,6.1,phase-4
2026-10-10T09:43:17+00:00,6,69,0,0.0,0.0,0.0,6.1,phase-4
2026-10-10T09:43:17+00:00,6,70,0,0.0,0.0,0.0,5.9,phase-4
2026-10-10T09:43:17+00:00,6,71,0,1.07,0.993,43.48,5.0,phase-4
2026-10-10T09:43:17+00:00,6,72,0,0.6,1.541,7.7,4.9,phase-4
2026-10-10T09:43:17+00:00,6,73,0,2.75,1.082,77.16,5.0,phase-4
2026-10-10T09:43:17+00:00,6,74,0,0.87,1.573,33.59,5.0,phase-4
2026-10-10T09:43:17+00:00,6,75,0,1.46,3.501,35.96,5.0,phase-4
2026-10-10T09:43:17+00:00,6,76,0,0.32,0.588,11.02,4.9,phase-4
2026-10-10T09:43:17+00:00,6,77,0,0.0,0.0,0.0,4.9,phase-4
2026-10-10T09:43:17+00:00,6,78,0,0.0,0.0,0.0,7.4,phase-4
2026-10-10T09:43:17+00:00,6,79,0,2.95,3.782,90.0,6.0,phase-4
2026-10-10T09:43:17+00:00,6,80,0,0.0,0.0,0.0,5.5,phase-4
2026-10-10T09:43:17+00:00,6,81,0,0.36,0.528,7.7,6.0,phase-4
2026-10-10T09:43:17+00:00,6,82,0,3.55,3.34,80.49,5.0,phase-4
2026-10-10T09:43:17+00:00,6,83,0,0.22,0.629,6.45,4.5,phase-4
2026-10-10T09:43:17+00:00,6,84,0,0.0,0.0,0.0,5.4,phase-4
2026-10-10T09:43:17+00:00,6,85,0,0.0,0.0,0.0,4.9,phase-4
2026-10-10T09:43:17+00:00,6,86,0,2.98,4.385,67.12,5.5,phase-4
2026-10-10T09:43:17+00:00,6,87,0,2.65,3.229,65.34,4.5,phase-4
2026-10-10T09:43:17+00:00,6,88,0,3.17,6.109,75.62,4.6,phase-4
2026-10-10T09:43:17+00:00,6,89,0,0.72,1.95,21.51,4.4,phase-4
2026-10-10T09:43:17+00:00,6,90,0,0.92,2.19,24.36,4.5,phase-4
2026-10-10T09:43:17+00:00,6,91,0,0.93,2.208,37.37,4.5,phase-4
2026-10-10T09:43:17+00:00,6,92,0,0.17,0.522,5.3,4.4,phase-4
2026-10-10T09:43:17+00:00,6,93,0,2.12,2.602,46.43,4.5,phase-4
2026-10-10T09:43:17+00:00,6,94,0,3.52,6.592,76.04,6.2,phase-4
2026-10-10T09:43:17+00:00,6,95,0,2.47,3.924,52.42,6.3,phase-4
2026-10-10T09:43:17+00:00,6,96,0,1.95,2.839,43.49,5.4,phase-4
2026-10-10T09:43:17+00:00,6,97,0,0.0,0.0,0.0,5.4,phase-4
2026-10-10T09:43:17+00:00,6,98,0,2.37,2.226,60.88,5.0,phase-4
2026-10-10T09:43:17+00:00,6,99,0,0.0,0.0,0.0,5.0,phase-4
2026-10-10T09:43:17+00:00,6,100,0,2.45,11.042,6.45,5.0,phase-4
2026-10-10T09:43:17+00:00,6,101,0,1.25,1.852,38.89,4.9,phase-4
2026-10-10T09:43:17+00:00,6,102,0,2.09,1.201,59.61,4.8,phase-4
2026-10-10T09:43:17+00:00,6,103,0,0.0,0.0,0.0,4.9,phase-4
2026-10-10T09:43:17+00:00,6,104,0,1.7,3.289,37.72,4.9,phase-4
2026-10-10T09:43:17+00:00,6,105,0,3.3,6.619,66.28,5.9,phase-4
2026-10-10T09:43:17+00:00,6,106,0,3.98,9.096,80.49,7.8,phase-4
2026-10-10T09:43:17+00:00,6,107,0,0.0,0.0,0.0,4.5,phase-4
2026-10-10T09:43:17+00:00,6,108,0,1.22,3.059,21.05,5.4,phase-4
2026-10-10T09:43:17+00:00,6,109,0,3.52,3.295,90.0,4.5,phase-4
2026-10-10T09:43:17+00:00,6,110,0,2.35,2.145,90.0,4.5,phase-4
2026-10-10T09:43:17+00:00,6,111,0,0.17,0.507,5.92,4.0,phase-4
2026-10-10T09:43:17+00:00,6,112,0,2.85,4.471,82.8,4.9,phase-4
2026-10-10T09:43:17+00:00,6,113,0,2.46,4.05,81.39,4.4,phase-4
2026-10-10T09:43:17+00:00,6,114,0,2.07,3.102,57.4,4.5,phase-4
2026-10-10T09:43:17+00:00,6,115,0,3.91,11.857,66.92,5.0,phase-4
2026-10-10T09:43:17+00:00,6,116,0,2.34,3.263,78.4,4.5,phase-4
2026-10-10T09:43:17+00:00,6,117,0,0.16,0.723,8.47,4.5,phase-4
2026-10-10T09:43:17+00:00,6,118,0,0.0,0.0,0.0,4.5,phase-4
2026-10-10T09:43:17+00:00,6,119,0,0.85,2.482,16.0,4.5,phase-4
2026-10-10T09:43:17+00:00,6,120,0,0.29,0.627,5.92,5.0,phase-4
2026-10-10T09:43:17+00:00,6,121,0,0.0,0.0,0.0,5.9,phase-4
2026-10-10T09:43:17+00:00,6,122,0,0.0,0.0,0.0,5.8,phase-4
2026-10-10T09:43:17+00:00,6,123,0,2.45,9.866,19.2,5.9,phase-4
2026-10-10T09:43:17+00:00,6,124,0,4.08,8.588,70.91,5.9,phase-4
2026-10-10T09:43:17+00:00,6,125,0,2.12,4.289,42.21,5.3,phase-4
2026-10-10T09:43:17+00:00,6,126,0,1.23,5.188,8.47,5.4,phase-4
2026-10-10T09:43:17+00:00,6,127,0,3.63,6.933,78.87,5.0,phase-4
2026-10-10T09:43:17+00:00,6,128,0,0.0,0.0,0.0,5.0,phase-4
2026-10-10T09:43:17+00:00,6,129,0,3.04,5.31,67.37,5.4,phase-4
2026-10-10T09:43:17+00:00,6,130,0,0.0,0.0,0.0,4.9,phase-4
2026-10-10T09:43:17+00:00,6,131,0,0.82,1.12,33.38,4.9,phase-4
2026-10-10T09:43:17+00:00,6,132,0,0.0,0.0,0.0,4.5,phase-4
2026-10-10T09:43:17+00:00,6,133,0,0.0,0.0,0.0,5.0,phase-4
2026-10-10T09:43:17+00:00,6,134,0,0.27,0.404,5.92,4.4,phase-4
2026-10-10T09:43:17+00:00,6,135,0,0.0,0.0,0.0,4.8,phase-4
2026-10-10T09:43:17+00:00,6,136,0,2.27,5.32,43.92,5.9,phase-4
2026-10-10T09:43:17+00:00,6,137,0,0.0,0.0,0.0,5.4,phase-4
2026-10-10T09:43:17+00:00,6,138,0,2.22,4.862,41.08,5.6,phase-4
2026-10-10T09:43:17+00:00,6,139,0,0.0,0.0,0.0,5.0,phase-4
2026-10-10T09:43:17+00:00,6,140,0,0.0,0.0,0.0,4.9,phase-4
2026-10-10T09:43:17+00:00,6,141,0,0.0,0.0,0.0,5.0,phase-4
2026-10-10T09:43:17+00:00,6,142,0,2.66,5.983,55.75,5.3,phase-4
2026-10-10T09:43:17+00:00,6,143,0,0.0,0.0,0.0,5.5,phase-4
2026-10-10T09:43:17+00:00,6,144,0,2.26,3.986,60.56,4.9,phase-4
2026-10-10T09:43:17+00:00,6,145,0,1.94,2.998,55.41,5.0,phase-4
2026-10-10T09:43:17+00:00,6,146,0,0.0,0.0,0.0,4.5,phase-4
2026-10-10T09:43:17+00:00,6,147,0,0.52,1.034,15.02,4.4,phase-4
2026-10-10T09:43:17+00:00,6,148,0,1.22,2.845,44.15,4.5,phase-4
2026-10-10T09:43:17+00:00,6,149,0,0.91,2.245,33.82,4.8,phase-4
2026-10-10T09:43:17+00:00,6,150,0,0.0,0.0,0.0,4.5,phase-4
2026-10-10T09:43:17+00:00,6,151,0,1.01,2.517,30.19,4.5,phase-4
2026-10-10T09:43:17+00:00,6,152,0,0.15,0.454,5.32,5.3,phase-4
2026-10-10T09:43:17+00:00,6,153,0,0.0,0.0,0.0,4.5,phase-4
2026-10-10T09:43:17+00:00,6,154,0,4.89,13.498,69.12,9.7,phase-4
2026-10-10T09:43:17+00:00,6,155,0,2.65,3.819,70.77,6.9,phase-4
2026-10-10T09:43:17+00:00,6,156,0,3.77,7.668,69.59,6.5,phase-4
2026-10-10T09:43:17+00:00,6,157,0,1.23,3.656,19.08,6.3,phase-4
2026-10-10T09:43:17+00:00,6,158,0,0.0,0.0,0.0,5.8,phase-4
2026-10-10T09:43:17+00:00,6,159,0,1.38,1.714,46.39,5.3,phase-4
2026-10-10T09:43:17+00:00,6,160,0,0.8,1.322,25.27,5.8,phase-4
2026-10-10T09:43:17+00:00,6,161,0,1.36,3.338,34.98,5.0,phase-4
2026-10-10T09:43:17+00:00,6,162,0,0.99,1.665,28.91,4.8,phase-4
2026-10-10T09:43:17+00:00,6,163,0,0.0,0.0,0.0,4.5,phase-4
2026-10-10T09:43:17+00:00,6,164,0,0.2,0.484,5.71,5.3,phase-4
2026-10-10T09:43:17+00:00,6,165,0,5.73,14.063,70.48,7.7,phase-4
2026-10-10T09:43:17+00:00,6,166,0,1.67,1.963,71.21,6.5,phase-4
2026-10-10T09:43:17+00:00,6,167,0,1.56,2.164,51.08,5.6,phase-4
2026-10-10T09:43:17+00:00,6,168,0,0.0,0.0,0.0,5.0,phase-4
2026-10-10T09:43:17+00:00,6,169,0,0.25,0.373,5.32,4.5,phase-4
2026-10-10T09:43:17+00:00,6,170,0,0.0,0.0,0.0,4.9,phase-4
2026-10-10T09:43:17+00:00,6,172,0,0.15,0.469,6.6,4.4,phase-4
2026-10-10T09:43:17+00:00,6,173,0,2.58,4.312,90.0,4.0,phase-4
2026-10-10T09:43:17+00:00,6,175,0,1.29,2.479,65.11,4.0,phase-4
2026-10-10T09:43:17+00:00,6,176,0,2.48,4.392,90.0,4.0,phase-4
2026-10-10T09:43:17+00:00,6,177,0,0.07,0.242,3.31,3.9,phase-4
2026-10-10T09:43:17+00:00,6,178,0,0.15,0.469,6.6,4.0,phase-4
2026-10-10T09:43:17+00:00,6,179,0,0.48,0.693,6.6,4.0,phase-4
2026-10-10T09:43:17+00:00,6,180,0,0.0,0.0,0.0,3.9,phase-4
2026-10-10T09:43:17+00:00,6,182,0,0.0,0.0,0.0,4.0,phase-4
2026-10-10T09:43:17+00:00,6,183,0,3.27,4.84,80.97,4.9,phase-4
2026-10-10T09:43:17+00:00,6,184,0,1.53,0.94,50.48,4.9,phase-4
2026-10-10T09:43:17+00:00,6,185,0,0.33,0.716,8.14,4.8,phase-4
2026-10-10T09:43:17+00:00,6,186,0,2.56,2.649,80.97,5.3,phase-4
2026-10-10T09:43:17+00:00,6,187,0,0.0,0.0,0.0,4.8,phase-4
2026-10-10T09:43:17+00:00,6,188,0,0.7,1.238,13.91,5.3,phase-4
2026-10-10T09:43:17+00:00,6,189,0,0.16,0.307,6.6,4.4,phase-4
2026-10-10T09:43:17+00:00,6,190,0,1.82,2.208,48.47,5.3,phase-4
2026-10-10T09:43:17+00:00,6,193,0,0.0,0.0,0.0,5.3,phase-4
2026-10-10T09:43:17+00:00,6,194,0,1.85,0.918,57.8,5.0,phase-4
2026-10-10T09:43:17+00:00,6,195,0,0.89,1.655,27.3,4.9,phase-4
2026-10-10T09:43:17+00:00,6,198,0,0.0,0.0,0.0,4.9,phase-4
2026-10-10T09:43:17+00:00,6,199,0,0.92,1.758,22.41,4.5,phase-4
2026-10-10T09:43:17+00:00,6,200,0,3.24,4.11,74.06,5.9,phase-4
2026-10-10T09:43:17+00:00,6,201,0,2.91,6.672,74.56,5.4,phase-4
2026-10-10T09:43:17+00:00,6,202,0,3.62,3.508,88.9,4.9,phase-4
2026-10-10T09:43:17+00:00,6,203,0,2.36,2.301,62.98,4.8,phase-4
2026-10-10T09:43:17+00:00,6,204,0,3.39,6.481,90.0,4.5,phase-4
2026-10-10T09:43:17+00:00,6,205,0,0.0,0.0,0.0,4.5,phase-4
2026-10-10T09:43:17+00:00,6,206,0,0.0,0.0,0.0,4.3,phase-4
2026-10-10T09:43:17+00:00,6,207,0,0.25,0.619,6.27,4.3,phase-4
2026-10-10T09:43:17+00:00,6,208,0,1.76,3.447,42.3,6.2,phase-4
2026-10-10T09:43:17+00:00,6,209,0,1.72,2.4,55.36,5.9,phase-4
2026-10-10T09:43:17+00:00,6,210,0,3.13,2.154,86.79,5.4,phase-4
2026-10-10T09:43:17+00:00,6,211,0,2.51,3.203,71.63,5.5,phase-4
2026-10-10T09:43:17+00:00,6,212,0,0.88,1.341,32.8,4.4,phase-4
2026-10-10T09:43:17+00:00,6,213,0,1.7,3.42,38.19,4.8,phase-4
2026-10-10T09:43:17+00:00,6,214,0,2.72,1.979,79.41,5.0,phase-4
2026-10-10T09:43:17+00:00,6,215,0,0.0,0.0,0.0,5.0,phase-4
2026-10-10T09:43:17+00:00,6,216,0,0.0,0.0,0.0,5.0,phase-4
2026-10-10T09:43:17+00:00,6,218,0,0.16,0.299,6.27,4.8,phase-4
2026-10-10T09:43:17+00:00,6,220,0,0.0,0.0,0.0,4.5,phase-4
2026-10-10T09:43:17+00:00,6,221,0,0.35,0.494,6.27,4.4,phase-4
2026-10-10T09:43:17+00:00,6,222,0,2.19,1.862,72.09,6.0,phase-4
2026-10-10T09:43:17+00:00,6,223,0,0.0,0.0,0.0,6.3,phase-4
2026-10-10T09:43:17+00:00,6,224,0,1.47,3.562,31.15,5.5,phase-4
2026-10-10T09:43:17+00:00,6,225,0,0.0,0.0,0.0,5.0,phase-4
2026-10-10T09:43:17+00:00,6,226,0,3.7,3.549,90.0,5.5,phase-4
2026-10-10T09:43:17+00:00,6,227,0,0.19,0.583,6.04,5.0,phase-4
2026-10-10T09:43:17+00:00,6,228,0,0.19,0.583,6.04,4.5,phase-4
2026-10-10T09:43:17+00:00,6,229,0,4.23,4.301,90.0,6.2,phase-4
2026-10-10T09:43:17+00:00,6,230,0,2.43,2.812,57.7,5.5,phase-4
2026-10-10T09:43:17+00:00,6,231,0,1.67,3.111,47.56,4.8,phase-4
2026-10-10T09:43:17+00:00,6,232,0,2.08,2.436,58.91,4.8,phase-4
2026-10-10T09:43:17+00:00,6,233,0,2.12,3.628,65.74,4.6,phase-4
2026-10-10T09:43:17+00:00,6,234,0,0.0,0.0,0.0,4.5,phase-4
2026-10-10T09:43:17+00:00,6,236,0,3.16,3.671,84.59,6.6,phase-4
2026-10-10T09:43:17+00:00,6,237,0,2.81,2.641,73.03,5.8,phase-4
2026-10-10T09:43:17+00:00,6,238,0,1.62,1.588,43.48,6.5,phase-4
2026-10-10T09:43:17+00:00,6,239,0,3.37,1.377,87.16,6.0,phase-4
2026-10-10T09:43:17+00:00,6,240,0,0.98,1.686,31.89,5.0,phase-4
2026-10-10T09:43:17+00:00,6,241,0,1.01,1.584,32.59,5.3,phase-4
2026-10-10T09:43:17+00:00,6,242,0,1.2,1.543,37.51,5.5,phase-4
2026-10-10T09:43:17+00:00,6,243,0,0.41,1.511,13.85,4.9,phase-4
2026-10-10T09:43:17+00:00,6,244,0,1.51,0.873,54.47,5.0,phase-4
2026-10-10T09:43:17+00:00,6,245,0,0.41,1.119,11.25,5.3,phase-4
2026-10-10T09:43:17+00:00,6,246,0,0.52,0.978,18.72,4.9,phase-4
2026-10-10T09:43:17+00:00,6,247,0,1.39,0.976,32.91,5.4,phase-4
2026-10-10T09:43:17+00:00,6,248,0,0.0,0.0,0.0,5.4,phase-4
2026-10-10T09:43:17+00:00,6,249,0,2.67,3.502,75.45,5.7,phase-4
2026-10-10T09:43:17+00:00,6,250,0,3.22,2.829,79.85,4.5,phase-4
2026-10-10T09:43:17+00:00,6,251,0,0.15,0.458,5.2,4.0,phase-4
2026-10-10T09:43:17+00:00,6,253,0,2.07,2.208,61.11,5.0,phase-4
2026-10-10T09:43:17+00:00,6,254,0,1.58,2.994,45.51,4.5,phase-4
2026-10-10T09:43:17+00:00,6,255,0,0.62,1.832,23.66,4.5,phase-4
2026-10-10T09:43:17+00:00,6,256,0,0.89,2.27,30.69,4.4,phase-4
2026-10-10T09:43:17+00:00,6,257,0,2.28,3.01,71.1,4.5,phase-4
2026-10-10T09:43:17+00:00,6,258,0,2.25,3.945,64.1,4.5,phase-4
2026-10-10T09:43:17+00:00,6,259,0,1.92,2.624,52.27,4.0,phase-4
2026-10-10T09:43:17+00:00,6,260,0,1.56,2.365,43.74,6.2,phase-4
2026-10-10T09:43:17+00:00,6,261,0,2.75,2.821,71.97,5.4,phase-4
2026-10-10T09:43:17+00:00,6,262,0,1.23,2.03,33.5,5.3,phase-4
2026-10-10T09:43:17+00:00,6,263,0,0.93,1.656,21.59,5.3,phase-4
2026-10-10T09:43:17+00:00,6,264,0,1.67,2.538,48.19,5.5,phase-4
2026-10-10T09:43:17+00:00,6,265,0,2.19,0.87,71.56,4.9,phase-4
2026-10-10T09:43:17+00:00,6,266,0,0.0,0.0,0.0,4.9,phase-4
2026-10-10T09:43:17+00:00,6,267,0,1.84,1.322,62.55,4.9,phase-4
2026-10-10T09:43:17+00:00,6,268,0,2.26,3.263,57.21,5.6,phase-4
2026-10-10T09:43:17+00:00,6,269,0,1.81,4.754,33.07,4.3,phase-4
2026-10-10T09:43:17+00:00,6,270,0,0.36,0.677,6.33,4.4,phase-4
2026-10-10T09:43:17+00:00,6,271,0,0.73,2.131,18.91,5.4,phase-4
2026-10-10T09:43:17+00:00,6,272,0,0.1,0.321,5.2,4.5,phase-4
2026-10-10T09:43:17+00:00,6,273,0,0.23,0.694,5.64,4.0,phase-4
2026-10-10T09:43:17+00:00,6,274,0,0.0,0.0,0.0,4.4,phase-4
2026-10-10T09:43:17+00:00,6,277,0,2.02,3.757,49.25,4.1,phase-4
2026-10-10T09:43:17+00:00,6,278,0,0.0,0.0,0.0,3.9,phase-4
2026-10-10T09:43:17+00:00,6,279,0,2.28,3.793,50.49,4.2,phase-4
2026-10-10T09:43:17+00:00,6,280,0,3.38,4.424,84.99,4.0,phase-4
2026-10-10T09:43:17+00:00,6,281,0,0.0,0.0,0.0,4.0,phase-4
2026-10-10T09:43:17+00:00,6,282,0,2.22,3.611,50.18,4.0,phase-4
2026-10-10T09:43:17+00:00,6,284,0,0.23,0.694,5.64,4.0,phase-4
2026-10-10T09:43:17+00:00,6,285,0,0.4,1.153,8.49,4.0,phase-4
2026-10-10T09:43:17+00:00,6,286,0,3.0,2.38,86.5,5.1,phase-4
2026-10-10T09:43:17+00:00,6,287,0,0.0,0.0,0.0,5.0,phase-4
2026-10-10T09:43:17+00:00,6,288,0,0.74,1.06,15.52,4.4,phase-4
2026-10-10T09:43:17+00:00,6,289,0,0.75,1.231,53.25,4.4,phase-4
2026-10-10T09:43:17+00:00,6,290,0,2.44,1.053,86.5,4.5,phase-4
2026-10-10T09:43:17+00:00,6,291,0,0.0,0.0,0.0,4.5,phase-4
2026-10-10T09:43:17+00:00,6,292,0,0.16,0.284,5.64,4.9,phase-4
2026-10-10T09:43:17+00:00,6,294,0,0.16,0.284,5.64,4.5,phase-4
2026-10-10T09:43:17+00:00,6,295,0,1.98,2.885,63.29,5.5,phase-4
2026-10-10T09:43:17+00:00,6,297,0,0.0,0.0,0.0,4.4,phase-4
2026-10-10T09:43:17+00:00,6,299,0,0.0,0.0,0.0,4.5,phase-4
2026-10-10T09:43:17+00:00,6,300,0,0.74,1.628,19.36,4.4,phase-4
2026-10-10T09:43:17+00:00,6,301,0,0.72,1.661,19.95,4.0,phase-4
2026-10-10T09:43:17+00:00,6,302,0,0.22,0.508,5.25,4.0,phase-4
2026-10-10T09:43:17+00:00,6,303,0,0.16,0.491,5.25,3.9,phase-4
2026-10-10T09:43:17+00:00,6,304,0,3.18,3.253,77.9,4.0,phase-4
2026-10-10T09:43:17+00:00,6,305,0,3.08,7.104,75.26,4.0,phase-4
2026-10-10T09:43:17+00:00,6,306,0,2.19,2.556,64.25,3.9,phase-4
2026-10-10T09:43:17+00:00,6,307,0,0.0,0.0,0.0,4.0,phase-4
2026-10-10T09:43:17+00:00,6,308,0,1.12,0.378,22.88,3.9,phase-4
2026-10-10T09:43:17+00:00,6,309,0,1.08,1.341,34.81,4.9,phase-4
2026-10-10T09:43:17+00:00,6,310,0,0.14,0.256,5.25,4.9,phase-4
2026-10-10T09:43:17+00:00,6,311,0,0.0,0.0,0.0,5.0,phase-4
2026-10-10T09:43:17+00:00,6,312,0,0.43,0.983,13.37,4.4,phase-4
2026-10-10T09:43:17+00:00,6,313,0,1.27,2.407,33.39,5.3,phase-4
2026-10-10T09:43:17+00:00,6,314,0,0.0,0.0,0.0,4.9,phase-4
2026-10-10T09:43:17+00:00,6,315,0,0.0,0.0,0.0,5.4,phase-4
2026-10-10T09:43:17+00:00,6,316,0,3.46,3.772,79.14,5.6,phase-4
2026-10-10T09:43:17+00:00,6,317,0,0.0,0.0,0.0,5.0,phase-4
2026-10-10T09:43:17+00:00,6,318,0,0.61,1.538,17.25,5.4,phase-4
2026-10-10T09:43:17+00:00,6,319,0,0.0,0.0,0.0,5.0,phase-4
2026-10-10T09:43:17+00:00,6,320,0,1.45,2.725,16.28,5.0,phase-4
2026-10-10T09:43:17+00:00,6,321,0,0.17,0.287,5.25,4.5,phase-4
2026-10-10T09:43:17+00:00,6,322,0,0.0,0.0,0.0,5.0,phase-4
2026-10-10T09:43:17+00:00,6,323,0,0.55,1.203,17.17,4.4,phase-4
2026-10-10T09:43:17+00:00,6,324,0,0.14,0.256,5.25,4.8,phase-4
2026-10-10T09:43:17+00:00,6,325,0,1.03,2.24,25.31,4.5,phase-4
2026-10-10T09:43:17+00:00,6,326,0,0.0,0.0,0.0,4.5,phase-4
2026-10-10T09:43:17+00:00,6,327,0,1.83,3.326,46.85,5.0,phase-4
2026-10-10T09:43:17+00:00,6,328,0,1.76,4.497,46.86,4.9,phase-4
2026-10-10T09:43:17+00:00,6,329,0,0.0,0.0,0.0,4.3,phase-4
2026-10-10T09:43:17+00:00,6,330,0,3.01,6.043,79.3,4.6,phase-4
2026-10-10T09:43:17+00:00,6,331,0,2.3,2.855,67.56,4.5,phase-4
2026-10-10T09:43:17+00:00,6,332,0,2.8,3.551,69.06,4.5,phase-4
2026-10-10T09:43:17+00:00,6,333,0,0.0,0.0,0.0,4.5,phase-4
2026-10-10T09:43:17+00:00,6,334,0,3.13,4.275,84.87,5.0,phase-4
2026-10-10T09:43:17+00:00,6,335,0,3.09,2.577,75.57,6.0,phase-4
2026-10-10T09:43:17+00:00,6,336,0,2.02,3.277,54.23,5.8,phase-4
2026-10-10T09:43:17+00:00,6,337,0,1.98,1.38,59.05,5.3,phase-4
2026-10-10T09:43:17+00:00,6,338,0,3.08,0.788,82.08,5.4,phase-4
2026-10-10T09:43:17+00:00,6,339,0,0.59,1.029,17.8,4.8,phase-4
2026-10-10T09:43:17+00:00,6,340,0,0.44,1.14,5.64,5.0,phase-4
2026-10-10T09:43:17+00:00,6,341,0,0.0,0.0,0.0,5.0,phase-4
2026-10-10T09:43:17+00:00,6,342,0,0.0,0.0,0.0,5.0,phase-4
2026-10-10T09:43:17+00:00,6,343,0,0.0,0.0,0.0,4.9,phase-4
2026-10-10T09:43:17+00:00,6,344,0,0.64,1.05,23.41,5.0,phase-4
2026-10-10T09:43:17+00:00,6,345,0,1.52,2.053,45.45,4.9,phase-4
2026-10-10T09:43:17+00:00,6,346,0,2.55,3.868,77.43,6.0,phase-4
2026-10-10T09:43:17+00:00,6,347,0,1.15,2.074,23.8,5.4,phase-4
2026-10-10T09:43:17+00:00,6,348,0,0.0,0.0,0.0,5.0,phase-4
2026-10-10T09:43:17+00:00,6,349,0,0.0,0.0,0.0,4.5,phase-4
2026-10-10T09:43:17+00:00,6,350,0,3.13,3.174,80.41,5.5,phase-4
2026-10-10T09:43:17+00:00,6,351,0,0.76,1.699,19.03,4.8,phase-4
2026-10-10T09:43:17+00:00,6,352,0,0.35,0.84,8.63,4.0,phase-4
2026-10-10T09:43:17+00:00,6,354,0,0.0,0.0,0.0,4.0,phase-4
2026-10-10T09:43:17+00:00,6,355,0,0.2,0.593,6.03,4.0,phase-4
2026-10-10T09:43:17+00:00,6,356,0,4.21,6.216,90.0,6.5,phase-4
2026-10-10T09:43:17+00:00,6,357,0,1.4,3.496,36.81,5.3,phase-4
2026-10-10T09:43:17+00:00,6,358,0,2.48,3.789,75.88,5.3,phase-4
2026-10-10T09:43:17+00:00,6,359,0,0.44,1.491,15.14,4.9,phase-4
2026-10-10T09:43:17+00:00,6,360,0,0.0,0.0,0.0,5.0,phase-4
2026-10-10T09:43:17+00:00,6,361,0,0.2,0.593,6.03,4.0,phase-4
2026-10-10T09:43:17+00:00,6,362,0,2.98,3.808,90.0,5.0,phase-4
2026-10-10T09:43:17+00:00,6,363,0,0.0,0.0,0.0,4.0,phase-4
2026-10-10T09:43:17+00:00,6,364,0,0.81,2.199,23.03,4.9,phase-4
2026-10-10T09:43:17+00:00,6,366,0,3.08,4.247,81.43,7.3,phase-4
2026-10-10T09:43:17+00:00,6,367,0,0.0,0.0,0.0,7.2,phase-4
2026-10-10T09:43:17+00:00,6,368,0,3.83,5.779,90.0,6.9,phase-4
2026-10-10T09:43:17+00:00,6,369,0,0.75,1.628,19.98,5.7,phase-4
2026-10-10T09:43:17+00:00,6,370,0,0.07,0.18,1.83,5.3,phase-4
2026-10-10T09:43:17+00:00,6,371,0,2.67,2.159,71.89,5.8,phase-4
2026-10-10T09:43:17+00:00,6,372,0,2.42,1.606,74.39,5.4,phase-4
2026-10-10T09:43:17+00:00,6,373,0,0.0,0.0,0.0,5.5,phase-4
2026-10-10T09:43:17+00:00,6,374,0,0.2,0.434,7.34,4.9,phase-4
2026-10-10T09:43:17+00:00,6,375,0,0.18,0.315,6.03,4.8,phase-4
2026-10-10T09:43:17+00:00,6,377,0,1.98,1.892,61.64,6.5,phase-4
2026-10-10T09:43:17+00:00,6,378,0,0.16,0.293,6.03,4.4,phase-4
2026-10-10T09:43:17+00:00,6,379,0,0.0,0.0,0.0,9.1,phase-4
2026-10-10T09:43:17+00:00,6,380,0,0.0,0.0,0.0,7.4,phase-4
2026-10-10T09:43:17+00:00,6,381,0,0.39,1.099,6.03,5.0,phase-4
2026-10-10T09:43:17+00:00,6,382,0,0.14,0.273,6.03,4.5,phase-4
2026-10-10T09:43:17+00:00,6,383,0,0.0,0.0,0.0,5.4,phase-4
2026-10-10T09:43:17+00:00,6,384,0,3.05,2.918,79.87,5.5,phase-4
2026-10-10T09:43:17+00:00,6,385,0,2.35,2.858,47.46,5.0,phase-4
2026-10-10T09:43:17+00:00,6,386,0,0.16,0.497,5.44,4.5,phase-4
2026-10-10T09:43:17+00:00,6,387,0,2.22,6.567,43.89,6.3,phase-4
2026-10-10T09:43:17+00:00,6,388,0,3.37,6.211,80.78,6.0,phase-4
2026-10-10T09:43:17+00:00,6,389,0,2.34,2.998,63.02,5.9,phase-4
2026-10-10T09:43:17+00:00,6,390,0,2.57,3.916,70.71,5.5,phase-4
2026-10-10T09:43:17+00:00,6,391,0,2.5,3.902,61.98,5.7,phase-4
2026-10-10T09:43:17+00:00,6,392,0,0.63,1.707,19.52,5.2,phase-4
2026-10-10T09:43:17+00:00,6,393,0,1.57,2.418,47.9,5.4,phase-4
2026-10-10T09:43:17+00:00,6,394,0,0.0,0.0,0.0,5.0,phase-4
2026-10-10T09:43:17+00:00,6,395,0,0.57,2.027,16.54,4.4,phase-4
2026-10-10T09:43:17+00:00,6,396,0,0.25,0.583,5.44,4.5,phase-4
2026-10-10T09:43:17+00:00,6,397,0,2.69,5.47,61.96,8.4,phase-4
2026-10-10T09:43:17+00:00,6,398,0,0.0,0.0,0.0,6.9,phase-4
2026-10-10T09:43:17+00:00,6,399,0,3.16,5.419,56.68,7.8,phase-4
2026-10-10T09:43:17+00:00,6,400,0,2.71,8.038,30.72,7.4,phase-4
2026-10-10T09:43:17+00:00,6,401,0,1.4,2.321,42.71,7.0,phase-4
2026-10-10T09:43:17+00:00,6,402,0,0.0,0.0,0.0,6.5,phase-4
2026-10-10T09:43:17+00:00,6,403,0,1.32,2.205,35.74,6.5,phase-4
2026-10-10T09:43:17+00:00,6,404,0,0.0,0.0,0.0,6.0,phase-4
2026-10-10T09:43:17+00:00,6,405,0,1.37,1.687,51.32,5.5,phase-4
2026-10-10T09:43:17+00:00,6,406,0,0.23,0.413,6.62,5.3,phase-4
2026-10-10T09:43:17+00:00,6,409,0,0.0,0.0,0.0,4.5,phase-4
2026-10-10T09:43:17+00:00,6,410,0,0.0,0.0,0.0,4.9,phase-4
2026-10-10T09:43:17+00:00,6,411,0,4.89,10.369,79.87,15.6,phase-4
2026-10-10T09:43:17+00:00,6,412,0,3.39,3.319,80.35,4.9,phase-4
2026-10-10T09:43:17+00:00,6,413,0,0.0,0.0,0.0,4.5,phase-4
2026-10-10T09:43:17+00:00,6,414,0,0.0,0.0,0.0,4.0,phase-4
2026-10-10T09:43:17+00:00,6,415,0,0.0,0.0,0.0,5.8,phase-4
2026-10-10T09:43:17+00:00,6,416,0,0.0,0.0,0.0,4.9,phase-4
2026-10-10T09:43:17+00:00,6,417,0,2.92,5.1,72.37,4.9,phase-4
2026-10-10T09:43:17+00:00,6,418,0,2.59,4.249,68.1,4.8,phase-4
2026-10-10T09:43:17+00:00,6,419,0,2.15,3.18,54.52,4.9,phase-4
2026-10-10T09:43:17+00:00,6,420,0,1.26,2.589,31.54,4.8,phase-4
2026-10-10T09:43:17+00:00,6,421,0,1.0,2.968,25.49,4.3,phase-4
2026-10-10T09:43:17+00:00,6,422,0,0.81,2.675,19.27,4.4,phase-4
2026-10-10T09:43:17+00:00,6,423,0,2.99,4.41,80.84,4.3,phase-4
2026-10-10T09:43:17+00:00,6,424,0,0.19,0.57,5.6,4.0,phase-4
2026-10-10T09:43:17+00:00,6,425,0,0.0,0.0,0.0,4.0,phase-4
2026-10-10T09:43:17+00:00,6,426,0,6.58,15.612,83.17,11.9,phase-4
2026-10-10T09:43:17+00:00,6,427,0,4.94,13.399,79.41,7.9,phase-4
2026-10-10T09:43:17+00:00,6,428,0,3.92,7.719,77.52,7.9,phase-4
2026-10-10T09:43:17+00:00,6,429,0,2.02,2.953,55.27,6.9,phase-4
2026-10-10T09:43:17+00:00,6,430,0,1.17,3.9,20.1,5.4,phase-4
2026-10-10T09:43:17+00:00,6,431,0,0.0,0.0,0.0,5.7,phase-4
2026-10-10T09:43:17+00:00,6,432,0,1.82,2.207,45.08,5.5,phase-4
2026-10-10T09:43:17+00:00,6,433,0,0.0,0.0,0.0,5.0,phase-4
2026-10-10T09:43:17+00:00,6,434,0,0.15,0.279,5.6,4.9,phase-4
2026-10-10T09:43:17+00:00,6,435,0,0.18,0.309,5.6,4.9,phase-4
2026-10-10T09:43:17+00:00,6,437,0,0.16,0.291,5.6,4.4,phase-4
2026-10-10T09:43:17+00:00,6,438,0,0.22,0.344,5.6,4.4,phase-4
2026-10-10T09:43:17+00:00,6,439,0,0.0,0.0,0.0,7.0,phase-4
2026-10-10T09:43:17+00:00,6,440,0,0.38,0.895,12.21,5.3,phase-4
2026-10-10T09:43:17+00:00,6,442,0,1.7,2.197,46.0,4.9,phase-4
2026-10-10T09:43:17+00:00,6,443,0,0.15,0.472,6.26,4.5,phase-4
2026-10-10T09:43:17+00:00,6,444,0,0.0,0.0,0.0,4.4,phase-4
2026-10-10T09:43:17+00:00,6,445,0,3.23,4.3,90.0,5.0,phase-4
2026-10-10T09:43:17+00:00,6,446,0,0.7,1.669,23.34,4.9,phase-4
2026-10-10T09:43:17+00:00,6,447,0,2.98,2.68,78.17,5.0,phase-4
2026-10-10T09:43:17+00:00,6,448,0,0.0,0.0,0.0,4.8,phase-4
2026-10-10T09:43:17+00:00,6,449,0,3.13,4.422,81.33,5.3,phase-4
2026-10-10T09:43:17+00:00,6,450,0,0.42,1.235,14.35,4.9,phase-4
2026-10-10T09:43:17+00:00,6,451,0,0.0,0.0,0.0,4.0,phase-4
2026-10-10T09:43:17+00:00,6,452,0,2.58,3.215,54.13,6.7,phase-4
2026-10-10T09:43:17+00:00,6,453,0,3.32,5.818,76.07,6.1,phase-4
2026-10-10T09:43:17+00:00,6,454,0,0.0,0.0,0.0,6.1,phase-4
2026-10-10T09:43:17+00:00,6,455,0,2.47,1.074,78.16,5.3,phase-4
2026-10-10T09:43:17+00:00,6,456,0,0.0,0.0,0.0,4.8,phase-4
2026-10-10T09:43:17+00:00,6,457,0,1.5,2.634,49.44,5.9,phase-4
2026-10-10T09:43:17+00:00,6,458,0,0.66,1.254,27.96,5.4,phase-4
2026-10-10T09:43:17+00:00,6,459,0,1.75,1.883,52.25,5.5,phase-4
2026-10-10T09:43:17+00:00,6,460,0,2.16,3.237,48.09,5.0,phase-4
2026-10-10T09:43:17+00:00,6,461,0,1.08,2.32,12.44,5.8,phase-4
2026-10-10T09:43:17+00:00,6,462,0,1.73,0.325,54.8,4.9,phase-4
2026-10-10T09:43:17+00:00,6,463,0,0.0,0.0,0.0,5.9,phase-4
2026-10-10T09:43:17+00:00,6,464,0,2.12,3.184,55.77,6.2,phase-4
2026-10-10T09:43:17+00:00,6,465,0,0.78,1.872,12.21,5.8,phase-4
2026-10-10T09:43:17+00:00,6,466,0,0.0,0.0,0.0,4.5,phase-4
2026-10-10T09:43:17+00:00,6,467,0,3.33,2.641,90.0,5.0,phase-4
2026-10-10T09:43:17+00:00,6,468,0,0.36,1.012,13.38,4.5,phase-4
2026-10-10T09:43:17+00:00,6,469,0,1.46,3.806,48.33,5.0,phase-4
2026-10-10T09:43:17+00:00,6,470,0,0.0,0.0,0.0,5.0,phase-4
2026-10-10T09:43:17+00:00,6,471,0,0.0,0.0,0.0,5.4,phase-4
2026-10-10T09:43:17+00:00,6,472,0,3.29,3.994,84.76,5.5,phase-4
2026-10-10T09:43:17+00:00,6,473,0,1.84,3.127,63.89,4.4,phase-4
2026-10-10T09:43:17+00:00,6,474,0,1.25,2.319,48.65,4.5,phase-4
2026-10-10T09:43:17+00:00,6,475,0,0.0,0.0,0.0,4.5,phase-4
2026-10-10T09:43:17+00:00,6,476,0,0.17,0.512,6.44,4.0,phase-4
2026-10-10T09:43:17+00:00,6,477,0,0.0,0.0,0.0,4.0,phase-4
2026-10-10T09:43:17+00:00,6,478,0,0.31,0.866,10.6,4.4,phase-4
2026-10-10T09:43:17+00:00,6,480,0,4.67,10.027,90.0,8.0,phase-4
2026-10-10T09:43:17+00:00,6,481,0,3.58,1.923,82.6,6.3,phase-4
2026-10-10T09:43:17+00:00,6,482,0,1.2,1.825,36.12,5.8,phase-4
2026-10-10T09:43:17+00:00,6,483,0,2.41,4.507,63.81,5.5,phase-4
2026-10-10T09:43:17+00:00,6,484,0,0.0,0.0,0.0,5.4,phase-4
2026-10-10T09:43:17+00:00,6,485,0,0.0,0.0,0.0,5.5,phase-4
2026-10-10T09:43:17+00:00,6,486,0,1.65,2.149,50.23,5.5,phase-4
2026-10-10T09:43:17+00:00,6,487,0,0.82,1.232,30.02,4.9,phase-4
2026-10-10T09:43:17+00:00,6,488,0,1.64,1.809,51.86,4.8,phase-4
2026-10-10T09:43:17+00:00,6,489,0,0.39,0.904,11.79,4.4,phase-4
2026-10-10T09:43:17+00:00,6,490,0,0.86,1.683,24.2,5.8,phase-4
2026-10-10T09:43:17+00:00,6,491,0,0.0,0.0,0.0,5.8,phase-4
2026-10-10T09:43:17+00:00,6,492,0,0.0,0.0,0.0,5.4,phase-4
2026-10-10T09:43:17+00:00,6,493,0,0.29,0.433,6.44,5.4,phase-4
2026-10-10T09:43:17+00:00,6,494,0,0.0,0.0,0.0,4.5,phase-4
2026-10-10T09:43:17+00:00,6,495,0,0.12,0.398,5.52,4.0,phase-4
2026-10-10T09:43:17+00:00,6,496,0,1.87,1.693,51.88,4.5,phase-4
2026-10-10T09:43:17+00:00,6,497,0,1.96,1.625,52.85,4.0,phase-4
2026-10-10T09:43:17+00:00,6,498,0,2.61,1.83,63.44,5.8,phase-4
2026-10-10T09:43:17+00:00,6,499,0,0.0,0.0,0.0,5.4,phase-4
2026-10-10T09:43:17+00:00,6,500,0,0.0,0.0,0.0,5.0,phase-4
2026-10-10T09:43:17+00:00,6,501,0,1.11,1.382,54.24,5.0,phase-4
2026-10-10T09:43:17+00:00,6,502,0,1.71,1.8,53.14,4.4,phase-4
2026-10-10T09:43:17+00:00,6,503,0,2.15,4.24,76.8,5.0,phase-4
2026-10-10T09:43:17+00:00,6,504,0,3.12,5.561,90.0,5.0,phase-4
2026-10-10T09:43:17+00:00,6,505,0,0.0,0.0,0.0,4.5,phase-4
2026-10-10T09:43:17+00:00,6,506,0,0.7,2.008,30.3,4.4,phase-4
2026-10-10T09:43:17+00:00,6,508,0,0.18,0.81,7.9,3.9,phase-4
2026-10-10T09:43:17+00:00,6,509,0,0.26,0.536,5.52,4.0,phase-4
2026-10-10T09:43:17+00:00,6,510,0,0.26,0.536,5.52,4.0,phase-4
2026-10-10T09:43:17+00:00,6,511,0,0.0,0.0,0.0,4.0,phase-4
2026-10-10T09:43:17+00:00,6,512,0,1.63,1.941,37.04,6.5,phase-4
2026-10-10T09:43:17+00:00,6,513,0,0.0,0.0,0.0,5.9,phase-4
2026-10-10T09:43:17+00:00,6,514,0,1.68,2.157,45.97,5.7,phase-4
2026-10-10T09:43:17+00:00,6,515,0,0.22,0.45,5.99,6.3,phase-4
2026-10-10T09:43:17+00:00,6,516,0,2.45,0.452,65.51,5.5,phase-4
2026-10-10T09:43:17+00:00,6,517,0,0.0,0.0,0.0,5.5,phase-4
2026-10-10T09:43:17+00:00,6,518,0,0.0,0.0,0.0,4.9,phase-4
2026-10-10T09:43:17+00:00,6,519,0,1.1,2.161,35.16,5.3,phase-4
2026-10-10T09:43:17+00:00,6,520,0,0.8,1.557,25.09,5.3,phase-4
2026-10-10T09:43:17+00:00,6,521,0,0.0,0.0,0.0,6.5,phase-4
2026-10-10T09:43:17+00:00,6,522,0,1.68,1.21,52.87,4.9,phase-4
2026-10-10T09:43:17+00:00,6,523,0,0.0,0.0,0.0,5.0,phase-4
2026-10-10T09:43:17+00:00,6,524,0,0.15,0.28,5.52,4.4,phase-4
2026-10-10T09:43:17+00:00,6,525,0,2.33,1.594,71.73,5.7,phase-4
2026-10-10T09:43:17+00:00,6,526,0,1.02,1.915,32.34,5.8,phase-4
2026-10-10T09:43:17+00:00,6,527,0,0.0,0.0,0.0,5.9,phase-4
2026-10-10T09:43:17+00:00,6,528,0,0.0,0.0,0.0,4.5,phase-4
2026-10-10T09:43:17+00:00,6,529,0,2.65,1.143,89.24,4.9,phase-4
2026-10-10T09:43:17+00:00,6,531,0,0.31,0.583,9.9,4.4,phase-4
2026-10-10T09:43:17+00:00,6,532,0,0.0,0.0,0.0,4.9,phase-4
2026-10-10T09:43:17+00:00,6,533,0,2.8,5.099,80.68,5.4,phase-4
2026-10-10T09:43:17+00:00,6,534,0,1.49,2.371,71.64,4.3,phase-4
2026-10-10T09:43:17+00:00,6,535,0,1.06,1.18,53.46,4.8,phase-4
2026-10-10T09:43:17+00:00,6,536,0,1.05,1.23,71.58,4.4,phase-4
2026-10-10T09:43:17+00:00,6,537,0,0.0,0.0,0.0,4.5,phase-4
2026-10-10T09:43:17+00:00,6,539,0,0.13,1.072,19.58,3.9,phase-4
2026-10-10T09:43:17+00:00,6,540,0,0.0,0.0,0.0,4.0,phase-4
2026-10-10T09:43:17+00:00,6,541,0,1.68,2.773,90.0,4.5,phase-4
2026-10-10T09:43:17+00:00,6,542,0,3.86,7.36,87.22,5.7,phase-4
2026-10-10T09:43:17+00:00,6,543,0,0.0,0.0,0.0,5.3,phase-4
2026-10-10T09:43:17+00:00,6,544,0,3.21,2.077,86.21,5.5,phase-4
2026-10-10T09:43:17+00:00,6,545,0,2.23,1.483,87.22,4.9,phase-4
2026-10-10T09:43:17+00:00,6,546,0,0.0,0.0,0.0,4.9,phase-4
2026-10-10T09:43:17+00:00,6,547,0,0.0,0.0,0.0,4.8,phase-4
2026-10-10T09:43:17+00:00,6,548,0,0.53,0.937,20.26,4.9,phase-4
2026-10-10T09:43:17+00:00,6,549,0,1.09,1.768,31.51,5.3,phase-4
2026-10-10T09:43:17+00:00,6,550,0,0.18,0.336,7.32,4.9,phase-4
2026-10-10T09:43:17+00:00,6,551,0,1.3,2.116,47.92,5.0,phase-4
2026-10-10T09:43:17+00:00,6,552,0,0.0,0.0,0.0,5.7,phase-4
2026-10-10T09:43:17+00:00,6,553,0,2.31,4.264,32.7,5.5,phase-4
2026-10-10T09:43:17+00:00,6,555,0,0.18,0.547,6.27,4.0,phase-4
2026-10-10T09:43:17+00:00,6,556,0,0.0,0.0,0.0,4.0,phase-4
2026-10-10T09:43:17+00:00,6,557,0,0.0,0.0,0.0,6.3,phase-4
2026-10-10T09:43:17+00:00,6,558,0,2.19,1.007,84.69,5.0,phase-4
2026-10-10T09:43:17+00:00,6,559,0,0.35,0.55,6.72,4.9,phase-4
2026-10-10T09:43:17+00:00,6,560,0,0.15,0.454,5.32,4.4,phase-4
2026-10-10T09:43:17+00:00,6,561,0,0.15,0.454,5.32,4.5,phase-4
2026-10-10T09:43:17+00:00,6,562,0,1.9,2.198,54.05,5.3,phase-4
2026-10-10T09:43:17+00:00,6,563,0,0.62,0.897,21.51,4.9,phase-4
2026-10-10T09:43:17+00:00,6,564,0,2.61,2.589,69.02,4.5,phase-4
2026-10-10T09:43:17+00:00,6,565,0,2.11,2.185,67.68,5.6,phase-4
2026-10-10T09:43:17+00:00,6,566,0,1.3,3.671,90.0,5.0,phase-4
2026-10-10T09:43:17+00:00,6,567,0,2.69,2.48,90.0,5.0,phase-4
2026-10-10T09:43:17+00:00,6,568,0,0.76,1.616,24.32,5.4,phase-4
2026-10-10T09:43:17+00:00,6,569,0,2.66,2.939,79.85,6.1,phase-4
2026-10-10T09:43:17+00:00,6,570,0,1.6,3.179,49.15,5.4,phase-4
2026-10-10T09:43:17+00:00,6,571,0,1.04,1.28,36.15,4.8,phase-4
2026-10-10T09:43:17+00:00,6,572,0,4.04,4.483,86.5,4.7,phase-4
2026-10-10T09:43:17+00:00,6,573,0,0.1,0.421,7.7,4.4,phase-4
2026-10-10T09:43:17+00:00,6,574,0,0.27,0.395,5.64,4.9,phase-4
2026-10-10T09:43:17+00:00,6,575,0,1.7,0.49,69.56,4.8,phase-4
2026-10-10T09:43:17+00:00,6,576,0,1.72,0.97,69.12,5.0,phase-4
2026-10-10T09:43:17+00:00,6,577,0,0.0,0.0,0.0,4.4,phase-4
2026-10-10T09:43:17+00:00,6,578,0,0.0,0.0,0.0,5.3,phase-4
2026-10-10T09:43:17+00:00,6,579,0,2.25,2.838,66.07,5.4,phase-4
2026-10-10T09:43:17+00:00,6,580,0,1.89,0.564,56.98,5.0,phase-4
2026-10-10T09:43:17+00:00,6,581,0,1.26,3.029,42.71,5.4,phase-4
2026-10-10T09:43:17+00:00,6,582,0,0.1,0.201,4.35,5.4,phase-4
2026-10-10T09:43:17+00:00,6,583,0,1.41,1.107,34.87,4.9,phase-4
2026-10-10T09:43:17+00:00,6,584,0,2.08,1.891,61.93,5.3,phase-4
2026-10-10T09:43:17+00:00,6,585,0,1.66,1.636,36.95,4.0,phase-4
2026-10-10T09:43:17+00:00,6,586,0,3.46,5.681,69.12,4.1,phase-4
2026-10-10T09:43:17+00:00,6,587,0,0.16,0.497,5.44,5.0,phase-4
2026-10-10T09:43:17+00:00,6,588,0,2.89,6.503,82.5,5.0,phase-4
2026-10-10T09:43:17+00:00,6,589,0,0.95,0.885,30.93,5.0,phase-4
2026-10-10T09:43:17+00:00,6,590,0,0.17,0.512,6.44,4.5,phase-4
2026-10-10T09:43:17+00:00,6,591,0,2.81,3.421,80.55,5.5,phase-4
2026-10-10T09:43:17+00:00,6,592,0,1.15,1.997,27.34,4.0,phase-4
2026-10-10T09:43:17+00:00,6,593,0,1.08,2.537,40.69,4.5,phase-4
2026-10-10T09:43:17+00:00,6,594,0,0.2,1.55,5.92,5.9,phase-4
2026-10-10T09:43:17+00:00,6,595,0,0.23,0.457,6.98,4.9,phase-4
2026-10-10T09:43:17+00:00,6,596,0,0.86,1.886,26.09,4.5,phase-4
2026-10-10T09:43:17+00:00,6,597,0,2.77,2.456,76.36,5.0,phase-4
2026-10-10T09:43:17+00:00,6,598,0,2.26,2.801,60.56,4.5,phase-4
2026-10-10T09:43:17+00:00,6,599,0,0.23,0.523,7.88,5.0,phase-4
2026-10-10T09:43:17+00:00,6,600,0,0.53,1.23,9.41,5.0,phase-4
2026-10-10T09:43:17+00:00,6,601,0,0.13,0.26,5.52,4.5,phase-4
2026-10-10T09:43:17+00:00,6,603,0,0.18,0.543,5.53,4.0,phase-4
2026-10-10T09:43:17+00:00,6,604,0,0.14,0.27,5.53,4.5,phase-4
2026-10-10T09:43:17+00:00,6,605,0,3.69,8.905,55.9,4.5,phase-4
2026-10-10T09:43:17+00:00,6,606,0,0.15,0.469,5.81,4.0,phase-4
2026-10-10T09:43:17+00:00,6,608,0,0.39,0.837,7.7,5.0,phase-4
2026-10-10T09:43:17+00:00,6,611,0,1.6,2.542,51.43,4.5,phase-4
2026-10-10T09:43:17+00:00,6,612,0,0.11,1.216,22.95,4.5,phase-4
2026-10-10T09:43:17+00:00,6,613,0,0.14,0.277,6.01,4.5,phase-4
2026-10-10T09:43:17+00:00,6,614,0,0.17,0.507,5.92,4.5,phase-4
2026-10-10T09:43:17+00:00,6,615,0,0.1,0.421,7.7,4.5,phase-4
2026-10-10T09:43:17+00:00,6,616,0,0.21,0.396,5.44,5.5,phase-4
2026-10-10T09:43:17+00:00,6,617,0,1.44,2.991,16.14,5.0,phase-4
2026-10-10T09:43:17+00:00,6,618,0,0.0,0.0,0.0,5.9,phase-4
2026-10-10T09:43:17+00:00,6,619,0,1.96,0.457,57.39,5.0,phase-4
2026-10-10T09:43:17+00:00,6,620,0,1.83,2.707,47.09,4.5,phase-4
2026-10-10T09:43:17+00:00,6,621,0,0.3,0.753,5.44,4.4,phase-4
2026-10-10T09:43:17+00:00,6,622,0,0.25,0.583,5.44,4.0,phase-4
2026-10-10T09:43:17+00:00,6,623,0,0.32,0.754,10.87,4.0,phase-4
2026-10-10T09:43:17+00:00,6,625,0,0.18,0.543,5.53,4.0,phase-4
2026-10-10T09:43:17+00:00,6,626,0,0.13,0.252,5.2,4.4,phase-4
2026-10-10T09:43:17+00:00,6,627,0,1.24,1.835,40.3,8.0,phase-4
2026-10-10T09:43:17+00:00,6,628,0,0.14,0.264,5.44,6.0,phase-4
2026-10-10T09:43:17+00:00,6,629,0,0.18,0.543,5.53,4.0,phase-4
2026-10-10T09:43:17+00:00,6,630,0,1.32,2.268,49.88,4.5,phase-4
2026-10-10T09:43:17+00:00,6,631,0,0.32,0.742,7.62,6.0,phase-4
2026-10-10T09:43:17+00:00,6,632,0,0.0,0.0,0.0,5.0,phase-4
2026-10-10T09:43:17+00:00,6,633,0,0.72,1.828,23.95,4.5,phase-4
2026-10-10T09:43:17+00:00,6,634,0,1.03,1.193,41.51,6.0,phase-4
2026-10-10T09:43:17+00:00,6,635,0,0.41,1.089,7.65,5.0,phase-4
2026-10-10T09:43:17+00:00,6,636,0,0.13,0.252,5.2,5.0,phase-4
2026-10-10T09:43:17+00:00,6,637,0,0.21,0.346,5.64,5.0,phase-4
2026-10-10T09:43:17+00:00,6,638,0,0.14,1.164,7.62,4.0,phase-4
2026-10-10T09:43:17+00:00,6,639,0,1.49,3.743,25.64,5.5,phase-4
2026-10-10T09:43:17+00:00,6,640,0,1.88,4.879,33.41,5.5,phase-4
2026-10-10T09:43:17+00:00,6,641,0,0.18,0.545,5.53,4.5,phase-4
2026-10-10T09:43:17+00:00,6,642,0,1.01,1.581,26.67,5.5,phase-4
2026-10-10T09:43:17+00:00,6,643,0,0.61,2.245,7.87,4.5,phase-4
2026-10-10T09:43:17+00:00,6,644,0,2.06,1.325,63.11,5.0,phase-4
2026-10-10T09:43:17+00:00,6,645,0,0.16,0.284,5.64,5.0,phase-4
2026-10-10T09:43:17+00:00,6,646,0,0.82,1.981,14.34,5.5,phase-4
2026-10-10T09:43:17+00:00,6,647,0,0.35,0.494,6.27,5.5,phase-4
2026-10-10T09:43:17+00:00,6,648,0,0.19,0.288,4.14,5.0,phase-4
2026-10-10T09:43:17+00:00,6,649,0,1.77,2.814,43.53,4.5,phase-4
2026-10-10T09:43:17+00:00,6,650,0,1.3,2.487,37.23,4.5,phase-4
2026-10-10T09:43:17+00:00,6,651,0,0.14,0.272,6.01,4.5,phase-4
2026-10-10T09:43:17+00:00,6,652,0,0.0,0.0,0.0,5.5,phase-4
2026-10-10T09:43:17+00:00,6,653,0,0.14,0.264,5.44,4.5,phase-4
2026-10-10T09:43:17+00:00,6,654,0,0.16,0.292,6.04,4.5,phase-4
2026-10-10T09:43:17+00:00,6,655,0,0.16,0.307,6.6,5.5,phase-4
2026-10-10T09:43:17+00:00,6,656,0,0.84,1.782,25.2,4.0,phase-4
2026-10-10T09:43:17+00:00,6,657,0,0.14,0.26,5.3,4.5,phase-4
2026-10-10T09:43:17+00:00,6,658,0,0.15,0.283,5.92,4.5,phase-4
2026-10-10T09:43:17+00:00,6,659,0,0.15,0.294,6.26,4.5,phase-4
2026-10-10T09:43:17+00:00,6,660,0,0.17,0.522,5.3,4.0,phase-4
2026-10-10T09:43:17+00:00,6,661,0,0.17,0.522,5.3,4.0,phase-4
2026-10-10T09:43:17+00:00,6,662,0,0.27,0.386,5.32,4.5,phase-4
2026-10-10T09:43:17+00:00,6,663,0,0.15,0.472,6.26,4.0,phase-4
2026-10-10T09:43:17+00:00,6,664,0,0.14,0.282,6.26,4.5,phase-4
2026-10-10T09:43:17+00:00,6,665,0,0.15,0.294,6.26,4.5,phase-4
2026-10-10T09:43:17+00:00,6,666,0,0.15,0.294,6.26,4.5,phase-4
2026-10-10T09:43:17+00:00,6,667,0,0.15,0.469,5.81,4.0,phase-4
2026-10-10T19:14:49+00:00,7,1,0,3.78,4.051,81.07,6.1,phase-4
2026-10-10T19:14:49+00:00,7,2,0,0.27,0.751,6.13,4.9,phase-4
2026-10-10T19:14:49+00:00,7,3,0,0.2,0.618,5.04,4.9,phase-4
2026-10-10T19:14:49+00:00,7,4,0,3.98,6.457,75.14,8.0,phase-4
2026-10-10T19:14:49+00:00,7,5,0,2.37,4.21,48.54,6.5,phase-4
2026-10-10T19:14:49+00:00,7,6,0,0.0,0.0,0.0,5.9,phase-4
2026-10-10T19:14:49+00:00,7,7,0,1.26,1.741,40.13,5.4,phase-4
2026-10-10T19:14:49+00:00,7,8,0,3.55,7.143,67.64,5.9,phase-4
2026-10-10T19:14:49+00:00,7,9,0,1.39,3.06,30.72,5.2,phase-4
2026-10-10T19:14:49+00:00,7,10,0,2.16,4.548,44.47,5.4,phase-4
2026-10-10T19:14:49+00:00,7,11,0,1.29,2.96,29.18,5.3,phase-4
2026-10-10T19:14:49+00:00,7,12,0,4.65,10.445,70.9,9.6,phase-4
2026-10-10T19:14:49+00:00,7,13,0,3.52,3.072,79.37,7.4,phase-4
2026-10-10T19:14:49+00:00,7,14,0,1.72,2.905,36.0,6.2,phase-4
2026-10-10T19:14:49+00:00,7,15,0,3.2,5.924,59.92,6.8,phase-4
2026-10-10T19:14:49+00:00,7,16,0,1.32,2.95,28.33,6.2,phase-4
2026-10-10T19:14:49+00:00,7,17,0,1.15,2.652,22.55,5.7,phase-4
2026-10-10T19:14:49+00:00,7,18,0,0.0,0.0,0.0,6.3,phase-4
2026-10-10T19:14:49+00:00,7,19,0,2.2,2.491,50.73,5.3,phase-4
2026-10-10T19:14:49+00:00,7,20,0,0.35,0.793,6.13,5.3,phase-4
2026-10-10T19:14:49+00:00,7,21,0,0.12,0.207,3.68,4.8,phase-4
2026-10-10T19:14:49+00:00,7,22,0,0.0,0.0,0.0,5.4,phase-4
2026-10-10T19:14:49+00:00,7,24,0,0.0,0.0,0.0,5.5,phase-4
2026-10-10T19:14:49+00:00,7,25,0,1.95,3.987,38.65,7.1,phase-4
2026-10-10T19:14:49+00:00,7,26,0,2.02,3.752,50.65,7.6,phase-4
2026-10-10T19:14:49+00:00,7,27,0,0.0,0.0,0.0,5.9,phase-4
2026-10-10T19:14:49+00:00,7,28,0,3.1,2.295,72.05,5.0,phase-4
2026-10-10T19:14:49+00:00,7,29,0,0.64,1.219,17.97,4.5,phase-4
2026-10-10T19:14:49+00:00,7,30,0,0.0,0.0,0.0,4.5,phase-4
2026-10-10T19:14:49+00:00,7,31,0,3.13,4.358,69.26,4.6,phase-4
2026-10-10T19:14:49+00:00,7,32,0,1.74,2.923,71.2,4.4,phase-4
2026-10-10T19:14:49+00:00,7,33,0,1.52,1.58,49.9,4.5,phase-4
2026-10-10T19:14:49+00:00,7,34,0,1.09,2.327,43.55,4.4,phase-4
2026-10-10T19:14:49+00:00,7,35,0,0.39,0.767,17.78,4.9,phase-4
2026-10-10T19:14:49+00:00,7,36,0,0.0,0.0,0.0,4.4,phase-4
2026-10-10T19:14:49+00:00,7,37,0,1.82,2.22,60.71,4.5,phase-4
2026-10-10T19:14:49+00:00,7,38,0,0.16,0.481,6.3,4.0,phase-4
2026-10-10T19:14:49+00:00,7,39,0,0.0,0.0,0.0,4.0,phase-4
2026-10-10T19:14:49+00:00,7,40,0,5.31,13.722,80.89,7.8,phase-4
2026-10-10T19:14:49+00:00,7,41,0,2.67,4.272,67.57,5.9,phase-4
2026-10-10T19:14:49+00:00,7,42,0,0.89,1.529,22.99,5.4,phase-4
2026-10-10T19:14:49+00:00,7,43,0,2.9,2.941,65.03,5.8,phase-4
2026-10-10T19:14:49+00:00,7,44,0,0.0,0.0,0.0,5.4,phase-4
2026-10-10T19:14:49+00:00,7,45,0,2.69,3.946,75.5,5.4,phase-4
2026-10-10T19:14:49+00:00,7,46,0,1.58,2.699,40.17,5.0,phase-4
2026-10-10T19:14:49+00:00,7,47,0,2.15,1.027,65.92,5.0,phase-4
2026-10-10T19:14:49+00:00,7,48,0,0.0,0.0,0.0,4.9,phase-4
2026-10-10T19:14:49+00:00,7,50,0,0.14,0.261,5.18,4.5,phase-4
2026-10-10T19:14:49+00:00,7,51,0,0.59,0.935,22.19,4.5,phase-4
2026-10-10T19:14:49+00:00,7,52,0,0.38,0.953,8.58,5.0,phase-4
2026-10-10T19:14:49+00:00,7,53,0,2.02,3.413,37.66,5.9,phase-4
2026-10-10T19:14:49+00:00,7,54,0,1.68,0.677,62.98,5.5,phase-4
2026-10-10T19:14:49+00:00,7,55,0,0.0,0.0,0.0,7.8,phase-4
2026-10-10T19:14:49+00:00,7,56,0,0.45,1.059,10.5,5.5,phase-4
2026-10-10T19:14:49+00:00,7,57,0,2.78,1.123,90.0,4.5,phase-4
2026-10-10T19:14:49+00:00,7,58,0,0.1,0.394,6.9,4.0,phase-4
2026-10-10T19:14:49+00:00,7,60,0,2.69,2.002,90.0,5.5,phase-4
2026-10-10T19:14:49+00:00,7,61,0,2.21,2.637,90.0,5.4,phase-4
2026-10-10T19:14:49+00:00,7,62,0,0.44,1.305,29.21,4.9,phase-4
2026-10-10T19:14:49+00:00,7,63,0,0.0,0.0,0.0,4.9,phase-4
2026-10-10T19:14:49+00:00,7,64,0,1.0,1.337,80.51,4.5,phase-4
2026-10-10T19:14:49+00:00,7,65,0,0.0,0.0,0.0,4.4,phase-4
2026-10-10T19:14:49+00:00,7,66,0,0.18,0.474,6.9,4.0,phase-4
2026-10-10T19:14:49+00:00,7,67,0,3.3,6.534,83.24,6.3,phase-4
2026-10-10T19:14:49+00:00,7,68,0,3.95,7.652,90.0,6.1,phase-4
2026-10-10T19:14:49+00:00,7,69,0,0.0,0.0,0.0,6.1,phase-4
2026-10-10T19:14:49+00:00,7,70,0,0.0,0.0,0.0,5.9,phase-4
2026-10-10T19:14:49+00:00,7,71,0,1.08,0.921,40.92,5.0,phase-4
2026-10-10T19:14:49+00:00,7,72,0,0.49,1.127,8.75,4.9,phase-4
2026-10-10T19:14:49+00:00,7,73,0,2.58,1.152,79.51,5.0,phase-4
2026-10-10T19:14:49+00:00,7,74,0,0.81,1.585,35.27,5.0,phase-4
2026-10-10T19:14:49+00:00,7,75,0,1.55,3.48,40.51,5.0,phase-4
2026-10-10T19:14:49+00:00,7,76,0,0.29,0.529,9.88,4.9,phase-4
2026-10-10T19:14:49+00:00,7,77,0,0.0,0.0,0.0,4.9,phase-4
2026-10-10T19:14:49+00:00,7,78,0,0.0,0.0,0.0,7.4,phase-4
2026-10-10T19:14:49+00:00,7,79,0,3.26,4.73,90.0,6.0,phase-4
2026-10-10T19:14:49+00:00,7,80,0,0.0,0.0,0.0,5.5,phase-4
2026-10-10T19:14:49+00:00,7,81,0,0.31,0.606,7.68,6.0,phase-4
2026-10-10T19:14:49+00:00,7,82,0,3.35,3.383,75.77,5.0,phase-4
2026-10-10T19:14:49+00:00,7,83,0,0.19,0.548,5.73,4.5,phase-4
2026-10-10T19:14:49+00:00,7,84,0,0.0,0.0,0.0,5.4,phase-4
2026-10-10T19:14:49+00:00,7,85,0,1.45,2.683,39.53,4.9,phase-4
2026-10-10T19:14:49+00:00,7,86,0,2.84,4.505,63.89,5.5,phase-4
2026-10-10T19:14:49+00:00,7,87,0,2.45,3.721,62.31,4.5,phase-4
2026-10-10T19:14:49+00:00,7,88,0,2.81,5.691,71.44,4.6,phase-4
2026-10-10T19:14:49+00:00,7,89,0,0.63,1.734,19.09,4.4,phase-4
2026-10-10T19:14:49+00:00,7,90,0,0.99,1.957,25.15,4.5,phase-4
2026-10-10T19:14:49+00:00,7,91,0,0.98,2.314,37.37,4.5,phase-4
2026-10-10T19:14:49+00:00,7,92,0,0.15,0.453,4.71,4.4,phase-4
2026-10-10T19:14:49+00:00,7,93,0,1.61,3.018,38.66,4.5,phase-4
2026-10-10T19:14:49+00:00,7,94,0,2.63,6.284,53.85,6.2,phase-4
2026-10-10T19:14:49+00:00,7,95,0,2.38,3.922,48.33,6.3,phase-4
2026-10-10T19:14:49+00:00,7,96,0,1.76,2.911,38.59,5.4,phase-4
2026-10-10T19:14:49+00:00,7,97,0,1.72,3.143,39.03,5.4,phase-4
2026-10-10T19:14:49+00:00,7,98,0,2.17,2.335,58.36,5.0,phase-4
2026-10-10T19:14:49+00:00,7,99,0,0.0,0.0,0.0,5.0,phase-4
2026-10-10T19:14:49+00:00,7,100,0,2.39,10.874,5.73,5.0,phase-4
2026-10-10T19:14:49+00:00,7,101,0,1.69,2.41,44.26,4.9,phase-4
2026-10-10T19:14:49+00:00,7,102,0,2.06,1.781,57.24,4.8,phase-4
2026-10-10T19:14:49+00:00,7,103,0,0.0,0.0,0.0,4.9,phase-4
2026-10-10T19:14:49+00:00,7,104,0,1.67,3.186,37.72,4.9,phase-4
2026-10-10T19:14:49+00:00,7,105,0,3.21,6.845,63.16,5.9,phase-4
2026-10-10T19:14:49+00:00,7,106,0,3.81,9.163,75.77,7.8,phase-4
2026-10-10T19:14:49+00:00,7,107,0,0.0,0.0,0.0,4.5,phase-4
2026-10-10T19:14:49+00:00,7,108,0,1.0,2.737,19.08,5.4,phase-4
2026-10-10T19:14:49+00:00,7,109,0,3.77,3.765,90.0,4.5,phase-4
2026-10-10T19:14:49+00:00,7,110,0,2.48,2.382,90.0,4.5,phase-4
2026-10-10T19:14:49+00:00,7,111,0,0.18,0.558,5.74,4.0,phase-4
2026-10-10T19:14:49+00:00,7,112,0,2.82,4.067,86.81,4.9,phase-4
2026-10-10T19:14:49+00:00,7,113,0,2.88,4.516,84.2,4.4,phase-4
2026-10-10T19:14:49+00:00,7,114,0,2.38,3.588,62.06,4.5,phase-4
2026-10-10T19:14:49+00:00,7,115,0,4.26,12.012,71.29,5.0,phase-4
2026-10-10T19:14:49+00:00,7,116,0,2.6,3.598,76.02,4.5,phase-4
2026-10-10T19:14:49+00:00,7,117,0,0.19,0.795,8.21,4.5,phase-4
2026-10-10T19:14:49+00:00,7,118,0,0.0,0.0,0.0,4.5,phase-4
2026-10-10T19:14:49+00:00,7,119,0,1.09,1.806,20.53,4.5,phase-4
2026-10-10T19:14:49+00:00,7,120,0,0.3,0.673,5.74,5.0,phase-4
2026-10-10T19:14:49+00:00,7,121,0,0.0,0.0,0.0,5.9,phase-4
2026-10-10T19:14:49+00:00,7,122,0,0.0,0.0,0.0,5.8,phase-4
2026-10-10T19:14:49+00:00,7,123,0,2.19,8.631,18.61,5.9,phase-4
2026-10-10T19:14:49+00:00,7,124,0,4.07,7.969,74.04,5.9,phase-4
2026-10-10T19:14:49+00:00,7,125,0,2.1,4.174,41.12,5.3,phase-4
2026-10-10T19:14:49+00:00,7,126,0,1.1,4.534,8.21,5.4,phase-4
2026-10-10T19:14:49+00:00,7,127,0,3.85,6.667,81.76,5.0,phase-4
2026-10-10T19:14:49+00:00,7,128,0,0.0,0.0,0.0,5.0,phase-4
2026-10-10T19:14:49+00:00,7,129,0,3.02,4.818,70.69,5.4,phase-4
2026-10-10T19:14:49+00:00,7,130,0,0.0,0.0,0.0,4.9,phase-4
2026-10-10T19:14:49+00:00,7,131,0,1.01,1.862,29.11,4.9,phase-4
2026-10-10T19:14:49+00:00,7,132,0,0.0,0.0,0.0,4.5,phase-4
2026-10-10T19:14:49+00:00,7,133,0,0.0,0.0,0.0,5.0,phase-4
2026-10-10T19:14:49+00:00,7,134,0,0.27,0.394,5.74,4.4,phase-4
2026-10-10T19:14:49+00:00,7,135,0,0.0,0.0,0.0,4.8,phase-4
2026-10-10T19:14:49+00:00,7,136,0,2.11,4.858,42.07,5.9,phase-4
2026-10-10T19:14:49+00:00,7,137,0,0.0,0.0,0.0,5.4,phase-4
2026-10-10T19:14:49+00:00,7,138,0,2.19,4.572,45.46,5.6,phase-4
2026-10-10T19:14:49+00:00,7,139,0,0.0,0.0,0.0,5.0,phase-4
2026-10-10T19:14:49+00:00,7,140,0,0.0,0.0,0.0,4.9,phase-4
2026-10-10T19:14:49+00:00,7,141,0,0.0,0.0,0.0,5.0,phase-4
2026-10-10T19:14:49+00:00,7,142,0,1.81,4.716,39.49,5.3,phase-4
2026-10-10T19:14:49+00:00,7,143,0,0.0,0.0,0.0,5.5,phase-4
2026-10-10T19:14:49+00:00,7,144,0,2.05,3.565,57.37,4.9,phase-4
2026-10-10T19:14:49+00:00,7,145,0,1.66,2.759,52.34,5.0,phase-4
2026-10-10T19:14:49+00:00,7,146,0,0.0,0.0,0.0,4.5,phase-4
2026-10-10T19:14:49+00:00,7,147,0,0.5,1.01,14.84,4.4,phase-4
2026-10-10T19:14:49+00:00,7,148,0,1.06,2.58,41.7,4.5,phase-4
2026-10-10T19:14:49+00:00,7,149,0,1.06,2.209,39.47,4.8,phase-4
2026-10-10T19:14:49+00:00,7,150,0,0.0,0.0,0.0,4.5,phase-4
2026-10-10T19:14:49+00:00,7,151,0,1.18,2.527,36.04,4.5,phase-4
2026-10-10T19:14:49+00:00,7,152,0,0.14,0.415,5.02,5.3,phase-4
2026-10-10T19:14:49+00:00,7,153,0,0.0,0.0,0.0,4.5,phase-4
2026-10-10T19:14:49+00:00,7,154,0,4.64,12.093,69.9,9.7,phase-4
2026-10-10T19:14:49+00:00,7,155,0,2.77,4.28,70.77,6.9,phase-4
2026-10-10T19:14:49+00:00,7,156,0,3.72,7.486,70.35,6.5,phase-4
2026-10-10T19:14:49+00:00,7,157,0,1.06,3.048,18.02,6.3,phase-4
2026-10-10T19:14:49+00:00,7,158,0,0.0,0.0,0.0,5.8,phase-4
2026-10-10T19:14:49+00:00,7,159,0,1.57,1.807,49.76,5.3,phase-4
2026-10-10T19:14:49+00:00,7,160,0,0.71,1.24,22.53,5.8,phase-4
2026-10-10T19:14:49+00:00,7,161,0,1.23,2.923,33.04,5.0,phase-4
2026-10-10T19:14:49+00:00,7,162,0,0.88,1.545,25.22,4.8,phase-4
2026-10-10T19:14:49+00:00,7,163,0,0.0,0.0,0.0,4.5,phase-4
2026-10-10T19:14:49+00:00,7,164,0,0.18,0.448,5.39,5.3,phase-4
2026-10-10T19:14:49+00:00,7,165,0,5.83,13.812,71.2,7.7,phase-4
2026-10-10T19:14:49+00:00,7,166,0,2.14,2.095,78.06,6.5,phase-4
2026-10-10T19:14:49+00:00,7,167,0,1.54,2.08,51.08,5.6,phase-4
2026-10-10T19:14:49+00:00,7,168,0,0.0,0.0,0.0,5.0,phase-4
2026-10-10T19:14:49+00:00,7,169,0,0.23,0.347,5.02,4.5,phase-4
2026-10-10T19:14:49+00:00,7,170,0,0.0,0.0,0.0,4.9,phase-4
2026-10-10T19:14:49+00:00,7,172,0,0.16,0.494,6.6,4.4,phase-4
2026-10-10T19:14:49+00:00,7,173,0,2.71,4.445,90.0,4.0,phase-4
2026-10-10T19:14:49+00:00,7,175,0,1.39,2.652,65.11,4.0,phase-4
2026-10-10T19:14:49+00:00,7,176,0,2.61,4.514,90.0,4.0,phase-4
2026-10-10T19:14:49+00:00,7,177,0,0.08,0.254,3.31,3.9,phase-4
2026-10-10T19:14:49+00:00,7,178,0,0.16,0.494,6.6,4.0,phase-4
2026-10-10T19:14:49+00:00,7,179,0,0.49,0.718,6.6,4.0,phase-4
2026-10-10T19:14:49+00:00,7,180,0,0.0,0.0,0.0,3.9,phase-4
2026-10-10T19:14:49+00:00,7,182,0,0.0,0.0,0.0,4.0,phase-4
2026-10-10T19:14:49+00:00,7,183,0,3.24,4.628,80.97,4.9,phase-4
2026-10-10T19:14:49+00:00,7,184,0,1.54,0.939,50.48,4.9,phase-4
2026-10-10T19:14:49+00:00,7,185,0,0.33,0.713,8.14,4.8,phase-4
2026-10-10T19:14:49+00:00,7,186,0,2.55,2.541,80.97,5.3,phase-4
2026-10-10T19:14:49+00:00,7,187,0,0.0,0.0,0.0,4.8,phase-4
2026-10-10T19:14:49+00:00,7,188,0,0.7,1.232,13.91,5.3,phase-4
2026-10-10T19:14:49+00:00,7,189,0,0.16,0.309,6.6,4.4,phase-4
2026-10-10T19:14:49+00:00,7,190,0,1.82,2.137,48.47,5.3,phase-4
2026-10-10T19:14:49+00:00,7,193,0,0.0,0.0,0.0,5.3,phase-4
2026-10-10T19:14:49+00:00,7,194,0,1.84,0.882,57.8,5.0,phase-4
2026-10-10T19:14:49+00:00,7,195,0,0.89,1.622,27.3,4.9,phase-4
2026-10-10T19:14:49+00:00,7,198,0,0.0,0.0,0.0,4.9,phase-4
2026-10-10T19:14:49+00:00,7,199,0,0.94,1.823,22.41,4.5,phase-4
2026-10-10T19:14:49+00:00,7,200,0,3.02,3.56,74.57,5.9,phase-4
2026-10-10T19:14:49+00:00,7,201,0,3.1,6.839,74.56,5.4,phase-4
2026-10-10T19:14:49+00:00,7,202,0,3.7,3.578,88.9,4.9,phase-4
2026-10-10T19:14:49+00:00,7,203,0,2.42,2.398,62.98,4.8,phase-4
2026-10-10T19:14:49+00:00,7,204,0,3.4,6.135,90.0,4.5,phase-4
2026-10-10T19:14:49+00:00,7,205,0,0.0,0.0,0.0,4.5,phase-4
2026-10-10T19:14:49+00:00,7,206,0,0.0,0.0,0.0,4.3,phase-4
2026-10-10T19:14:49+00:00,7,207,0,0.26,0.639,6.27,4.3,phase-4
2026-10-10T19:14:49+00:00,7,208,0,1.7,3.11,42.3,6.2,phase-4
2026-10-10T19:14:49+00:00,7,209,0,1.71,2.305,55.36,5.9,phase-4
2026-10-10T19:14:49+00:00,7,210,0,3.07,1.917,86.79,5.4,phase-4
2026-10-10T19:14:49+00:00,7,211,0,2.44,2.855,71.63,5.5,phase-4
2026-10-10T19:14:49+00:00,7,212,0,0.87,1.317,32.8,4.4,phase-4
2026-10-10T19:14:49+00:00,7,213,0,1.62,3.048,38.19,4.8,phase-4
2026-10-10T19:14:49+00:00,7,214,0,2.69,1.774,79.41,5.0,phase-4
2026-10-10T19:14:49+00:00,7,215,0,0.0,0.0,0.0,5.0,phase-4
2026-10-10T19:14:49+00:00,7,216,0,0.0,0.0,0.0,5.0,phase-4
2026-10-10T19:14:49+00:00,7,218,0,0.16,0.301,6.27,4.8,phase-4
2026-10-10T19:14:49+00:00,7,220,0,0.0,0.0,0.0,4.5,phase-4
2026-10-10T19:14:49+00:00,7,221,0,0.35,0.495,6.27,4.4,phase-4
2026-10-10T19:14:49+00:00,7,222,0,2.13,1.613,72.09,6.0,phase-4
2026-10-10T19:14:49+00:00,7,223,0,0.0,0.0,0.0,6.3,phase-4
2026-10-10T19:14:49+00:00,7,224,0,1.37,3.204,31.15,5.5,phase-4
2026-10-10T19:14:49+00:00,7,225,0,0.0,0.0,0.0,5.0,phase-4
2026-10-10T19:14:49+00:00,7,226,0,3.77,3.698,90.0,5.5,phase-4
2026-10-10T19:14:49+00:00,7,227,0,0.2,0.608,6.04,5.0,phase-4
2026-10-10T19:14:49+00:00,7,228,0,0.2,0.608,6.04,4.5,phase-4
2026-10-10T19:14:49+00:00,7,229,0,4.35,4.408,90.0,6.2,phase-4
2026-10-10T19:14:49+00:00,7,230,0,2.5,2.925,57.7,5.5,phase-4
2026-10-10T19:14:49+00:00,7,231,0,1.73,3.221,47.56,4.8,phase-4
2026-10-10T19:14:49+00:00,7,232,0,2.15,2.57,58.91,4.8,phase-4
2026-10-10T19:14:49+00:00,7,233,0,2.21,3.774,65.74,4.6,phase-4
2026-10-10T19:14:49+00:00,7,234,0,0.0,0.0,0.0,4.5,phase-4
2026-10-10T19:14:49+00:00,7,236,0,3.13,3.477,84.59,6.6,phase-4
2026-10-10T19:14:49+00:00,7,237,0,2.89,2.949,73.03,5.8,phase-4
2026-10-10T19:14:49+00:00,7,238,0,1.61,1.547,43.48,6.5,phase-4
2026-10-10T19:14:49+00:00,7,239,0,3.37,1.332,87.16,6.0,phase-4
2026-10-10T19:14:49+00:00,7,240,0,0.98,1.651,31.89,5.0,phase-4
2026-10-10T19:14:49+00:00,7,241,0,1.0,1.521,32.59,5.3,phase-4
2026-10-10T19:14:49+00:00,7,242,0,1.21,1.531,37.51,5.5,phase-4
2026-10-10T19:14:49+00:00,7,243,0,0.4,1.458,13.85,4.9,phase-4
2026-10-10T19:14:49+00:00,7,244,0,1.52,0.866,54.47,5.0,phase-4
2026-10-10T19:14:49+00:00,7,245,0,0.41,1.085,11.25,5.3,phase-4
2026-10-10T19:14:49+00:00,7,246,0,0.52,0.976,18.72,4.9,phase-4
2026-10-10T19:14:49+00:00,7,247,0,1.4,0.973,32.91,5.4,phase-4
2026-10-10T19:14:49+00:00,7,248,0,0.0,0.0,0.0,5.4,phase-4
2026-10-10T19:14:49+00:00,7,249,0,2.62,3.285,75.45,5.7,phase-4
2026-10-10T19:14:49+00:00,7,250,0,3.02,2.635,77.89,4.5,phase-4
2026-10-10T19:14:49+00:00,7,251,0,0.12,0.388,4.79,4.0,phase-4
2026-10-10T19:14:49+00:00,7,253,0,1.74,1.976,56.25,5.0,phase-4
2026-10-10T19:14:49+00:00,7,254,0,1.36,2.761,41.88,4.5,phase-4
2026-10-10T19:14:49+00:00,7,255,0,0.52,1.575,21.78,4.5,phase-4
2026-10-10T19:14:49+00:00,7,256,0,1.07,2.432,35.41,4.4,phase-4
2026-10-10T19:14:49+00:00,7,257,0,1.99,2.784,69.84,4.5,phase-4
2026-10-10T19:14:49+00:00,7,258,0,1.97,3.722,59.0,4.5,phase-4
2026-10-10T19:14:49+00:00,7,259,0,1.83,2.673,51.76,4.0,phase-4
2026-10-10T19:14:49+00:00,7,260,0,1.94,1.892,54.06,6.2,phase-4
2026-10-10T19:14:49+00:00,7,261,0,2.72,3.026,70.64,5.4,phase-4
2026-10-10T19:14:49+00:00,7,262,0,1.06,1.994,31.07,5.3,phase-4
2026-10-10T19:14:49+00:00,7,263,0,1.01,2.028,20.98,5.3,phase-4
2026-10-10T19:14:49+00:00,7,264,0,1.81,3.054,49.99,5.5,phase-4
2026-10-10T19:14:49+00:00,7,265,0,2.19,1.362,70.27,4.9,phase-4
2026-10-10T19:14:49+00:00,7,266,0,0.0,0.0,0.0,4.9,phase-4
2026-10-10T19:14:49+00:00,7,267,0,1.85,1.393,61.07,4.9,phase-4
2026-10-10T19:14:49+00:00,7,268,0,2.23,3.281,58.63,5.6,phase-4
2026-10-10T19:14:49+00:00,7,269,0,1.76,4.137,37.61,4.3,phase-4
2026-10-10T19:14:49+00:00,7,270,0,0.34,0.649,5.83,4.4,phase-4
2026-10-10T19:14:49+00:00,7,271,0,0.7,1.934,18.52,5.4,phase-4
2026-10-10T19:14:49+00:00,7,272,0,0.09,0.298,4.79,4.5,phase-4
2026-10-10T19:14:49+00:00,7,273,0,0.24,0.715,5.64,4.0,phase-4
2026-10-10T19:14:49+00:00,7,274,0,0.0,0.0,0.0,4.4,phase-4
2026-10-10T19:14:49+00:00,7,277,0,2.07,3.849,49.25,4.1,phase-4
2026-10-10T19:14:49+00:00,7,278,0,0.0,0.0,0.0,3.9,phase-4
2026-10-10T19:14:49+00:00,7,279,0,2.31,3.804,50.49,4.2,phase-4
2026-10-10T19:14:49+00:00,7,280,0,3.47,4.441,84.99,4.0,phase-4
2026-10-10T19:14:49+00:00,7,281,0,0.0,0.0,0.0,4.0,phase-4
2026-10-10T19:14:49+00:00,7,282,0,2.27,3.697,50.18,4.0,phase-4
2026-10-10T19:14:49+00:00,7,284,0,0.24,0.715,5.64,4.0,phase-4
2026-10-10T19:14:49+00:00,7,285,0,0.41,1.174,8.49,4.0,phase-4
2026-10-10T19:14:49+00:00,7,286,0,3.0,2.277,86.5,5.1,phase-4
2026-10-10T19:14:49+00:00,7,287,0,0.0,0.0,0.0,5.0,phase-4
2026-10-10T19:14:49+00:00,7,288,0,0.74,1.056,15.52,4.4,phase-4
2026-10-10T19:14:49+00:00,7,289,0,0.76,1.231,53.25,4.4,phase-4
2026-10-10T19:14:49+00:00,7,290,0,2.44,1.01,86.5,4.5,phase-4
2026-10-10T19:14:49+00:00,7,291,0,0.0,0.0,0.0,4.5,phase-4
2026-10-10T19:14:49+00:00,7,292,0,0.16,0.285,5.64,4.9,phase-4
2026-10-10T19:14:49+00:00,7,294,0,0.16,0.285,5.64,4.5,phase-4
2026-10-10T19:14:49+00:00,7,295,0,1.93,2.697,63.29,5.5,phase-4
2026-10-10T19:14:49+00:00,7,297,0,0.0,0.0,0.0,4.4,phase-4
2026-10-10T19:14:49+00:00,7,299,0,0.0,0.0,0.0,4.5,phase-4
2026-10-10T19:14:49+00:00,7,300,0,0.8,1.744,22.66,4.4,phase-4
2026-10-10T19:14:49+00:00,7,301,0,0.61,1.396,17.53,4.0,phase-4
2026-10-10T19:14:49+00:00,7,302,0,0.18,0.421,4.61,4.0,phase-4
2026-10-10T19:14:49+00:00,7,303,0,0.13,0.406,4.61,3.9,phase-4
2026-10-10T19:14:49+00:00,7,304,0,2.83,3.754,72.71,4.0,phase-4
2026-10-10T19:14:49+00:00,7,305,0,2.66,6.675,70.38,4.0,phase-4
2026-10-10T19:14:49+00:00,7,306,0,1.78,2.409,56.47,3.9,phase-4
2026-10-10T19:14:49+00:00,7,307,0,0.0,0.0,0.0,4.0,phase-4
2026-10-10T19:14:49+00:00,7,308,0,1.01,0.623,20.11,3.9,phase-4
2026-10-10T19:14:49+00:00,7,309,0,0.94,1.264,30.59,4.9,phase-4
2026-10-10T19:14:49+00:00,7,310,0,0.12,0.225,4.61,4.9,phase-4
2026-10-10T19:14:49+00:00,7,311,0,0.0,0.0,0.0,5.0,phase-4
2026-10-10T19:14:49+00:00,7,312,0,0.38,0.911,11.75,4.4,phase-4
2026-10-10T19:14:49+00:00,7,313,0,1.31,2.393,31.42,5.3,phase-4
2026-10-10T19:14:49+00:00,7,314,0,0.0,0.0,0.0,4.9,phase-4
2026-10-10T19:14:49+00:00,7,315,0,0.97,2.17,37.75,5.4,phase-4
2026-10-10T19:14:49+00:00,7,316,0,3.16,3.988,75.19,5.6,phase-4
2026-10-10T19:14:49+00:00,7,317,0,0.0,0.0,0.0,5.0,phase-4
2026-10-10T19:14:49+00:00,7,318,0,0.66,1.569,19.92,5.4,phase-4
2026-10-10T19:14:49+00:00,7,319,0,0.0,0.0,0.0,5.0,phase-4
2026-10-10T19:14:49+00:00,7,320,0,1.62,2.738,17.79,5.0,phase-4
2026-10-10T19:14:49+00:00,7,321,0,0.24,0.473,4.61,4.5,phase-4
2026-10-10T19:14:49+00:00,7,322,0,0.0,0.0,0.0,5.0,phase-4
2026-10-10T19:14:49+00:00,7,323,0,0.49,1.125,15.09,4.4,phase-4
2026-10-10T19:14:49+00:00,7,324,0,0.12,0.225,4.61,4.8,phase-4
2026-10-10T19:14:49+00:00,7,325,0,1.27,2.705,29.44,4.5,phase-4
2026-10-10T19:14:49+00:00,7,326,0,0.0,0.0,0.0,4.5,phase-4
2026-10-10T19:14:49+00:00,7,327,0,1.46,2.695,43.3,5.0,phase-4
2026-10-10T19:14:49+00:00,7,328,0,0.0,0.0,0.0,4.9,phase-4
2026-10-10T19:14:49+00:00,7,329,0,0.0,0.0,0.0,4.3,phase-4
2026-10-10T19:14:49+00:00,7,330,0,2.46,4.858,77.38,4.6,phase-4
2026-10-10T19:14:49+00:00,7,331,0,1.98,2.317,67.19,4.5,phase-4
2026-10-10T19:14:49+00:00,7,332,0,2.34,3.025,68.0,4.5,phase-4
2026-10-10T19:14:49+00:00,7,333,0,0.0,0.0,0.0,4.5,phase-4
2026-10-10T19:14:49+00:00,7,334,0,2.36,3.27,82.67,5.0,phase-4
2026-10-10T19:14:49+00:00,7,335,0,2.88,2.327,73.97,6.0,phase-4
2026-10-10T19:14:49+00:00,7,336,0,1.98,3.196,55.71,5.8,phase-4
2026-10-10T19:14:49+00:00,7,337,0,1.85,1.212,55.75,5.3,phase-4
2026-10-10T19:14:49+00:00,7,338,0,2.79,0.712,79.94,5.4,phase-4
2026-10-10T19:14:49+00:00,7,339,0,0.53,0.946,16.32,4.8,phase-4
2026-10-10T19:14:49+00:00,7,340,0,0.43,1.093,5.64,5.0,phase-4
2026-10-10T19:14:49+00:00,7,341,0,0.0,0.0,0.0,5.0,phase-4
2026-10-10T19:14:49+00:00,7,342,0,0.0,0.0,0.0,5.0,phase-4
2026-10-10T19:14:49+00:00,7,343,0,0.0,0.0,0.0,4.9,phase-4
2026-10-10T19:14:49+00:00,7,344,0,0.57,0.967,21.46,5.0,phase-4
2026-10-10T19:14:49+00:00,7,345,0,1.41,1.886,47.59,4.9,phase-4
2026-10-10T19:14:49+00:00,7,346,0,2.44,3.314,75.67,6.0,phase-4
2026-10-10T19:14:49+00:00,7,347,0,1.1,1.933,22.75,5.4,phase-4
2026-10-10T19:14:49+00:00,7,348,0,0.0,0.0,0.0,5.0,phase-4
2026-10-10T19:14:49+00:00,7,349,0,0.0,0.0,0.0,4.5,phase-4
2026-10-10T19:14:49+00:00,7,350,0,3.02,2.88,80.41,5.5,phase-4
2026-10-10T19:14:49+00:00,7,351,0,0.72,1.575,19.03,4.8,phase-4
2026-10-10T19:14:49+00:00,7,352,0,0.33,0.78,8.63,4.0,phase-4
2026-10-10T19:14:49+00:00,7,354,0,0.0,0.0,0.0,4.0,phase-4
2026-10-10T19:14:49+00:00,7,355,0,0.18,0.549,6.03,4.0,phase-4
2026-10-10T19:14:49+00:00,7,356,0,3.96,5.761,90.0,6.5,phase-4
2026-10-10T19:14:49+00:00,7,357,0,1.29,3.245,36.81,5.3,phase-4
2026-10-10T19:14:49+00:00,7,358,0,2.29,3.449,75.88,5.3,phase-4
2026-10-10T19:14:49+00:00,7,359,0,0.4,1.384,15.14,4.9,phase-4
2026-10-10T19:14:49+00:00,7,360,0,0.0,0.0,0.0,5.0,phase-4
2026-10-10T19:14:49+00:00,7,361,0,0.18,0.549,6.03,4.0,phase-4
2026-10-10T19:14:49+00:00,7,362,0,2.75,3.511,90.0,5.0,phase-4
2026-10-10T19:14:49+00:00,7,363,0,0.0,0.0,0.0,4.0,phase-4
2026-10-10T19:14:49+00:00,7,364,0,0.74,2.039,23.03,4.9,phase-4
2026-10-10T19:14:49+00:00,7,366,0,2.99,3.995,81.43,7.3,phase-4
2026-10-10T19:14:49+00:00,7,367,0,0.0,0.0,0.0,7.2,phase-4
2026-10-10T19:14:49+00:00,7,368,0,3.71,5.439,90.0,6.9,phase-4
2026-10-10T19:14:49+00:00,7,369,0,0.73,1.575,19.98,5.7,phase-4
2026-10-10T19:14:49+00:00,7,370,0,0.06,0.175,1.83,5.3,phase-4
2026-10-10T19:14:49+00:00,7,371,0,2.61,2.033,71.89,5.8,phase-4
2026-10-10T19:14:49+00:00,7,372,0,2.37,1.509,74.39,5.4,phase-4
2026-10-10T19:14:49+00:00,7,373,0,0.0,0.0,0.0,5.5,phase-4
2026-10-10T19:14:49+00:00,7,374,0,0.19,0.428,7.34,4.9,phase-4
2026-10-10T19:14:49+00:00,7,375,0,0.18,0.313,6.03,4.8,phase-4
2026-10-10T19:14:49+00:00,7,377,0,1.94,1.791,61.64,6.5,phase-4
2026-10-10T19:14:49+00:00,7,378,0,0.15,0.29,6.03,4.4,phase-4
2026-10-10T19:14:49+00:00,7,379,0,0.0,0.0,0.0,9.1,phase-4
2026-10-10T19:14:49+00:00,7,380,0,0.0,0.0,0.0,7.4,phase-4
2026-10-10T19:14:49+00:00,7,381,0,0.38,1.053,6.03,5.0,phase-4
2026-10-10T19:14:49+00:00,7,382,0,0.14,0.273,6.03,4.5,phase-4
2026-10-10T19:14:49+00:00,7,383,0,0.0,0.0,0.0,5.4,phase-4
2026-10-10T19:14:49+00:00,7,384,0,3.11,3.073,79.87,5.5,phase-4
2026-10-10T19:14:49+00:00,7,385,0,2.45,2.133,51.12,5.0,phase-4
2026-10-10T19:14:49+00:00,7,386,0,0.17,0.517,5.44,4.5,phase-4
2026-10-10T19:14:49+00:00,7,387,0,2.37,7.215,43.89,6.3,phase-4
2026-10-10T19:14:49+00:00,7,388,0,3.55,6.78,80.78,6.0,phase-4
2026-10-10T19:14:49+00:00,7,389,0,2.44,3.226,63.02,5.9,phase-4
2026-10-10T19:14:49+00:00,7,390,0,2.69,4.239,70.71,5.5,phase-4
2026-10-10T19:14:49+00:00,7,391,0,2.61,4.231,61.98,5.7,phase-4
2026-10-10T19:14:49+00:00,7,392,0,0.66,1.78,19.52,5.2,phase-4
2026-10-10T19:14:49+00:00,7,393,0,1.63,2.541,47.9,5.4,phase-4
2026-10-10T19:14:49+00:00,7,394,0,0.0,0.0,0.0,5.0,phase-4
2026-10-10T19:14:49+00:00,7,395,0,0.61,2.167,16.54,4.4,phase-4
2026-10-10T19:14:49+00:00,7,396,0,0.26,0.603,5.44,4.5,phase-4
2026-10-10T19:14:49+00:00,7,397,0,2.83,6.047,61.96,8.4,phase-4
2026-10-10T19:14:49+00:00,7,398,0,0.0,0.0,0.0,6.9,phase-4
2026-10-10T19:14:49+00:00,7,399,0,3.32,5.968,56.68,7.8,phase-4
2026-10-10T19:14:49+00:00,7,400,0,2.94,8.932,30.72,7.4,phase-4
2026-10-10T19:14:49+00:00,7,401,0,1.47,2.017,44.38,7.0,phase-4
2026-10-10T19:14:49+00:00,7,402,0,0.0,0.0,0.0,6.5,phase-4
2026-10-10T19:14:49+00:00,7,403,0,1.6,2.099,43.47,6.5,phase-4
2026-10-10T19:14:49+00:00,7,404,0,0.0,0.0,0.0,6.0,phase-4
2026-10-10T19:14:49+00:00,7,405,0,1.36,1.659,51.32,5.5,phase-4
2026-10-10T19:14:49+00:00,7,406,0,0.23,0.422,6.62,5.3,phase-4
2026-10-10T19:14:49+00:00,7,409,0,0.0,0.0,0.0,4.5,phase-4
2026-10-10T19:14:49+00:00,7,410,0,0.0,0.0,0.0,4.9,phase-4
2026-10-10T19:14:49+00:00,7,411,0,5.22,11.646,79.87,15.6,phase-4
2026-10-10T19:14:49+00:00,7,412,0,3.36,3.629,74.58,4.9,phase-4
2026-10-10T19:14:49+00:00,7,413,0,0.0,0.0,0.0,4.5,phase-4
2026-10-10T19:14:49+00:00,7,414,0,0.0,0.0,0.0,4.0,phase-4
2026-10-10T19:14:49+00:00,7,415,0,0.0,0.0,0.0,5.8,phase-4
2026-10-10T19:14:49+00:00,7,416,0,0.0,0.0,0.0,4.9,phase-4
2026-10-10T19:14:49+00:00,7,417,0,2.78,5.047,63.13,4.9,phase-4
2026-10-10T19:14:49+00:00,7,418,0,2.72,4.647,63.9,4.8,phase-4
2026-10-10T19:14:49+00:00,7,419,0,2.23,3.317,54.47,4.9,phase-4
2026-10-10T19:14:49+00:00,7,420,0,1.32,2.866,32.23,4.8,phase-4
2026-10-10T19:14:49+00:00,7,421,0,0.95,2.85,22.23,4.3,phase-4
2026-10-10T19:14:49+00:00,7,422,0,0.77,2.529,16.81,4.4,phase-4
2026-10-10T19:14:49+00:00,7,423,0,2.99,4.487,75.02,4.3,phase-4
2026-10-10T19:14:49+00:00,7,424,0,0.18,0.548,4.89,4.0,phase-4
2026-10-10T19:14:49+00:00,7,425,0,0.0,0.0,0.0,4.0,phase-4
2026-10-10T19:14:49+00:00,7,426,0,5.87,13.76,77.05,11.9,phase-4
2026-10-10T19:14:49+00:00,7,427,0,4.64,12.145,73.77,7.9,phase-4
2026-10-10T19:14:49+00:00,7,428,0,3.84,7.557,72.12,7.9,phase-4
2026-10-10T19:14:49+00:00,7,429,0,2.51,2.743,64.28,6.9,phase-4
2026-10-10T19:14:49+00:00,7,430,0,1.04,3.491,17.53,5.4,phase-4
2026-10-10T19:14:49+00:00,7,431,0,1.46,2.488,39.5,5.7,phase-4
2026-10-10T19:14:49+00:00,7,432,0,2.45,1.752,56.94,5.5,phase-4
2026-10-10T19:14:49+00:00,7,433,0,0.0,0.0,0.0,5.0,phase-4
2026-10-10T19:14:49+00:00,7,434,0,0.14,0.249,4.89,4.9,phase-4
2026-10-10T19:14:49+00:00,7,435,0,0.16,0.275,4.89,4.9,phase-4
2026-10-10T19:14:49+00:00,7,437,0,0.15,0.26,4.89,4.4,phase-4
2026-10-10T19:14:49+00:00,7,438,0,0.19,0.305,4.89,4.4,phase-4
2026-10-10T19:14:49+00:00,7,439,0,0.0,0.0,0.0,7.0,phase-4
2026-10-10T19:14:49+00:00,7,440,0,0.58,1.494,13.18,5.3,phase-4
2026-10-10T19:14:49+00:00,7,442,0,1.73,2.293,46.0,4.9,phase-4
2026-10-10T19:14:49+00:00,7,443,0,0.16,0.489,6.26,4.5,phase-4
2026-10-10T19:14:49+00:00,7,444,0,0.0,0.0,0.0,4.4,phase-4
2026-10-10T19:14:49+00:00,7,445,0,3.31,4.312,90.0,5.0,phase-4
2026-10-10T19:14:49+00:00,7,446,0,0.73,1.719,23.34,4.9,phase-4
2026-10-10T19:14:49+00:00,7,447,0,3.05,2.773,78.17,5.0,phase-4
2026-10-10T19:14:49+00:00,7,448,0,0.0,0.0,0.0,4.8,phase-4
2026-10-10T19:14:49+00:00,7,449,0,3.18,4.418,81.33,5.3,phase-4
2026-10-10T19:14:49+00:00,7,450,0,0.43,1.265,14.35,4.9,phase-4
2026-10-10T19:14:49+00:00,7,451,0,0.0,0.0,0.0,4.0,phase-4
2026-10-10T19:14:49+00:00,7,452,0,2.81,4.148,49.44,6.7,phase-4
2026-10-10T19:14:49+00:00,7,453,0,3.25,5.427,76.07,6.1,phase-4
2026-10-10T19:14:49+00:00,7,454,0,0.0,0.0,0.0,6.1,phase-4
2026-10-10T19:14:49+00:00,7,455,0,2.62,1.028,82.24,5.3,phase-4
2026-10-10T19:14:49+00:00,7,456,0,0.0,0.0,0.0,4.8,phase-4
2026-10-10T19:14:49+00:00,7,457,0,1.48,2.52,49.44,5.9,phase-4
2026-10-10T19:14:49+00:00,7,458,0,0.66,1.24,27.96,5.4,phase-4
2026-10-10T19:14:49+00:00,7,459,0,1.74,1.826,52.25,5.5,phase-4
2026-10-10T19:14:49+00:00,7,460,0,2.13,3.066,48.09,5.0,phase-4
2026-10-10T19:14:49+00:00,7,461,0,1.07,2.251,12.44,5.8,phase-4
2026-10-10T19:14:49+00:00,7,462,0,1.73,0.327,54.8,4.9,phase-4
2026-10-10T19:14:49+00:00,7,463,0,0.0,0.0,0.0,5.9,phase-4
2026-10-10T19:14:49+00:00,7,464,0,2.06,2.955,55.77,6.2,phase-4
2026-10-10T19:14:49+00:00,7,465,0,0.76,1.785,12.21,5.8,phase-4
2026-10-10T19:14:49+00:00,7,466,0,0.0,0.0,0.0,4.5,phase-4
2026-10-10T19:14:49+00:00,7,467,0,3.47,3.084,90.0,5.0,phase-4
2026-10-10T19:14:49+00:00,7,468,0,0.4,1.123,13.38,4.5,phase-4
2026-10-10T19:14:49+00:00,7,469,0,1.6,4.065,48.33,5.0,phase-4
2026-10-10T19:14:49+00:00,7,470,0,0.0,0.0,0.0,5.0,phase-4
2026-10-10T19:14:49+00:00,7,471,0,0.0,0.0,0.0,5.4,phase-4
2026-10-10T19:14:49+00:00,7,472,0,3.54,4.344,84.76,5.5,phase-4
2026-10-10T19:14:49+00:00,7,473,0,2.04,3.475,63.89,4.4,phase-4
2026-10-10T19:14:49+00:00,7,474,0,1.41,2.628,48.65,4.5,phase-4
2026-10-10T19:14:49+00:00,7,475,0,0.0,0.0,0.0,4.5,phase-4
2026-10-10T19:14:49+00:00,7,476,0,0.19,0.568,6.44,4.0,phase-4
2026-10-10T19:14:49+00:00,7,477,0,0.0,0.0,0.0,4.0,phase-4
2026-10-10T19:14:49+00:00,7,478,0,0.34,0.954,10.6,4.4,phase-4
2026-10-10T19:14:49+00:00,7,480,0,4.61,9.545,90.0,8.0,phase-4
2026-10-10T19:14:49+00:00,7,481,0,3.65,2.131,82.6,6.3,phase-4
2026-10-10T19:14:49+00:00,7,482,0,1.21,1.808,36.12,5.8,phase-4
2026-10-10T19:14:49+00:00,7,483,0,2.4,4.337,63.81,5.5,phase-4
2026-10-10T19:14:49+00:00,7,484,0,0.0,0.0,0.0,5.4,phase-4
2026-10-10T19:14:49+00:00,7,485,0,0.0,0.0,0.0,5.5,phase-4
2026-10-10T19:14:49+00:00,7,486,0,1.66,2.111,50.23,5.5,phase-4
2026-10-10T19:14:49+00:00,7,487,0,0.84,1.24,30.02,4.9,phase-4
2026-10-10T19:14:49+00:00,7,488,0,1.66,1.782,51.86,4.8,phase-4
2026-10-10T19:14:49+00:00,7,489,0,0.39,0.904,11.79,4.4,phase-4
2026-10-10T19:14:49+00:00,7,490,0,0.85,1.647,24.2,5.8,phase-4
2026-10-10T19:14:49+00:00,7,491,0,0.0,0.0,0.0,5.8,phase-4
2026-10-10T19:14:49+00:00,7,492,0,0.0,0.0,0.0,5.4,phase-4
2026-10-10T19:14:49+00:00,7,493,0,0.29,0.433,6.44,5.4,phase-4
2026-10-10T19:14:49+00:00,7,494,0,0.0,0.0,0.0,4.5,phase-4
2026-10-10T19:14:49+00:00,7,495,0,0.12,0.389,5.45,4.0,phase-4
2026-10-10T19:14:49+00:00,7,496,0,2.14,1.354,59.41,4.5,phase-4
2026-10-10T19:14:49+00:00,7,497,0,1.92,1.607,52.22,4.0,phase-4
2026-10-10T19:14:49+00:00,7,498,0,2.3,1.916,67.69,5.8,phase-4
2026-10-10T19:14:49+00:00,7,499,0,0.0,0.0,0.0,5.4,phase-4
2026-10-10T19:14:49+00:00,7,500,0,0.0,0.0,0.0,5.0,phase-4
2026-10-10T19:14:49+00:00,7,501,0,1.49,1.458,59.54,5.0,phase-4
2026-10-10T19:14:49+00:00,7,502,0,1.67,1.662,52.5,4.4,phase-4
2026-10-10T19:14:49+00:00,7,503,0,2.03,3.71,75.88,5.0,phase-4
2026-10-10T19:14:49+00:00,7,504,0,3.6,6.543,90.0,5.0,phase-4
2026-10-10T19:14:49+00:00,7,505,0,0.0,0.0,0.0,4.5,phase-4
2026-10-10T19:14:49+00:00,7,506,0,0.81,2.068,36.55,4.4,phase-4
2026-10-10T19:14:49+00:00,7,508,0,0.17,0.76,7.8,3.9,phase-4
2026-10-10T19:14:49+00:00,7,509,0,0.26,0.526,5.45,4.0,phase-4
2026-10-10T19:14:49+00:00,7,510,0,0.26,0.526,5.45,4.0,phase-4
2026-10-10T19:14:49+00:00,7,511,0,0.0,0.0,0.0,4.0,phase-4
2026-10-10T19:14:49+00:00,7,512,0,1.76,2.004,42.5,6.5,phase-4
2026-10-10T19:14:49+00:00,7,513,0,0.0,0.0,0.0,5.9,phase-4
2026-10-10T19:14:49+00:00,7,514,0,1.61,1.959,45.42,5.7,phase-4
2026-10-10T19:14:49+00:00,7,515,0,0.34,0.723,7.37,6.3,phase-4
2026-10-10T19:14:49+00:00,7,516,0,0.0,0.0,0.0,5.5,phase-4
2026-10-10T19:14:49+00:00,7,517,0,0.0,0.0,0.0,5.5,phase-4
2026-10-10T19:14:49+00:00,7,518,0,0.0,0.0,0.0,4.9,phase-4
2026-10-10T19:14:49+00:00,7,519,0,1.25,2.554,41.16,5.3,phase-4
2026-10-10T19:14:49+00:00,7,520,0,0.93,1.608,31.21,5.3,phase-4
2026-10-10T19:14:49+00:00,7,521,0,0.0,0.0,0.0,6.5,phase-4
2026-10-10T19:14:49+00:00,7,522,0,1.75,0.851,60.3,4.9,phase-4
2026-10-10T19:14:49+00:00,7,523,0,0.0,0.0,0.0,5.0,phase-4
2026-10-10T19:14:49+00:00,7,524,0,0.15,0.276,5.45,4.4,phase-4
2026-10-10T19:14:49+00:00,7,525,0,2.29,1.398,70.87,5.7,phase-4
2026-10-10T19:14:49+00:00,7,526,0,1.37,2.21,40.11,5.8,phase-4
2026-10-10T19:14:49+00:00,7,527,0,0.0,0.0,0.0,5.9,phase-4
2026-10-10T19:14:49+00:00,7,528,0,0.0,0.0,0.0,4.5,phase-4
2026-10-10T19:14:49+00:00,7,529,0,2.75,1.46,89.2,4.9,phase-4
2026-10-10T19:14:49+00:00,7,531,0,0.3,0.59,9.32,4.4,phase-4
2026-10-10T19:14:49+00:00,7,532,0,0.0,0.0,0.0,4.9,phase-4
2026-10-10T19:14:49+00:00,7,533,0,2.79,4.336,81.15,5.4,phase-4
2026-10-10T19:14:49+00:00,7,534,0,1.57,2.119,72.63,4.3,phase-4
2026-10-10T19:14:49+00:00,7,535,0,1.1,1.428,50.32,4.8,phase-4
2026-10-10T19:14:49+00:00,7,536,0,1.26,1.423,72.58,4.4,phase-4
2026-10-10T19:14:49+00:00,7,537,0,0.0,0.0,0.0,4.5,phase-4
2026-10-10T19:14:49+00:00,7,539,0,0.17,1.082,18.43,3.9,phase-4
2026-10-10T19:14:49+00:00,7,540,0,0.0,0.0,0.0,4.0,phase-4
2026-10-10T19:14:49+00:00,7,541,0,1.41,3.088,69.19,4.5,phase-4
2026-10-10T19:14:49+00:00,7,542,0,3.51,5.616,87.3,5.7,phase-4
2026-10-10T19:14:49+00:00,7,543,0,0.0,0.0,0.0,5.3,phase-4
2026-10-10T19:14:49+00:00,7,544,0,3.1,1.754,86.35,5.5,phase-4
2026-10-10T19:14:49+00:00,7,545,0,2.24,1.125,87.3,4.9,phase-4
2026-10-10T19:14:49+00:00,7,546,0,0.0,0.0,0.0,4.9,phase-4
2026-10-10T19:14:49+00:00,7,547,0,0.0,0.0,0.0,4.8,phase-4
2026-10-10T19:14:49+00:00,7,548,0,0.5,0.878,19.07,4.9,phase-4
2026-10-10T19:14:49+00:00,7,549,0,1.01,1.621,29.66,5.3,phase-4
2026-10-10T19:14:49+00:00,7,550,0,0.19,0.368,6.89,4.9,phase-4
2026-10-10T19:14:49+00:00,7,551,0,1.35,1.807,51.77,5.0,phase-4
2026-10-10T19:14:49+00:00,7,552,0,0.0,0.0,0.0,5.7,phase-4
2026-10-10T19:14:49+00:00,7,553,0,2.12,2.923,39.25,5.5,phase-4
2026-10-10T19:14:49+00:00,7,555,0,0.19,0.567,6.27,4.0,phase-4
2026-10-10T19:14:49+00:00,7,556,0,0.0,0.0,0.0,4.0,phase-4
2026-10-10T19:14:49+00:00,7,557,0,0.0,0.0,0.0,6.3,phase-4
2026-10-10T19:14:49+00:00,7,558,0,2.22,1.002,84.69,5.0,phase-4
2026-10-10T19:14:49+00:00,7,559,0,0.35,0.551,6.72,4.9,phase-4
2026-10-10T19:14:49+00:00,7,560,0,0.13,0.406,5.02,4.4,phase-4
2026-10-10T19:14:49+00:00,7,561,0,0.13,0.406,5.02,4.5,phase-4
2026-10-10T19:14:49+00:00,7,562,0,2.04,1.974,60.66,5.3,phase-4
2026-10-10T19:14:49+00:00,7,563,0,0.63,0.901,21.51,4.9,phase-4
2026-10-10T19:14:49+00:00,7,564,0,2.25,2.414,60.66,4.5,phase-4
2026-10-10T19:14:49+00:00,7,565,0,2.01,2.046,61.89,5.6,phase-4
2026-10-10T19:14:49+00:00,7,566,0,1.65,4.996,90.0,5.0,phase-4
2026-10-10T19:14:49+00:00,7,567,0,2.76,2.639,90.0,5.0,phase-4
2026-10-10T19:14:49+00:00,7,568,0,0.7,1.536,22.97,5.4,phase-4
2026-10-10T19:14:49+00:00,7,569,0,2.69,3.497,78.05,6.1,phase-4
2026-10-10T19:14:49+00:00,7,570,0,1.49,3.211,45.23,5.4,phase-4
2026-10-10T19:14:49+00:00,7,571,0,1.12,1.507,36.53,4.8,phase-4
2026-10-10T19:14:49+00:00,7,572,0,4.13,4.527,86.5,4.7,phase-4
2026-10-10T19:14:49+00:00,7,573,0,0.13,0.418,6.9,4.4,phase-4
2026-10-10T19:14:49+00:00,7,574,0,0.27,0.396,5.64,4.9,phase-4
2026-10-10T19:14:49+00:00,7,575,0,1.71,0.488,69.56,4.8,phase-4
2026-10-10T19:14:49+00:00,7,576,0,1.73,0.963,69.12,5.0,phase-4
2026-10-10T19:14:49+00:00,7,577,0,0.0,0.0,0.0,4.4,phase-4
2026-10-10T19:14:49+00:00,7,578,0,0.0,0.0,0.0,5.3,phase-4
2026-10-10T19:14:49+00:00,7,579,0,2.1,2.564,66.07,5.4,phase-4
2026-10-10T19:14:49+00:00,7,580,0,1.99,0.82,62.97,5.0,phase-4
2026-10-10T19:14:49+00:00,7,581,0,1.4,3.297,42.71,5.4,phase-4
2026-10-10T19:14:49+00:00,7,582,0,0.09,0.18,3.88,5.4,phase-4
2026-10-10T19:14:49+00:00,7,583,0,1.61,1.519,43.99,4.9,phase-4
2026-10-10T19:14:49+00:00,7,584,0,2.08,1.818,61.93,5.3,phase-4
2026-10-10T19:14:49+00:00,7,585,0,1.68,1.697,36.95,4.0,phase-4
2026-10-10T19:14:49+00:00,7,586,0,3.53,5.686,69.12,4.1,phase-4
2026-10-10T19:14:49+00:00,7,587,0,0.17,0.517,5.44,5.0,phase-4
2026-10-10T19:14:49+00:00,7,588,0,2.89,6.106,82.5,5.0,phase-4
2026-10-10T19:14:49+00:00,7,589,0,0.95,0.884,30.93,5.0,phase-4
2026-10-10T19:14:49+00:00,7,590,0,0.19,0.568,6.44,4.5,phase-4
2026-10-10T19:14:49+00:00,7,591,0,2.81,4.069,75.19,5.5,phase-4
2026-10-10T19:14:49+00:00,7,592,0,1.67,1.911,40.38,4.0,phase-4
2026-10-10T19:14:49+00:00,7,593,0,1.12,2.598,40.69,4.5,phase-4
2026-10-10T19:14:49+00:00,7,594,0,0.16,1.368,5.74,5.9,phase-4
2026-10-10T19:14:49+00:00,7,595,0,0.23,0.458,6.98,4.9,phase-4
2026-10-10T19:14:49+00:00,7,596,0,0.65,1.704,25.75,4.5,phase-4
2026-10-10T19:14:49+00:00,7,597,0,2.68,2.253,79.45,5.0,phase-4
2026-10-10T19:14:49+00:00,7,598,0,2.06,2.419,66.69,4.5,phase-4
2026-10-10T19:14:49+00:00,7,599,0,0.23,0.523,7.88,5.0,phase-4
2026-10-10T19:14:49+00:00,7,600,0,0.51,1.168,9.12,5.0,phase-4
2026-10-10T19:14:49+00:00,7,601,0,0.13,0.257,5.45,4.5,phase-4
2026-10-10T19:14:49+00:00,7,603,0,0.14,0.418,5.07,4.0,phase-4
2026-10-10T19:14:49+00:00,7,604,0,0.13,0.244,5.07,4.5,phase-4
2026-10-10T19:14:49+00:00,7,605,0,3.73,7.334,58.85,4.5,phase-4
2026-10-10T19:14:49+00:00,7,606,0,0.12,0.391,5.18,4.0,phase-4
2026-10-10T19:14:49+00:00,7,608,0,0.35,0.772,6.9,5.0,phase-4
2026-10-10T19:14:49+00:00,7,611,0,1.53,1.835,49.73,4.5,phase-4
2026-10-10T19:14:49+00:00,7,612,0,0.31,1.423,24.08,4.5,phase-4
2026-10-10T19:14:49+00:00,7,613,0,0.13,0.263,5.66,4.5,phase-4
2026-10-10T19:14:49+00:00,7,614,0,2.01,10.93,5.74,4.5,phase-4
2026-10-10T19:14:49+00:00,7,615,0,0.1,0.394,6.9,4.5,phase-4
2026-10-10T19:14:49+00:00,7,616,0,0.22,0.408,5.44,5.5,phase-4
2026-10-10T19:14:49+00:00,7,617,0,1.41,2.876,16.14,5.0,phase-4
2026-10-10T19:14:49+00:00,7,618,0,0.0,0.0,0.0,5.9,phase-4
2026-10-10T19:14:49+00:00,7,619,0,1.76,0.726,50.52,5.0,phase-4
2026-10-10T19:14:49+00:00,7,620,0,1.95,3.067,48.59,4.5,phase-4
2026-10-10T19:14:49+00:00,7,621,0,0.32,0.807,5.44,4.4,phase-4
2026-10-10T19:14:49+00:00,7,622,0,0.26,0.603,5.44,4.0,phase-4
2026-10-10T19:14:49+00:00,7,623,0,0.34,0.795,10.87,4.0,phase-4
2026-10-10T19:14:49+00:00,7,625,0,0.14,0.418,5.07,4.0,phase-4
2026-10-10T19:14:49+00:00,7,626,0,0.12,0.23,4.79,4.4,phase-4
2026-10-10T19:14:49+00:00,7,627,0,1.22,1.779,40.3,8.0,phase-4
2026-10-10T19:14:49+00:00,7,628,0,0.14,0.265,5.44,6.0,phase-4
2026-10-10T19:14:49+00:00,7,629,0,0.14,0.418,5.07,4.0,phase-4
2026-10-10T19:14:49+00:00,7,630,0,1.08,2.083,44.47,4.5,phase-4
2026-10-10T19:14:49+00:00,7,631,0,0.63,1.263,12.14,6.0,phase-4
2026-10-10T19:14:49+00:00,7,632,0,0.0,0.0,0.0,5.0,phase-4
2026-10-10T19:14:49+00:00,7,633,0,0.75,1.895,23.95,4.5,phase-4
2026-10-10T19:14:49+00:00,7,634,0,1.03,1.182,41.51,6.0,phase-4
2026-10-10T19:14:49+00:00,7,635,0,0.47,1.273,7.62,5.0,phase-4
2026-10-10T19:14:49+00:00,7,636,0,-0.13,0.23,4.79,5.0,phase-4
2026-10-10T19:14:49+00:00,7,637,0,0.21,0.345,5.64,5.0,phase-4
2026-10-10T19:14:49+00:00,7,638,0,0.15,1.176,7.62,4.0,phase-4
2026-10-10T19:14:49+00:00,7,639,0,2.01,2.892,45.4,5.5,phase-4
2026-10-10T19:14:49+00:00,7,640,0,1.75,4.459,30.82,5.5,phase-4
2026-10-10T19:14:49+00:00,7,641,0,0.14,0.42,5.07,4.5,phase-4
2026-10-10T19:14:49+00:00,7,642,0,1.01,1.554,26.67,5.5,phase-4
2026-10-10T19:14:49+00:00,7,643,0,0.58,2.068,7.87,4.5,phase-4
2026-10-10T19:14:49+00:00,7,644,0,2.05,1.222,63.11,5.0,phase-4
2026-10-10T19:14:49+00:00,7,645,0,0.16,0.285,5.64,5.0,phase-4
2026-10-10T19:14:49+00:00,7,646,0,1.27,0.825,24.67,5.5,phase-4
2026-10-10T19:14:49+00:00,7,647,0,0.35,0.495,6.27,5.5,phase-4
2026-10-10T19:14:49+00:00,7,648,0,0.23,0.35,5.07,5.0,phase-4
2026-10-10T19:14:49+00:00,7,649,0,1.82,2.915,43.53,4.5,phase-4
2026-10-10T19:14:49+00:00,7,650,0,1.67,2.194,51.4,4.5,phase-4
2026-10-10T19:14:49+00:00,7,651,0,0.18,0.306,5.66,4.5,phase-4
2026-10-10T19:14:49+00:00,7,652,0,0.0,0.0,0.0,5.5,phase-4
2026-10-10T19:14:49+00:00,7,653,0,0.14,0.265,5.44,4.5,phase-4
2026-10-10T19:14:49+00:00,7,654,0,0.16,0.294,6.04,4.5,phase-4
2026-10-10T19:14:49+00:00,7,655,0,0.16,0.309,6.6,5.5,phase-4
2026-10-10T19:14:49+00:00,7,656,0,0.88,1.871,25.2,4.0,phase-4
2026-10-10T19:14:49+00:00,7,657,0,0.12,0.231,4.71,4.5,phase-4
2026-10-10T19:14:49+00:00,7,658,0,0.15,0.279,5.74,4.5,phase-4
2026-10-10T19:14:49+00:00,7,659,0,0.15,0.295,6.26,4.5,phase-4
2026-10-10T19:14:49+00:00,7,660,0,0.15,0.453,4.71,4.0,phase-4
2026-10-10T19:14:49+00:00,7,661,0,0.15,0.453,4.71,4.0,phase-4
2026-10-10T19:14:49+00:00,7,662,0,0.24,0.358,5.02,4.5,phase-4
2026-10-10T19:14:49+00:00,7,663,0,0.16,0.489,6.26,4.0,phase-4
2026-10-10T19:14:49+00:00,7,664,0,0.14,0.282,6.26,4.5,phase-4
2026-10-10T19:14:49+00:00,7,665,0,0.15,0.295,6.26,4.5,phase-4
2026-10-10T19:14:49+00:00,7,666,0,0.15,0.295,6.26,4.5,phase-4
2026-10-10T19:14:49+00:00,7,667,0,0.12,0.391,5.18,4.0,phase-4
2026-10-10T19:14:49+00:00,8,1,1,3.83,4.1,81.07,6.1,phase-4
2026-10-10T19:14:49+00:00,8,2,1,0.27,0.761,6.13,4.9,phase-4
2026-10-10T19:14:49+00:00,8,3,1,0.21,0.627,5.04,4.9,phase-4
2026-10-10T19:14:49+00:00,8,4,1,4.08,6.702,75.14,8.0,phase-4
2026-10-10T19:14:49+00:00,8,5,1,2.42,4.35,48.54,6.5,phase-4
2026-10-10T19:14:49+00:00,8,6,1,0.0,0.0,0.0,5.9,phase-4
2026-10-10T19:14:49+00:00,8,7,1,1.28,1.787,40.13,5.4,phase-4
2026-10-10T19:14:49+00:00,8,8,1,3.65,7.451,67.64,5.9,phase-4
2026-10-10T19:14:49+00:00,8,9,1,1.42,3.115,30.72,5.2,phase-4
2026-10-10T19:14:49+00:00,8,10,1,2.22,4.658,44.47,5.4,phase-4
2026-10-10T19:14:49+00:00,8,11,1,1.32,3.009,29.18,5.3,phase-4
2026-10-10T19:14:49+00:00,8,12,1,4.86,11.213,70.9,9.6,phase-4
2026-10-10T19:14:49+00:00,8,13,1,3.61,3.289,79.37,7.4,phase-4
2026-10-10T19:14:49+00:00,8,14,1,1.77,3.059,36.0,6.2,phase-4
2026-10-10T19:14:49+00:00,8,15,1,3.33,6.313,59.92,6.8,phase-4
2026-10-10T19:14:49+00:00,8,16,1,1.36,3.097,28.33,6.2,phase-4
2026-10-10T19:14:49+00:00,8,17,1,1.18,2.773,22.55,5.7,phase-4
2026-10-10T19:14:49+00:00,8,18,1,0.0,0.0,0.0,6.3,phase-4
2026-10-10T19:14:49+00:00,8,19,1,2.25,2.668,50.73,5.3,phase-4
2026-10-10T19:14:49+00:00,8,20,1,0.37,0.831,6.13,5.3,phase-4
2026-10-10T19:14:49+00:00,8,21,1,0.11,0.198,3.68,4.8,phase-4
2026-10-10T19:14:49+00:00,8,22,1,0.0,0.0,0.0,5.4,phase-4
2026-10-10T19:14:49+00:00,8,24,1,0.0,0.0,0.0,5.5,phase-4
2026-10-10T19:14:49+00:00,8,25,1,2.03,4.223,38.65,7.1,phase-4
2026-10-10T19:14:49+00:00,8,26,1,2.08,3.972,50.65,7.6,phase-4
2026-10-10T19:14:49+00:00,8,27,1,0.0,0.0,0.0,5.9,phase-4
2026-10-10T19:14:49+00:00,8,28,1,3.21,2.846,72.05,5.0,phase-4
2026-10-10T19:14:49+00:00,8,29,1,0.61,1.069,17.97,4.5,phase-4
2026-10-10T19:14:49+00:00,8,30,1,0.0,0.0,0.0,4.5,phase-4
2026-10-10T19:14:49+00:00,8,31,1,3.18,4.465,69.26,4.6,phase-4
2026-10-10T19:14:49+00:00,8,32,1,1.55,2.861,71.2,4.4,phase-4
2026-10-10T19:14:49+00:00,8,33,1,1.4,1.422,49.9,4.5,phase-4
2026-10-10T19:14:49+00:00,8,34,1,0.93,2.031,43.55,4.4,phase-4
2026-10-10T19:14:49+00:00,8,35,1,0.38,0.757,17.78,4.9,phase-4
2026-10-10T19:14:49+00:00,8,36,1,0.0,0.0,0.0,4.4,phase-4
2026-10-10T19:14:49+00:00,8,37,1,1.66,2.093,60.71,4.5,phase-4
2026-10-10T19:14:49+00:00,8,38,1,0.14,0.426,6.3,4.0,phase-4
2026-10-10T19:14:49+00:00,8,39,1,0.0,0.0,0.0,4.0,phase-4
2026-10-10T19:14:49+00:00,8,40,1,4.4,9.651,80.89,7.8,phase-4
2026-10-10T19:14:49+00:00,8,41,1,2.93,5.611,67.57,5.9,phase-4
2026-10-10T19:14:49+00:00,8,42,1,0.79,1.346,22.99,5.4,phase-4
2026-10-10T19:14:49+00:00,8,43,1,2.53,1.982,65.03,5.8,phase-4
2026-10-10T19:14:49+00:00,8,44,1,0.0,0.0,0.0,5.4,phase-4
2026-10-10T19:14:49+00:00,8,45,1,2.95,5.259,75.5,5.4,phase-4
2026-10-10T19:14:49+00:00,8,46,1,1.68,3.241,40.17,5.0,phase-4
2026-10-10T19:14:49+00:00,8,47,1,2.2,1.275,65.92,5.0,phase-4
2026-10-10T19:14:49+00:00,8,48,1,0.0,0.0,0.0,4.9,phase-4
2026-10-10T19:14:49+00:00,8,50,1,0.14,0.259,5.18,4.5,phase-4
2026-10-10T19:14:49+00:00,8,51,1,0.59,0.955,22.19,4.5,phase-4
2026-10-10T19:14:49+00:00,8,52,1,0.39,0.974,8.58,5.0,phase-4
2026-10-10T19:14:49+00:00,8,53,1,2.17,4.083,37.66,5.9,phase-4
2026-10-10T19:14:49+00:00,8,54,1,1.68,0.726,62.98,5.5,phase-4
2026-10-10T19:14:49+00:00,8,55,1,0.0,0.0,0.0,7.8,phase-4
2026-10-10T19:14:49+00:00,8,56,1,0.48,1.146,10.5,5.5,phase-4
2026-10-10T19:14:49+00:00,8,57,1,3.56,3.495,90.0,4.5,phase-4
2026-10-10T19:14:49+00:00,8,58,1,0.22,0.67,6.9,4.0,phase-4
2026-10-10T19:14:49+00:00,8,60,1,4.26,4.399,90.0,5.5,phase-4
2026-10-10T19:14:49+00:00,8,61,1,3.9,5.154,90.0,5.4,phase-4
2026-10-10T19:14:49+00:00,8,62,1,0.98,2.381,29.21,4.9,phase-4
2026-10-10T19:14:49+00:00,8,63,1,0.0,0.0,0.0,4.9,phase-4
2026-10-10T19:14:49+00:00,8,64,1,2.38,3.548,80.51,4.5,phase-4
2026-10-10T19:14:49+00:00,8,65,1,0.0,0.0,0.0,4.4,phase-4
2026-10-10T19:14:49+00:00,8,66,1,0.34,0.788,6.9,4.0,phase-4
2026-10-10T19:14:49+00:00,8,67,1,3.65,7.263,83.24,6.3,phase-4
2026-10-10T19:14:49+00:00,8,68,1,4.53,8.625,90.0,6.1,phase-4
2026-10-10T19:14:49+00:00,8,69,1,0.0,0.0,0.0,6.1,phase-4
2026-10-10T19:14:49+00:00,8,70,1,0.0,0.0,0.0,5.9,phase-4
2026-10-10T19:14:49+00:00,8,71,1,1.21,1.043,40.92,5.0,phase-4
2026-10-10T19:14:49+00:00,8,72,1,0.58,1.235,8.75,4.9,phase-4
2026-10-10T19:14:49+00:00,8,73,1,2.85,1.437,79.51,5.0,phase-4
2026-10-10T19:14:49+00:00,8,74,1,0.95,1.734,35.27,5.0,phase-4
2026-10-10T19:14:49+00:00,8,75,1,1.75,3.828,40.51,5.0,phase-4
2026-10-10T19:14:49+00:00,8,76,1,0.35,0.597,9.88,4.9,phase-4
2026-10-10T19:14:49+00:00,8,77,1,0.0,0.0,0.0,4.9,phase-4
2026-10-10T19:14:49+00:00,8,78,1,0.0,0.0,0.0,7.4,phase-4
2026-10-10T19:14:49+00:00,8,79,1,3.46,5.209,90.0,6.0,phase-4
2026-10-10T19:14:49+00:00,8,80,1,0.0,0.0,0.0,5.5,phase-4
2026-10-10T19:14:49+00:00,8,81,1,0.35,0.653,7.68,6.0,phase-4
2026-10-10T19:14:49+00:00,8,82,1,3.59,3.964,75.77,5.0,phase-4
2026-10-10T19:14:49+00:00,8,83,1,0.23,0.651,5.73,4.5,phase-4
2026-10-10T19:14:49+00:00,8,84,1,0.0,0.0,0.0,5.4,phase-4
2026-10-10T19:14:49+00:00,8,85,1,1.65,3.149,39.53,4.9,phase-4
2026-10-10T19:14:49+00:00,8,86,1,2.81,4.206,63.89,5.5,phase-4
2026-10-10T19:14:49+00:00,8,87,1,2.77,4.244,62.31,4.5,phase-4
2026-10-10T19:14:49+00:00,8,88,1,3.18,6.091,71.44,4.6,phase-4
2026-10-10T19:14:49+00:00,8,89,1,0.74,2.031,19.09,4.4,phase-4
2026-10-10T19:14:49+00:00,8,90,1,1.1,2.245,25.15,4.5,phase-4
2026-10-10T19:14:49+00:00,8,91,1,1.35,3.05,37.37,4.5,phase-4
2026-10-10T19:14:49+00:00,8,92,1,0.18,0.539,4.71,4.4,phase-4
2026-10-10T19:14:49+00:00,8,93,1,1.79,3.429,38.66,4.5,phase-4
2026-10-10T19:14:49+00:00,8,94,1,2.58,5.886,53.85,6.2,phase-4
2026-10-10T19:14:49+00:00,8,95,1,2.34,3.671,48.33,6.3,phase-4
2026-10-10T19:14:49+00:00,8,96,1,1.74,2.776,38.59,5.4,phase-4
2026-10-10T19:14:49+00:00,8,97,1,1.7,2.999,39.03,5.4,phase-4
2026-10-10T19:14:49+00:00,8,98,1,2.16,2.202,58.36,5.0,phase-4
2026-10-10T19:14:49+00:00,8,99,1,0.0,0.0,0.0,5.0,phase-4
2026-10-10T19:14:49+00:00,8,100,1,2.21,10.027,5.73,5.0,phase-4
2026-10-10T19:14:49+00:00,8,101,1,1.59,2.028,44.26,4.9,phase-4
2026-10-10T19:14:49+00:00,8,102,1,2.07,1.694,57.24,4.8,phase-4
2026-10-10T19:14:49+00:00,8,103,1,0.0,0.0,0.0,4.9,phase-4
2026-10-10T19:14:49+00:00,8,104,1,1.46,2.398,37.72,4.9,phase-4
2026-10-10T19:14:49+00:00,8,105,1,3.14,6.356,63.16,5.9,phase-4
2026-10-10T19:14:49+00:00,8,106,1,3.61,8.442,75.77,7.8,phase-4
2026-10-10T19:14:49+00:00,8,107,1,0.0,0.0,0.0,4.5,phase-4
2026-10-10T19:14:49+00:00,8,108,1,0.95,2.586,19.08,5.4,phase-4
2026-10-10T19:14:49+00:00,8,109,1,4.0,4.185,90.0,4.5,phase-4
2026-10-10T19:14:49+00:00,8,110,1,3.31,3.696,90.0,4.5,phase-4
2026-10-10T19:14:49+00:00,8,111,1,0.21,0.619,5.74,4.0,phase-4
2026-10-10T19:14:49+00:00,8,112,1,4.14,6.07,86.81,4.9,phase-4
2026-10-10T19:14:49+00:00,8,113,1,3.31,5.492,84.2,4.4,phase-4
2026-10-10T19:14:49+00:00,8,114,1,2.7,4.336,62.06,4.5,phase-4
2026-10-10T19:14:49+00:00,8,115,1,5.31,16.742,71.29,5.0,phase-4
2026-10-10T19:14:49+00:00,8,116,1,2.92,4.261,76.02,4.5,phase-4
2026-10-10T19:14:49+00:00,8,117,1,0.22,0.88,8.21,4.5,phase-4
2026-10-10T19:14:49+00:00,8,118,1,0.0,0.0,0.0,4.5,phase-4
2026-10-10T19:14:49+00:00,8,119,1,1.23,2.392,20.53,4.5,phase-4
2026-10-10T19:14:49+00:00,8,120,1,0.32,0.728,5.74,5.0,phase-4
2026-10-10T19:14:49+00:00,8,121,1,0.0,0.0,0.0,5.9,phase-4
2026-10-10T19:14:49+00:00,8,122,1,0.0,0.0,0.0,5.8,phase-4
2026-10-10T19:14:49+00:00,8,123,1,3.0,12.505,18.61,5.9,phase-4
2026-10-10T19:14:49+00:00,8,124,1,4.97,11.592,74.04,5.9,phase-4
2026-10-10T19:14:49+00:00,8,125,1,2.57,5.752,41.12,5.3,phase-4
2026-10-10T19:14:49+00:00,8,126,1,1.51,6.575,8.21,5.4,phase-4
2026-10-10T19:14:49+00:00,8,127,1,4.58,9.835,81.76,5.0,phase-4
2026-10-10T19:14:49+00:00,8,128,1,0.0,0.0,0.0,5.0,phase-4
2026-10-10T19:14:49+00:00,8,129,1,3.56,7.074,70.69,5.4,phase-4
2026-10-10T19:14:49+00:00,8,130,1,0.0,0.0,0.0,4.9,phase-4
2026-10-10T19:14:49+00:00,8,131,1,0.88,1.504,29.11,4.9,phase-4
2026-10-10T19:14:49+00:00,8,132,1,0.0,0.0,0.0,4.5,phase-4
2026-10-10T19:14:49+00:00,8,133,1,0.0,0.0,0.0,5.0,phase-4
2026-10-10T19:14:49+00:00,8,134,1,0.26,0.392,5.74,4.4,phase-4
2026-10-10T19:14:49+00:00,8,135,1,0.0,0.0,0.0,4.8,phase-4
2026-10-10T19:14:49+00:00,8,136,1,1.79,3.672,42.07,5.9,phase-4
2026-10-10T19:14:49+00:00,8,137,1,0.0,0.0,0.0,5.4,phase-4
2026-10-10T19:14:49+00:00,8,138,1,2.62,6.282,45.46,5.6,phase-4
2026-10-10T19:14:49+00:00,8,139,1,0.0,0.0,0.0,5.0,phase-4
2026-10-10T19:14:49+00:00,8,140,1,0.0,0.0,0.0,4.9,phase-4
2026-10-10T19:14:49+00:00,8,141,1,0.0,0.0,0.0,5.0,phase-4
2026-10-10T19:14:49+00:00,8,142,1,1.77,4.212,39.49,5.3,phase-4
2026-10-10T19:14:49+00:00,8,143,1,0.0,0.0,0.0,5.5,phase-4
2026-10-10T19:14:49+00:00,8,144,1,2.17,3.493,57.37,4.9,phase-4
2026-10-10T19:14:49+00:00,8,145,1,1.87,3.149,52.34,5.0,phase-4
2026-10-10T19:14:49+00:00,8,146,1,0.0,0.0,0.0,4.5,phase-4
2026-10-10T19:14:49+00:00,8,147,1,0.72,1.547,14.84,4.4,phase-4
2026-10-10T19:14:49+00:00,8,148,1,1.24,2.943,41.7,4.5,phase-4
2026-10-10T19:14:49+00:00,8,149,1,1.23,2.592,39.47,4.8,phase-4
2026-10-10T19:14:49+00:00,8,150,1,0.0,0.0,0.0,4.5,phase-4
2026-10-10T19:14:49+00:00,8,151,1,1.3,2.705,36.04,4.5,phase-4
2026-10-10T19:14:49+00:00,8,152,1,0.16,0.48,5.02,5.3,phase-4
2026-10-10T19:14:49+00:00,8,153,1,0.0,0.0,0.0,4.5,phase-4
2026-10-10T19:14:49+00:00,8,154,1,3.89,8.536,69.9,9.7,phase-4
2026-10-10T19:14:49+00:00,8,155,1,3.68,8.201,70.77,6.9,phase-4
2026-10-10T19:14:49+00:00,8,156,1,3.23,5.303,70.35,6.5,phase-4
2026-10-10T19:14:49+00:00,8,157,1,0.89,2.368,18.02,6.3,phase-4
2026-10-10T19:14:49+00:00,8,158,1,0.0,0.0,0.0,5.8,phase-4
2026-10-10T19:14:49+00:00,8,159,1,1.54,1.545,49.76,5.3,phase-4
2026-10-10T19:14:49+00:00,8,160,1,0.72,1.317,22.53,5.8,phase-4
2026-10-10T19:14:49+00:00,8,161,1,1.13,2.389,33.04,5.0,phase-4
2026-10-10T19:14:49+00:00,8,162,1,0.77,1.324,25.22,4.8,phase-4
2026-10-10T19:14:49+00:00,8,163,1,0.0,0.0,0.0,4.5,phase-4
2026-10-10T19:14:49+00:00,8,164,1,0.18,0.413,5.39,5.3,phase-4
2026-10-10T19:14:49+00:00,8,165,1,4.68,9.721,71.2,7.7,phase-4
2026-10-10T19:14:49+00:00,8,166,1,2.31,2.685,78.06,6.5,phase-4
2026-10-10T19:14:49+00:00,8,167,1,1.34,1.419,51.08,5.6,phase-4
2026-10-10T19:14:49+00:00,8,168,1,0.0,0.0,0.0,5.0,phase-4
2026-10-10T19:14:49+00:00,8,169,1,0.22,0.334,5.02,4.5,phase-4
2026-10-10T19:14:49+00:00,8,170,1,0.0,0.0,0.0,4.9,phase-4
2026-10-10T19:14:49+00:00,8,172,1,0.23,0.685,6.6,4.4,phase-4
2026-10-10T19:14:49+00:00,8,173,1,3.51,4.97,90.0,4.0,phase-4
2026-10-10T19:14:49+00:00,8,175,1,2.01,3.743,65.11,4.0,phase-4
2026-10-10T19:14:49+00:00,8,176,1,3.38,4.958,90.0,4.0,phase-4
2026-10-10T19:14:49+00:00,8,177,1,0.12,0.352,3.31,3.9,phase-4
2026-10-10T19:14:49+00:00,8,178,1,0.23,0.685,6.6,4.0,phase-4
2026-10-10T19:14:49+00:00,8,179,1,0.56,0.9,6.6,4.0,phase-4
2026-10-10T19:14:49+00:00,8,180,1,0.0,0.0,0.0,3.9,phase-4
2026-10-10T19:14:49+00:00,8,182,1,0.0,0.0,0.0,4.0,phase-4
2026-10-10T19:14:49+00:00,8,183,1,2.97,2.986,80.97,4.9,phase-4
2026-10-10T19:14:49+00:00,8,184,1,1.6,0.916,50.48,4.9,phase-4
2026-10-10T19:14:49+00:00,8,185,1,0.33,0.688,8.14,4.8,phase-4
2026-10-10T19:14:49+00:00,8,186,1,2.5,1.69,80.97,5.3,phase-4
2026-10-10T19:14:49+00:00,8,187,1,0.0,0.0,0.0,4.8,phase-4
2026-10-10T19:14:49+00:00,8,188,1,0.69,1.189,13.91,5.3,phase-4
2026-10-10T19:14:49+00:00,8,189,1,0.17,0.321,6.6,4.4,phase-4
2026-10-10T19:14:49+00:00,8,190,1,1.75,1.588,48.47,5.3,phase-4
2026-10-10T19:14:49+00:00,8,193,1,0.0,0.0,0.0,5.3,phase-4
2026-10-10T19:14:49+00:00,8,194,1,1.76,0.6,57.8,5.0,phase-4
2026-10-10T19:14:49+00:00,8,195,1,0.82,1.376,27.3,4.9,phase-4
2026-10-10T19:14:49+00:00,8,198,1,0.0,0.0,0.0,4.9,phase-4
2026-10-10T19:14:49+00:00,8,199,1,0.79,0.952,22.41,4.5,phase-4
2026-10-10T19:14:49+00:00,8,200,1,3.28,3.743,74.57,5.9,phase-4
2026-10-10T19:14:49+00:00,8,201,1,2.43,4.48,74.56,5.4,phase-4
2026-10-10T19:14:49+00:00,8,202,1,1.85,0.872,88.9,4.9,phase-4
2026-10-10T19:14:49+00:00,8,203,1,1.23,0.474,62.98,4.8,phase-4
2026-10-10T19:14:49+00:00,8,204,1,1.34,2.682,90.0,4.5,phase-4
2026-10-10T19:14:49+00:00,8,205,1,0.0,0.0,0.0,4.5,phase-4
2026-10-10T19:14:49+00:00,8,206,1,0.0,0.0,0.0,4.3,phase-4
2026-10-10T19:14:49+00:00,8,207,1,0.1,0.36,6.27,4.3,phase-4
2026-10-10T19:14:49+00:00,8,208,1,1.44,2.418,42.3,6.2,phase-4
2026-10-10T19:14:49+00:00,8,209,1,1.86,3.397,55.36,5.9,phase-4
2026-10-10T19:14:49+00:00,8,210,1,2.63,1.249,86.79,5.4,phase-4
2026-10-10T19:14:49+00:00,8,211,1,2.03,2.039,71.63,5.5,phase-4
2026-10-10T19:14:49+00:00,8,212,1,0.75,1.166,32.8,4.4,phase-4
2026-10-10T19:14:49+00:00,8,213,1,1.37,2.322,38.19,4.8,phase-4
2026-10-10T19:14:49+00:00,8,214,1,2.28,1.146,79.41,5.0,phase-4
2026-10-10T19:14:49+00:00,8,215,1,0.0,0.0,0.0,5.0,phase-4
2026-10-10T19:14:49+00:00,8,216,1,0.0,0.0,0.0,5.0,phase-4
2026-10-10T19:14:49+00:00,8,218,1,0.14,0.285,6.27,4.8,phase-4
2026-10-10T19:14:49+00:00,8,220,1,0.0,0.0,0.0,4.5,phase-4
2026-10-10T19:14:49+00:00,8,221,1,0.26,0.404,6.27,4.4,phase-4
2026-10-10T19:14:49+00:00,8,222,1,1.96,1.147,72.09,6.0,phase-4
2026-10-10T19:14:49+00:00,8,223,1,0.0,0.0,0.0,6.3,phase-4
2026-10-10T19:14:49+00:00,8,224,1,1.16,2.557,31.15,5.5,phase-4
2026-10-10T19:14:49+00:00,8,225,1,0.0,0.0,0.0,5.0,phase-4
2026-10-10T19:14:49+00:00,8,226,1,3.26,2.308,90.0,5.5,phase-4
2026-10-10T19:14:49+00:00,8,227,1,0.14,0.439,6.04,5.0,phase-4
2026-10-10T19:14:49+00:00,8,228,1,0.14,0.439,6.04,4.5,phase-4
2026-10-10T19:14:49+00:00,8,229,1,3.47,3.498,90.0,6.2,phase-4
2026-10-10T19:14:49+00:00,8,230,1,2.0,2.152,57.7,5.5,phase-4
2026-10-10T19:14:49+00:00,8,231,1,1.29,2.466,47.56,4.8,phase-4
2026-10-10T19:14:49+00:00,8,232,1,1.61,1.571,58.91,4.8,phase-4
2026-10-10T19:14:49+00:00,8,233,1,1.54,2.624,65.74,4.6,phase-4
2026-10-10T19:14:49+00:00,8,234,1,0.0,0.0,0.0,4.5,phase-4
2026-10-10T19:14:49+00:00,8,236,1,3.48,5.65,84.59,6.6,phase-4
2026-10-10T19:14:49+00:00,8,237,1,3.5,5.539,73.03,5.8,phase-4
2026-10-10T19:14:49+00:00,8,238,1,1.69,2.019,43.48,6.5,phase-4
2026-10-10T19:14:49+00:00,8,239,1,3.35,1.829,87.16,6.0,phase-4
2026-10-10T19:14:49+00:00,8,240,1,0.96,1.665,31.89,5.0,phase-4
2026-10-10T19:14:49+00:00,8,241,1,0.86,1.305,32.59,5.3,phase-4
2026-10-10T19:14:49+00:00,8,242,1,1.18,1.681,37.51,5.5,phase-4
2026-10-10T19:14:49+00:00,8,243,1,0.51,2.062,13.85,4.9,phase-4
2026-10-10T19:14:49+00:00,8,244,1,1.47,0.973,54.47,5.0,phase-4
2026-10-10T19:14:49+00:00,8,245,1,0.48,1.482,11.25,5.3,phase-4
2026-10-10T19:14:49+00:00,8,246,1,0.51,1.017,18.72,4.9,phase-4
2026-10-10T19:14:49+00:00,8,247,1,1.36,1.005,32.91,5.4,phase-4
2026-10-10T19:14:49+00:00,8,248,1,0.0,0.0,0.0,5.4,phase-4
2026-10-10T19:14:49+00:00,8,249,1,3.21,5.708,75.45,5.7,phase-4
2026-10-10T19:14:49+00:00,8,250,1,3.28,3.4,77.89,4.5,phase-4
2026-10-10T19:14:49+00:00,8,251,1,0.15,0.47,4.79,4.0,phase-4
2026-10-10T19:14:49+00:00,8,253,1,2.04,2.565,56.25,5.0,phase-4
2026-10-10T19:14:49+00:00,8,254,1,1.56,3.112,41.88,4.5,phase-4
2026-10-10T19:14:49+00:00,8,255,1,0.65,1.901,21.78,4.5,phase-4
2026-10-10T19:14:49+00:00,8,256,1,1.24,2.792,35.41,4.4,phase-4
2026-10-10T19:14:49+00:00,8,257,1,2.38,3.386,69.84,4.5,phase-4
2026-10-10T19:14:49+00:00,8,258,1,2.2,3.863,59.0,4.5,phase-4
2026-10-10T19:14:49+00:00,8,259,1,1.18,1.377,51.76,4.0,phase-4
2026-10-10T19:14:49+00:00,8,260,1,2.49,3.978,54.06,6.2,phase-4
2026-10-10T19:14:49+00:00,8,261,1,2.6,2.346,70.64,5.4,phase-4
2026-10-10T19:14:49+00:00,8,262,1,1.03,1.764,31.07,5.3,phase-4
2026-10-10T19:14:49+00:00,8,263,1,0.96,1.762,20.98,5.3,phase-4
2026-10-10T19:14:49+00:00,8,264,1,1.72,2.529,49.99,5.5,phase-4
2026-10-10T19:14:49+00:00,8,265,1,2.19,1.143,70.27,4.9,phase-4
2026-10-10T19:14:49+00:00,8,266,1,0.0,0.0,0.0,4.9,phase-4
2026-10-10T19:14:49+00:00,8,267,1,1.63,1.055,61.07,4.9,phase-4
2026-10-10T19:14:49+00:00,8,268,1,2.1,2.542,58.63,5.6,phase-4
2026-10-10T19:14:49+00:00,8,269,1,1.81,3.924,37.61,4.3,phase-4
2026-10-10T19:14:49+00:00,8,270,1,0.32,0.58,5.83,4.4,phase-4
2026-10-10T19:14:49+00:00,8,271,1,0.63,1.649,18.52,5.4,phase-4
2026-10-10T19:14:49+00:00,8,272,1,0.09,0.294,4.79,4.5,phase-4
2026-10-10T19:14:49+00:00,8,273,1,0.2,0.607,5.64,4.0,phase-4
2026-10-10T19:14:49+00:00,8,274,1,0.0,0.0,0.0,4.4,phase-4
2026-10-10T19:14:49+00:00,8,277,1,1.79,3.328,49.25,4.1,phase-4
2026-10-10T19:14:49+00:00,8,278,1,0.0,0.0,0.0,3.9,phase-4
2026-10-10T19:14:49+00:00,8,279,1,2.09,3.379,50.49,4.2,phase-4
2026-10-10T19:14:49+00:00,8,280,1,2.96,4.105,84.99,4.0,phase-4
2026-10-10T19:14:49+00:00,8,281,1,0.0,0.0,0.0,4.0,phase-4
2026-10-10T19:14:49+00:00,8,282,1,2.01,3.193,50.18,4.0,phase-4
2026-10-10T19:14:49+00:00,8,284,1,0.2,0.607,5.64,4.0,phase-4
2026-10-10T19:14:49+00:00,8,285,1,0.38,1.068,8.49,4.0,phase-4
2026-10-10T19:14:49+00:00,8,286,1,2.98,2.412,86.5,5.1,phase-4
2026-10-10T19:14:49+00:00,8,287,1,0.0,0.0,0.0,5.0,phase-4
2026-10-10T19:14:49+00:00,8,288,1,0.74,1.056,15.52,4.4,phase-4
2026-10-10T19:14:49+00:00,8,289,1,0.7,1.207,53.25,4.4,phase-4
2026-10-10T19:14:49+00:00,8,290,1,2.36,1.042,86.5,4.5,phase-4
2026-10-10T19:14:49+00:00,8,291,1,0.0,0.0,0.0,4.5,phase-4
2026-10-10T19:14:49+00:00,8,292,1,0.15,0.278,5.64,4.9,phase-4
2026-10-10T19:14:49+00:00,8,294,1,0.15,0.278,5.64,4.5,phase-4
2026-10-10T19:14:49+00:00,8,295,1,1.98,2.865,63.29,5.5,phase-4
2026-10-10T19:14:49+00:00,8,297,1,0.0,0.0,0.0,4.4,phase-4
2026-10-10T19:14:49+00:00,8,299,1,0.0,0.0,0.0,4.5,phase-4
2026-10-10T19:14:49+00:00,8,300,1,0.66,1.125,22.66,4.4,phase-4
2026-10-10T19:14:49+00:00,8,301,1,0.47,0.906,17.53,4.0,phase-4
2026-10-10T19:14:49+00:00,8,302,1,0.15,0.282,4.61,4.0,phase-4
2026-10-10T19:14:49+00:00,8,303,1,0.07,0.272,4.61,3.9,phase-4
2026-10-10T19:14:49+00:00,8,304,1,1.8,1.92,72.71,4.0,phase-4
2026-10-10T19:14:49+00:00,8,305,1,1.55,4.158,70.38,4.0,phase-4
2026-10-10T19:14:49+00:00,8,306,1,1.08,1.111,56.47,3.9,phase-4
2026-10-10T19:14:49+00:00,8,307,1,0.0,0.0,0.0,4.0,phase-4
2026-10-10T19:14:49+00:00,8,308,1,0.94,0.455,20.11,3.9,phase-4
2026-10-10T19:14:49+00:00,8,309,1,0.83,1.134,30.59,4.9,phase-4
2026-10-10T19:14:49+00:00,8,310,1,0.11,0.216,4.61,4.9,phase-4
2026-10-10T19:14:49+00:00,8,311,1,0.0,0.0,0.0,5.0,phase-4
2026-10-10T19:14:49+00:00,8,312,1,0.35,0.872,11.75,4.4,phase-4
2026-10-10T19:14:49+00:00,8,313,1,1.11,1.997,31.42,5.3,phase-4
2026-10-10T19:14:49+00:00,8,314,1,0.0,0.0,0.0,4.9,phase-4
2026-10-10T19:14:49+00:00,8,315,1,0.78,1.828,37.75,5.4,phase-4
2026-10-10T19:14:49+00:00,8,316,1,2.71,2.999,75.19,5.6,phase-4
2026-10-10T19:14:49+00:00,8,317,1,0.0,0.0,0.0,5.0,phase-4
2026-10-10T19:14:49+00:00,8,318,1,0.59,1.389,19.92,5.4,phase-4
2026-10-10T19:14:49+00:00,8,319,1,0.0,0.0,0.0,5.0,phase-4
2026-10-10T19:14:49+00:00,8,320,1,1.38,2.188,17.79,5.0,phase-4
2026-10-10T19:14:49+00:00,8,321,1,0.19,0.398,4.61,4.5,phase-4
2026-10-10T19:14:49+00:00,8,322,1,0.0,0.0,0.0,5.0,phase-4
2026-10-10T19:14:49+00:00,8,323,1,0.43,1.014,15.09,4.4,phase-4
2026-10-10T19:14:49+00:00,8,324,1,0.11,0.216,4.61,4.8,phase-4
2026-10-10T19:14:49+00:00,8,325,1,1.01,1.857,29.44,4.5,phase-4
2026-10-10T19:14:49+00:00,8,326,1,0.0,0.0,0.0,4.5,phase-4
2026-10-10T19:14:49+00:00,8,327,1,1.8,3.677,43.3,5.0,phase-4
2026-10-10T19:14:49+00:00,8,328,1,0.0,0.0,0.0,4.9,phase-4
2026-10-10T19:14:49+00:00,8,329,1,0.0,0.0,0.0,4.3,phase-4
2026-10-10T19:14:49+00:00,8,330,1,3.47,8.505,77.38,4.6,phase-4
2026-10-10T19:14:49+00:00,8,331,1,2.42,3.256,67.19,4.5,phase-4
2026-10-10T19:14:49+00:00,8,332,1,2.94,4.762,68.0,4.5,phase-4
2026-10-10T19:14:49+00:00,8,333,1,0.0,0.0,0.0,4.5,phase-4
2026-10-10T19:14:49+00:00,8,334,1,2.99,4.744,82.67,5.0,phase-4
2026-10-10T19:14:49+00:00,8,335,1,3.55,4.851,73.97,6.0,phase-4
2026-10-10T19:14:49+00:00,8,336,1,2.6,5.754,55.71,5.8,phase-4
2026-10-10T19:14:49+00:00,8,337,1,2.17,2.213,55.75,5.3,phase-4
2026-10-10T19:14:49+00:00,8,338,1,3.04,1.27,79.94,5.4,phase-4
2026-10-10T19:14:49+00:00,8,339,1,0.6,1.145,16.32,4.8,phase-4
2026-10-10T19:14:49+00:00,8,340,1,0.45,1.143,5.64,5.0,phase-4
2026-10-10T19:14:49+00:00,8,341,1,0.0,0.0,0.0,5.0,phase-4
2026-10-10T19:14:49+00:00,8,342,1,0.0,0.0,0.0,5.0,phase-4
2026-10-10T19:14:49+00:00,8,343,1,0.0,0.0,0.0,4.9,phase-4
2026-10-10T19:14:49+00:00,8,344,1,0.64,1.119,21.46,5.0,phase-4
2026-10-10T19:14:49+00:00,8,345,1,1.7,3.036,47.59,4.9,phase-4
2026-10-10T19:14:49+00:00,8,346,1,3.45,7.268,75.67,6.0,phase-4
2026-10-10T19:14:49+00:00,8,347,1,1.38,2.946,22.75,5.4,phase-4
2026-10-10T19:14:49+00:00,8,348,1,0.0,0.0,0.0,5.0,phase-4
2026-10-10T19:14:49+00:00,8,349,1,0.0,0.0,0.0,4.5,phase-4
2026-10-10T19:14:49+00:00,8,350,1,2.89,2.371,80.41,5.5,phase-4
2026-10-10T19:14:49+00:00,8,351,1,0.68,1.375,19.03,4.8,phase-4
2026-10-10T19:14:49+00:00,8,352,1,0.31,0.684,8.63,4.0,phase-4
2026-10-10T19:14:49+00:00,8,354,1,0.0,0.0,0.0,4.0,phase-4
2026-10-10T19:14:49+00:00,8,355,1,0.15,0.478,6.03,4.0,phase-4
2026-10-10T19:14:49+00:00,8,356,1,3.5,4.534,90.0,6.5,phase-4
2026-10-10T19:14:49+00:00,8,357,1,1.09,2.722,36.81,5.3,phase-4
2026-10-10T19:14:49+00:00,8,358,1,1.97,2.728,75.88,5.3,phase-4
2026-10-10T19:14:49+00:00,8,359,1,0.33,1.196,15.14,4.9,phase-4
2026-10-10T19:14:49+00:00,8,360,1,0.0,0.0,0.0,5.0,phase-4
2026-10-10T19:14:49+00:00,8,361,1,0.15,0.478,6.03,4.0,phase-4
2026-10-10T19:14:49+00:00,8,362,1,2.5,3.046,90.0,5.0,phase-4
2026-10-10T19:14:49+00:00,8,363,1,0.0,0.0,0.0,4.0,phase-4
2026-10-10T19:14:49+00:00,8,364,1,0.63,1.736,23.03,4.9,phase-4
2026-10-10T19:14:49+00:00,8,366,1,2.8,3.056,81.43,7.3,phase-4
2026-10-10T19:14:49+00:00,8,367,1,0.0,0.0,0.0,7.2,phase-4
2026-10-10T19:14:49+00:00,8,368,1,3.44,4.148,90.0,6.9,phase-4
2026-10-10T19:14:49+00:00,8,369,1,0.7,1.395,19.98,5.7,phase-4
2026-10-10T19:14:49+00:00,8,370,1,0.07,0.166,1.83,5.3,phase-4
2026-10-10T19:14:49+00:00,8,371,1,2.54,1.629,71.89,5.8,phase-4
2026-10-10T19:14:49+00:00,8,372,1,2.28,1.192,74.39,5.4,phase-4
2026-10-10T19:14:49+00:00,8,373,1,0.0,0.0,0.0,5.5,phase-4
2026-10-10T19:14:49+00:00,8,374,1,0.2,0.426,7.34,4.9,phase-4
2026-10-10T19:14:49+00:00,8,375,1,0.18,0.318,6.03,4.8,phase-4
2026-10-10T19:14:49+00:00,8,377,1,1.89,1.477,61.64,6.5,phase-4
2026-10-10T19:14:49+00:00,8,378,1,0.15,0.286,6.03,4.4,phase-4
2026-10-10T19:14:49+00:00,8,379,1,0.0,0.0,0.0,9.1,phase-4
2026-10-10T19:14:49+00:00,8,380,1,0.0,0.0,0.0,7.4,phase-4
2026-10-10T19:14:49+00:00,8,381,1,0.38,0.906,6.03,5.0,phase-4
2026-10-10T19:14:49+00:00,8,382,1,0.14,0.273,6.03,4.5,phase-4
2026-10-10T19:14:49+00:00,8,383,1,0.0,0.0,0.0,5.4,phase-4
2026-10-10T19:14:49+00:00,8,384,1,3.14,3.14,79.87,5.5,phase-4
2026-10-10T19:14:49+00:00,8,385,1,2.57,2.707,51.12,5.0,phase-4
2026-10-10T19:14:49+00:00,8,386,1,0.17,0.525,5.44,4.5,phase-4
2026-10-10T19:14:49+00:00,8,387,1,3.26,11.884,43.89,6.3,phase-4
2026-10-10T19:14:49+00:00,8,388,1,4.3,10.43,80.78,6.0,phase-4
2026-10-10T19:14:49+00:00,8,389,1,2.72,4.05,63.02,5.9,phase-4
2026-10-10T19:14:49+00:00,8,390,1,3.05,5.806,70.71,5.5,phase-4
2026-10-10T19:14:49+00:00,8,391,1,3.02,5.936,61.98,5.7,phase-4
2026-10-10T19:14:49+00:00,8,392,1,0.69,1.884,19.52,5.2,phase-4
2026-10-10T19:14:49+00:00,8,393,1,1.67,2.628,47.9,5.4,phase-4
2026-10-10T19:14:49+00:00,8,394,1,0.0,0.0,0.0,5.0,phase-4
2026-10-10T19:14:49+00:00,8,395,1,0.75,2.913,16.54,4.4,phase-4
2026-10-10T19:14:49+00:00,8,396,1,0.27,0.618,5.44,4.5,phase-4
2026-10-10T19:14:49+00:00,8,397,1,3.95,10.971,61.96,8.4,phase-4
2026-10-10T19:14:49+00:00,8,398,1,0.0,0.0,0.0,6.9,phase-4
2026-10-10T19:14:49+00:00,8,399,1,4.64,10.686,56.68,7.8,phase-4
2026-10-10T19:14:49+00:00,8,400,1,4.84,16.61,30.72,7.4,phase-4
2026-10-10T19:14:49+00:00,8,401,1,1.53,2.178,44.38,7.0,phase-4
2026-10-10T19:14:49+00:00,8,402,1,0.0,0.0,0.0,6.5,phase-4
2026-10-10T19:14:49+00:00,8,403,1,1.78,2.356,43.47,6.5,phase-4
2026-10-10T19:14:49+00:00,8,404,1,0.0,0.0,0.0,6.0,phase-4
2026-10-10T19:14:49+00:00,8,405,1,1.36,1.717,51.32,5.5,phase-4
2026-10-10T19:14:49+00:00,8,406,1,0.26,0.497,6.62,5.3,phase-4
2026-10-10T19:14:49+00:00,8,409,1,0.0,0.0,0.0,4.5,phase-4
2026-10-10T19:14:49+00:00,8,410,1,0.0,0.0,0.0,4.9,phase-4
2026-10-10T19:14:49+00:00,8,411,1,8.11,22.718,79.87,15.6,phase-4
2026-10-10T19:14:49+00:00,8,412,1,2.81,2.161,74.58,4.9,phase-4
2026-10-10T19:14:49+00:00,8,413,1,0.0,0.0,0.0,4.5,phase-4
2026-10-10T19:14:49+00:00,8,414,1,0.0,0.0,0.0,4.0,phase-4
2026-10-10T19:14:49+00:00,8,415,1,0.0,0.0,0.0,5.8,phase-4
2026-10-10T19:14:49+00:00,8,416,1,0.0,0.0,0.0,4.9,phase-4
2026-10-10T19:14:49+00:00,8,417,1,1.85,2.965,63.13,4.9,phase-4
2026-10-10T19:14:49+00:00,8,418,1,1.83,2.721,63.9,4.8,phase-4
2026-10-10T19:14:49+00:00,8,419,1,1.57,1.867,54.47,4.9,phase-4
2026-10-10T19:14:49+00:00,8,420,1,0.93,1.951,32.23,4.8,phase-4
2026-10-10T19:14:49+00:00,8,421,1,0.62,1.895,22.23,4.3,phase-4
2026-10-10T19:14:49+00:00,8,422,1,0.5,1.685,16.81,4.4,phase-4
2026-10-10T19:14:49+00:00,8,423,1,1.96,2.695,75.02,4.3,phase-4
2026-10-10T19:14:49+00:00,8,424,1,0.12,0.375,4.89,4.0,phase-4
2026-10-10T19:14:49+00:00,8,425,1,0.0,0.0,0.0,4.0,phase-4
2026-10-10T19:14:49+00:00,8,426,1,4.47,8.771,77.05,11.9,phase-4
2026-10-10T19:14:49+00:00,8,427,1,3.54,7.633,73.77,7.9,phase-4
2026-10-10T19:14:49+00:00,8,428,1,3.09,4.82,72.12,7.9,phase-4
2026-10-10T19:14:49+00:00,8,429,1,2.17,1.771,64.28,6.9,phase-4
2026-10-10T19:14:49+00:00,8,430,1,0.79,2.421,17.53,5.4,phase-4
2026-10-10T19:14:49+00:00,8,431,1,1.25,1.94,39.5,5.7,phase-4
2026-10-10T19:14:49+00:00,8,432,1,2.21,1.208,56.94,5.5,phase-4
2026-10-10T19:14:49+00:00,8,433,1,0.0,0.0,0.0,5.0,phase-4
2026-10-10T19:14:49+00:00,8,434,1,0.12,0.238,4.89,4.9,phase-4
2026-10-10T19:14:49+00:00,8,435,1,0.15,0.264,4.89,4.9,phase-4
2026-10-10T19:14:49+00:00,8,437,1,0.13,0.248,4.89,4.4,phase-4
2026-10-10T19:14:49+00:00,8,438,1,0.18,0.293,4.89,4.4,phase-4
2026-10-10T19:14:49+00:00,8,439,1,0.0,0.0,0.0,7.0,phase-4
2026-10-10T19:14:49+00:00,8,440,1,0.52,1.265,13.18,5.3,phase-4
2026-10-10T19:14:49+00:00,8,442,1,1.7,2.253,46.0,4.9,phase-4
2026-10-10T19:14:49+00:00,8,443,1,0.16,0.485,6.26,4.5,phase-4
2026-10-10T19:14:49+00:00,8,444,1,0.0,0.0,0.0,4.4,phase-4
2026-10-10T19:14:49+00:00,8,445,1,3.33,4.631,90.0,5.0,phase-4
2026-10-10T19:14:49+00:00,8,446,1,0.71,1.706,23.34,4.9,phase-4
2026-10-10T19:14:49+00:00,8,447,1,3.04,2.842,78.17,5.0,phase-4
2026-10-10T19:14:49+00:00,8,448,1,0.0,0.0,0.0,4.8,phase-4
2026-10-10T19:14:49+00:00,8,449,1,3.17,4.696,81.33,5.3,phase-4
2026-10-10T19:14:49+00:00,8,450,1,0.42,1.255,14.35,4.9,phase-4
2026-10-10T19:14:49+00:00,8,451,1,0.0,0.0,0.0,4.0,phase-4
2026-10-10T19:14:49+00:00,8,452,1,2.91,4.454,49.44,6.7,phase-4
2026-10-10T19:14:49+00:00,8,453,1,3.4,6.401,76.07,6.1,phase-4
2026-10-10T19:14:49+00:00,8,454,1,0.0,0.0,0.0,6.1,phase-4
2026-10-10T19:14:49+00:00,8,455,1,2.92,1.293,82.24,5.3,phase-4
2026-10-10T19:14:49+00:00,8,456,1,0.0,0.0,0.0,4.8,phase-4
2026-10-10T19:14:49+00:00,8,457,1,1.53,2.808,49.44,5.9,phase-4
2026-10-10T19:14:49+00:00,8,458,1,0.66,1.273,27.96,5.4,phase-4
2026-10-10T19:14:49+00:00,8,459,1,1.75,1.955,52.25,5.5,phase-4
2026-10-10T19:14:49+00:00,8,460,1,2.18,3.47,48.09,5.0,phase-4
2026-10-10T19:14:49+00:00,8,461,1,1.04,2.36,12.44,5.8,phase-4
2026-10-10T19:14:49+00:00,8,462,1,1.7,0.302,54.8,4.9,phase-4
2026-10-10T19:14:49+00:00,8,463,1,0.0,0.0,0.0,5.9,phase-4
2026-10-10T19:14:49+00:00,8,464,1,2.19,3.532,55.77,6.2,phase-4
2026-10-10T19:14:49+00:00,8,465,1,0.78,1.976,12.21,5.8,phase-4
2026-10-10T19:14:49+00:00,8,466,1,0.0,0.0,0.0,4.5,phase-4
2026-10-10T19:14:49+00:00,8,467,1,3.25,2.487,90.0,5.0,phase-4
2026-10-10T19:14:49+00:00,8,468,1,0.35,0.985,13.38,4.5,phase-4
2026-10-10T19:14:49+00:00,8,469,1,1.27,3.149,48.33,5.0,phase-4
2026-10-10T19:14:49+00:00,8,470,1,0.0,0.0,0.0,5.0,phase-4
2026-10-10T19:14:49+00:00,8,471,1,0.0,0.0,0.0,5.4,phase-4
2026-10-10T19:14:49+00:00,8,472,1,3.04,3.148,84.76,5.5,phase-4
2026-10-10T19:14:49+00:00,8,473,1,1.66,2.698,63.89,4.4,phase-4
2026-10-10T19:14:49+00:00,8,474,1,1.2,2.199,48.65,4.5,phase-4
2026-10-10T19:14:49+00:00,8,475,1,0.0,0.0,0.0,4.5,phase-4
2026-10-10T19:14:49+00:00,8,476,1,0.16,0.501,6.44,4.0,phase-4
2026-10-10T19:14:49+00:00,8,477,1,0.0,0.0,0.0,4.0,phase-4
2026-10-10T19:14:49+00:00,8,478,1,0.29,0.827,10.6,4.4,phase-4
2026-10-10T19:14:49+00:00,8,480,1,3.57,5.547,90.0,8.0,phase-4
2026-10-10T19:14:49+00:00,8,481,1,4.12,3.859,82.6,6.3,phase-4
2026-10-10T19:14:49+00:00,8,482,1,1.09,1.497,36.12,5.8,phase-4
2026-10-10T19:14:49+00:00,8,483,1,1.98,2.812,63.81,5.5,phase-4
2026-10-10T19:14:49+00:00,8,484,1,0.0,0.0,0.0,5.4,phase-4
2026-10-10T19:14:49+00:00,8,485,1,0.0,0.0,0.0,5.5,phase-4
2026-10-10T19:14:49+00:00,8,486,1,1.44,1.588,50.23,5.5,phase-4
2026-10-10T19:14:49+00:00,8,487,1,0.77,1.141,30.02,4.9,phase-4
2026-10-10T19:14:49+00:00,8,488,1,1.51,1.366,51.86,4.8,phase-4
2026-10-10T19:14:49+00:00,8,489,1,0.36,0.855,11.79,4.4,phase-4
2026-10-10T19:14:49+00:00,8,490,1,0.77,1.362,24.2,5.8,phase-4
2026-10-10T19:14:49+00:00,8,491,1,0.0,0.0,0.0,5.8,phase-4
2026-10-10T19:14:49+00:00,8,492,1,0.0,0.0,0.0,5.4,phase-4
2026-10-10T19:14:49+00:00,8,493,1,0.25,0.395,6.44,5.4,phase-4
2026-10-10T19:14:49+00:00,8,494,1,0.0,0.0,0.0,4.5,phase-4
2026-10-10T19:14:49+00:00,8,495,1,0.2,0.593,5.45,4.0,phase-4
2026-10-10T19:14:49+00:00,8,496,1,2.65,2.805,59.41,4.5,phase-4
2026-10-10T19:14:49+00:00,8,497,1,2.34,2.952,52.22,4.0,phase-4
2026-10-10T19:14:49+00:00,8,498,1,3.22,3.546,67.69,5.8,phase-4
2026-10-10T19:14:49+00:00,8,499,1,0.0,0.0,0.0,5.4,phase-4
2026-10-10T19:14:49+00:00,8,500,1,0.0,0.0,0.0,5.0,phase-4
2026-10-10T19:14:49+00:00,8,501,1,1.85,2.096,59.54,5.0,phase-4
2026-10-10T19:14:49+00:00,8,502,1,2.34,3.035,52.5,4.4,phase-4
2026-10-10T19:14:49+00:00,8,503,1,3.13,5.638,75.88,5.0,phase-4
2026-10-10T19:14:49+00:00,8,504,1,4.16,8.328,90.0,5.0,phase-4
2026-10-10T19:14:49+00:00,8,505,1,0.0,0.0,0.0,4.5,phase-4
2026-10-10T19:14:49+00:00,8,506,1,1.32,3.178,36.55,4.4,phase-4
2026-10-10T19:14:49+00:00,8,508,1,0.29,1.079,7.8,3.9,phase-4
2026-10-10T19:14:49+00:00,8,509,1,0.37,0.77,5.45,4.0,phase-4
2026-10-10T19:14:49+00:00,8,510,1,0.37,0.77,5.45,4.0,phase-4
2026-10-10T19:14:49+00:00,8,511,1,0.0,0.0,0.0,4.0,phase-4
2026-10-10T19:14:49+00:00,8,512,1,1.94,2.29,42.5,6.5,phase-4
2026-10-10T19:14:49+00:00,8,513,1,0.0,0.0,0.0,5.9,phase-4
2026-10-10T19:14:49+00:00,8,514,1,1.77,2.207,45.42,5.7,phase-4
2026-10-10T19:14:49+00:00,8,515,1,0.39,0.77,7.37,6.3,phase-4
2026-10-10T19:14:49+00:00,8,516,1,0.0,0.0,0.0,5.5,phase-4
2026-10-10T19:14:49+00:00,8,517,1,0.0,0.0,0.0,5.5,phase-4
2026-10-10T19:14:49+00:00,8,518,1,0.0,0.0,0.0,4.9,phase-4
2026-10-10T19:14:49+00:00,8,519,1,1.44,2.85,41.16,5.3,phase-4
2026-10-10T19:14:49+00:00,8,520,1,1.04,1.755,31.21,5.3,phase-4
2026-10-10T19:14:49+00:00,8,521,1,0.0,0.0,0.0,6.5,phase-4
2026-10-10T19:14:49+00:00,8,522,1,1.93,1.057,60.3,4.9,phase-4
2026-10-10T19:14:49+00:00,8,523,1,0.0,0.0,0.0,5.0,phase-4
2026-10-10T19:14:49+00:00,8,524,1,0.17,0.294,5.45,4.4,phase-4
2026-10-10T19:14:49+00:00,8,525,1,2.55,1.704,70.87,5.7,phase-4
2026-10-10T19:14:49+00:00,8,526,1,1.44,2.384,40.11,5.8,phase-4
2026-10-10T19:14:49+00:00,8,527,1,0.0,0.0,0.0,5.9,phase-4
2026-10-10T19:14:49+00:00,8,528,1,0.0,0.0,0.0,4.5,phase-4
2026-10-10T19:14:49+00:00,8,529,1,3.08,2.44,89.2,4.9,phase-4
2026-10-10T19:14:49+00:00,8,531,1,0.35,0.738,9.32,4.4,phase-4
2026-10-10T19:14:49+00:00,8,532,1,0.0,0.0,0.0,4.9,phase-4
2026-10-10T19:14:49+00:00,8,533,1,3.37,5.207,81.15,5.4,phase-4
2026-10-10T19:14:49+00:00,8,534,1,2.07,2.915,72.63,4.3,phase-4
2026-10-10T19:14:49+00:00,8,535,1,1.43,2.008,50.32,4.8,phase-4
2026-10-10T19:14:49+00:00,8,536,1,1.75,2.22,72.58,4.4,phase-4
2026-10-10T19:14:49+00:00,8,537,1,0.0,0.0,0.0,4.5,phase-4
2026-10-10T19:14:49+00:00,8,539,1,0.3,1.333,18.43,3.9,phase-4
2026-10-10T19:14:49+00:00,8,540,1,0.0,0.0,0.0,4.0,phase-4
2026-10-10T19:14:49+00:00,8,541,1,1.9,3.87,69.19,4.5,phase-4
2026-10-10T19:14:49+00:00,8,542,1,3.72,5.75,87.3,5.7,phase-4
2026-10-10T19:14:49+00:00,8,543,1,0.0,0.0,0.0,5.3,phase-4
2026-10-10T19:14:49+00:00,8,544,1,3.35,1.971,86.35,5.5,phase-4
2026-10-10T19:14:49+00:00,8,545,1,2.41,1.27,87.3,4.9,phase-4
2026-10-10T19:14:49+00:00,8,546,1,0.0,0.0,0.0,4.9,phase-4
2026-10-10T19:14:49+00:00,8,547,1,0.0,0.0,0.0,4.8,phase-4
2026-10-10T19:14:49+00:00,8,548,1,0.55,0.922,19.07,4.9,phase-4
2026-10-10T19:14:49+00:00,8,549,1,1.05,1.66,29.66,5.3,phase-4
2026-10-10T19:14:49+00:00,8,550,1,0.21,0.384,6.89,4.9,phase-4
2026-10-10T19:14:49+00:00,8,551,1,1.46,1.903,51.77,5.0,phase-4
2026-10-10T19:14:49+00:00,8,552,1,0.0,0.0,0.0,5.7,phase-4
2026-10-10T19:14:49+00:00,8,553,1,2.22,3.001,39.25,5.5,phase-4
2026-10-10T19:14:49+00:00,8,555,1,0.06,0.317,6.27,4.0,phase-4
2026-10-10T19:14:49+00:00,8,556,1,0.0,0.0,0.0,4.0,phase-4
2026-10-10T19:14:49+00:00,8,557,1,0.0,0.0,0.0,6.3,phase-4
2026-10-10T19:14:49+00:00,8,558,1,2.04,0.653,84.69,5.0,phase-4
2026-10-10T19:14:49+00:00,8,559,1,0.32,0.52,6.72,4.9,phase-4
2026-10-10T19:14:49+00:00,8,560,1,0.15,0.471,5.02,4.4,phase-4
2026-10-10T19:14:49+00:00,8,561,1,0.15,0.471,5.02,4.5,phase-4
2026-10-10T19:14:49+00:00,8,562,1,1.83,1.506,60.66,5.3,phase-4
2026-10-10T19:14:49+00:00,8,563,1,0.6,0.882,21.51,4.9,phase-4
2026-10-10T19:14:49+00:00,8,564,1,1.75,1.05,60.66,4.5,phase-4
2026-10-10T19:14:49+00:00,8,565,1,2.01,1.935,61.89,5.6,phase-4
2026-10-10T19:14:49+00:00,8,566,1,3.31,7.682,90.0,5.0,phase-4
2026-10-10T19:14:49+00:00,8,567,1,2.7,2.563,90.0,5.0,phase-4
2026-10-10T19:14:49+00:00,8,568,1,0.67,1.415,22.97,5.4,phase-4
2026-10-10T19:14:49+00:00,8,569,1,2.44,2.544,78.05,6.1,phase-4
2026-10-10T19:14:49+00:00,8,570,1,1.41,2.661,45.23,5.4,phase-4
2026-10-10T19:14:49+00:00,8,571,1,0.99,1.332,36.53,4.8,phase-4
2026-10-10T19:14:49+00:00,8,572,1,3.76,4.229,86.5,4.7,phase-4
2026-10-10T19:14:49+00:00,8,573,1,0.26,0.706,6.9,4.4,phase-4
2026-10-10T19:14:49+00:00,8,574,1,0.28,0.403,5.64,4.9,phase-4
2026-10-10T19:14:49+00:00,8,575,1,1.8,0.457,69.56,4.8,phase-4
2026-10-10T19:14:49+00:00,8,576,1,1.65,0.947,69.12,5.0,phase-4
2026-10-10T19:14:49+00:00,8,577,1,0.0,0.0,0.0,4.4,phase-4
2026-10-10T19:14:49+00:00,8,578,1,0.0,0.0,0.0,5.3,phase-4
2026-10-10T19:14:49+00:00,8,579,1,1.97,2.19,66.07,5.4,phase-4
2026-10-10T19:14:49+00:00,8,580,1,2.02,0.76,62.97,5.0,phase-4
2026-10-10T19:14:49+00:00,8,581,1,1.16,2.661,42.71,5.4,phase-4
2026-10-10T19:14:49+00:00,8,582,1,0.09,0.18,3.88,5.4,phase-4
2026-10-10T19:14:49+00:00,8,583,1,1.74,1.765,43.99,4.9,phase-4
2026-10-10T19:14:49+00:00,8,584,1,2.0,1.245,61.93,5.3,phase-4
2026-10-10T19:14:49+00:00,8,585,1,1.56,1.358,36.95,4.0,phase-4
2026-10-10T19:14:49+00:00,8,586,1,3.17,5.295,69.12,4.1,phase-4
2026-10-10T19:14:49+00:00,8,587,1,0.17,0.525,5.44,5.0,phase-4
2026-10-10T19:14:49+00:00,8,588,1,1.06,2.8,82.5,5.0,phase-4
2026-10-10T19:14:49+00:00,8,589,1,0.93,0.872,30.93,5.0,phase-4
2026-10-10T19:14:49+00:00,8,590,1,0.16,0.501,6.44,4.5,phase-4
2026-10-10T19:14:49+00:00,8,591,1,2.38,3.058,75.19,5.5,phase-4
2026-10-10T19:14:49+00:00,8,592,1,1.17,0.977,40.38,4.0,phase-4
2026-10-10T19:14:49+00:00,8,593,1,1.11,2.643,40.69,4.5,phase-4
2026-10-10T19:14:49+00:00,8,594,1,0.3,1.921,5.74,5.9,phase-4
2026-10-10T19:14:49+00:00,8,595,1,0.2,0.43,6.98,4.9,phase-4
2026-10-10T19:14:49+00:00,8,596,1,0.56,1.527,25.75,4.5,phase-4
2026-10-10T19:14:49+00:00,8,597,1,2.48,1.747,79.45,5.0,phase-4
2026-10-10T19:14:49+00:00,8,598,1,2.55,3.527,66.69,4.5,phase-4
2026-10-10T19:14:49+00:00,8,599,1,0.23,0.523,7.88,5.0,phase-4
2026-10-10T19:14:49+00:00,8,600,1,0.54,1.306,9.12,5.0,phase-4
2026-10-10T19:14:49+00:00,8,601,1,0.15,0.27,5.45,4.5,phase-4
2026-10-10T19:14:49+00:00,8,603,1,0.16,0.497,5.07,4.0,phase-4
2026-10-10T19:14:49+00:00,8,604,1,0.13,0.249,5.07,4.5,phase-4
2026-10-10T19:14:49+00:00,8,605,1,4.38,10.382,58.85,4.5,phase-4
2026-10-10T19:14:49+00:00,8,606,1,0.1,0.346,5.18,4.0,phase-4
2026-10-10T19:14:49+00:00,8,608,1,0.42,0.863,6.9,5.0,phase-4
2026-10-10T19:14:49+00:00,8,611,1,1.39,1.593,49.73,4.5,phase-4
2026-10-10T19:14:49+00:00,8,612,1,0.45,1.704,24.08,4.5,phase-4
2026-10-10T19:14:49+00:00,8,613,1,0.14,0.268,5.66,4.5,phase-4
2026-10-10T19:14:49+00:00,8,614,1,2.88,16.103,5.74,4.5,phase-4
2026-10-10T19:14:49+00:00,8,615,1,0.22,0.67,6.9,4.5,phase-4
2026-10-10T19:14:49+00:00,8,616,1,0.26,0.511,5.44,5.5,phase-4
2026-10-10T19:14:49+00:00,8,617,1,1.47,3.007,16.14,5.0,phase-4
2026-10-10T19:14:49+00:00,8,618,1,0.0,0.0,0.0,5.9,phase-4
2026-10-10T19:14:49+00:00,8,619,1,1.58,0.547,50.52,5.0,phase-4
2026-10-10T19:14:49+00:00,8,620,1,2.17,3.515,48.59,4.5,phase-4
2026-10-10T19:14:49+00:00,8,621,1,0.42,1.271,5.44,4.4,phase-4
2026-10-10T19:14:49+00:00,8,622,1,0.27,0.618,5.44,4.0,phase-4
2026-10-10T19:14:49+00:00,8,623,1,0.43,1.099,10.87,4.0,phase-4
2026-10-10T19:14:49+00:00,8,625,1,0.16,0.497,5.07,4.0,phase-4
2026-10-10T19:14:49+00:00,8,626,1,0.12,0.236,4.79,4.4,phase-4
2026-10-10T19:14:49+00:00,8,627,1,1.16,1.594,40.3,8.0,phase-4
2026-10-10T19:14:49+00:00,8,628,1,0.14,0.265,5.44,6.0,phase-4
2026-10-10T19:14:49+00:00,8,629,1,0.16,0.497,5.07,4.0,phase-4
2026-10-10T19:14:49+00:00,8,630,1,0.92,1.796,44.47,4.5,phase-4
2026-10-10T19:14:49+00:00,8,631,1,0.65,1.338,12.14,6.0,phase-4
2026-10-10T19:14:49+00:00,8,632,1,0.0,0.0,0.0,5.0,phase-4
2026-10-10T19:14:49+00:00,8,633,1,0.24,0.981,23.95,4.5,phase-4
2026-10-10T19:14:49+00:00,8,634,1,1.02,1.199,41.51,6.0,phase-4
2026-10-10T19:14:49+00:00,8,635,1,0.43,1.122,7.62,5.0,phase-4
2026-10-10T19:14:49+00:00,8,636,1,-0.13,0.236,4.79,5.0,phase-4
2026-10-10T19:14:49+00:00,8,637,1,0.22,0.357,5.64,5.0,phase-4
2026-10-10T19:14:49+00:00,8,638,1,0.12,1.075,7.62,4.0,phase-4
2026-10-10T19:14:49+00:00,8,639,1,2.26,3.992,45.4,5.5,phase-4
2026-10-10T19:14:49+00:00,8,640,1,1.48,3.583,30.82,5.5,phase-4
2026-10-10T19:14:49+00:00,8,641,1,0.17,0.5,5.07,4.5,phase-4
2026-10-10T19:14:49+00:00,8,642,1,0.99,1.562,26.67,5.5,phase-4
2026-10-10T19:14:49+00:00,8,643,1,0.31,1.373,7.87,4.5,phase-4
2026-10-10T19:14:49+00:00,8,644,1,1.79,0.846,63.11,5.0,phase-4
2026-10-10T19:14:49+00:00,8,645,1,0.15,0.278,5.64,5.0,phase-4
2026-10-10T19:14:49+00:00,8,646,1,1.3,0.852,24.67,5.5,phase-4
2026-10-10T19:14:49+00:00,8,647,1,0.26,0.404,6.27,5.5,phase-4
2026-10-10T19:14:49+00:00,8,648,1,0.26,0.374,5.07,5.0,phase-4
2026-10-10T19:14:49+00:00,8,649,1,1.45,2.216,43.53,4.5,phase-4
2026-10-10T19:14:49+00:00,8,650,1,1.93,2.702,51.4,4.5,phase-4
2026-10-10T19:14:49+00:00,8,651,1,0.21,0.339,5.66,4.5,phase-4
2026-10-10T19:14:49+00:00,8,652,1,0.0,0.0,0.0,5.5,phase-4
2026-10-10T19:14:49+00:00,8,653,1,0.14,0.265,5.44,4.5,phase-4
2026-10-10T19:14:49+00:00,8,654,1,0.15,0.283,6.04,4.5,phase-4
2026-10-10T19:14:49+00:00,8,655,1,0.17,0.321,6.6,5.5,phase-4
2026-10-10T19:14:49+00:00,8,656,1,1.15,2.502,25.2,4.0,phase-4
2026-10-10T19:14:49+00:00,8,657,1,0.13,0.237,4.71,4.5,phase-4
2026-10-10T19:14:49+00:00,8,658,1,0.15,0.283,5.74,4.5,phase-4
2026-10-10T19:14:49+00:00,8,659,1,0.15,0.295,6.26,4.5,phase-4
2026-10-10T19:14:49+00:00,8,660,1,0.18,0.539,4.71,4.0,phase-4
2026-10-10T19:14:49+00:00,8,661,1,0.18,0.539,4.71,4.0,phase-4
2026-10-10T19:14:49+00:00,8,662,1,0.23,0.349,5.02,4.5,phase-4
2026-10-10T19:14:49+00:00,8,663,1,0.16,0.485,6.26,4.0,phase-4
2026-10-10T19:14:49+00:00,8,664,1,0.14,0.282,6.26,4.5,phase-4
2026-10-10T19:14:49+00:00,8,665,1,0.15,0.295,6.26,4.5,phase-4
2026-10-10T19:14:49+00:00,8,666,1,0.15,0.295,6.26,4.5,phase-4
2026-10-10T19:14:49+00:00,8,667,1,0.1,0.346,5.18,4.0,phase-4
2026-10-10T19:14:49+00:00,9,1,2,4.14,4.211,81.07,6.1,phase-4
2026-10-10T19:14:49+00:00,9,2,2,0.3,0.857,6.13,4.9,phase-4
2026-10-10T19:14:49+00:00,9,3,2,0.23,0.708,5.04,4.9,phase-4
2026-10-10T19:14:49+00:00,9,4,2,4.44,7.008,75.14,8.0,phase-4
2026-10-10T19:14:49+00:00,9,5,2,2.63,4.768,48.54,6.5,phase-4
2026-10-10T19:14:49+00:00,9,6,2,0.0,0.0,0.0,5.9,phase-4
2026-10-10T19:14:49+00:00,9,7,2,1.32,1.825,40.13,5.4,phase-4
2026-10-10T19:14:49+00:00,9,8,2,3.97,7.874,67.64,5.9,phase-4
2026-10-10T19:14:49+00:00,9,9,2,1.54,3.433,30.72,5.2,phase-4
2026-10-10T19:14:49+00:00,9,10,2,2.42,5.039,44.47,5.4,phase-4
2026-10-10T19:14:49+00:00,9,11,2,1.43,3.312,29.18,5.3,phase-4
2026-10-10T19:14:49+00:00,9,12,2,4.97,11.589,70.9,9.6,phase-4
2026-10-10T19:14:49+00:00,9,13,2,3.68,3.363,79.37,7.4,phase-4
2026-10-10T19:14:49+00:00,9,14,2,1.8,3.144,36.0,6.2,phase-4
2026-10-10T19:14:49+00:00,9,15,2,3.39,6.486,59.92,6.8,phase-4
2026-10-10T19:14:49+00:00,9,16,2,1.4,3.18,28.33,6.2,phase-4
2026-10-10T19:14:49+00:00,9,17,2,1.2,2.839,22.55,5.7,phase-4
2026-10-10T19:14:49+00:00,9,18,2,0.0,0.0,0.0,6.3,phase-4
2026-10-10T19:14:49+00:00,9,19,2,2.3,2.768,50.73,5.3,phase-4
2026-10-10T19:14:49+00:00,9,20,2,0.37,0.846,6.13,5.3,phase-4
2026-10-10T19:14:49+00:00,9,21,2,0.11,0.198,3.68,4.8,phase-4
2026-10-10T19:14:49+00:00,9,22,2,0.0,0.0,0.0,5.4,phase-4
2026-10-10T19:14:49+00:00,9,24,2,0.0,0.0,0.0,5.5,phase-4
2026-10-10T19:14:49+00:00,9,25,2,2.05,4.333,38.65,7.1,phase-4
2026-10-10T19:14:49+00:00,9,26,2,2.1,4.078,50.65,7.6,phase-4
2026-10-10T19:14:49+00:00,9,27,2,0.0,0.0,0.0,5.9,phase-4
2026-10-10T19:14:49+00:00,9,28,2,3.43,3.479,72.05,5.0,phase-4
2026-10-10T19:14:49+00:00,9,29,2,0.64,1.236,17.97,4.5,phase-4
2026-10-10T19:14:49+00:00,9,30,2,0.0,0.0,0.0,4.5,phase-4
2026-10-10T19:14:49+00:00,9,31,2,3.5,4.783,69.26,4.6,phase-4
2026-10-10T19:14:49+00:00,9,32,2,1.78,3.12,71.2,4.4,phase-4
2026-10-10T19:14:49+00:00,9,33,2,1.54,1.662,49.9,4.5,phase-4
2026-10-10T19:14:49+00:00,9,34,2,1.1,2.375,43.55,4.4,phase-4
2026-10-10T19:14:49+00:00,9,35,2,0.39,0.76,17.78,4.9,phase-4
2026-10-10T19:14:49+00:00,9,36,2,0.0,0.0,0.0,4.4,phase-4
2026-10-10T19:14:49+00:00,9,37,2,1.85,2.365,60.71,4.5,phase-4
2026-10-10T19:14:49+00:00,9,38,2,0.16,0.485,6.3,4.0,phase-4
2026-10-10T19:14:49+00:00,9,39,2,0.0,0.0,0.0,4.0,phase-4
2026-10-10T19:14:49+00:00,9,40,2,5.46,13.84,80.89,7.8,phase-4
2026-10-10T19:14:49+00:00,9,41,2,2.71,4.718,67.57,5.9,phase-4
2026-10-10T19:14:49+00:00,9,42,2,0.91,1.697,22.99,5.4,phase-4
2026-10-10T19:14:49+00:00,9,43,2,2.8,2.879,65.03,5.8,phase-4
2026-10-10T19:14:49+00:00,9,44,2,0.0,0.0,0.0,5.4,phase-4
2026-10-10T19:14:49+00:00,9,45,2,2.73,4.383,75.5,5.4,phase-4
2026-10-10T19:14:49+00:00,9,46,2,1.56,2.848,40.17,5.0,phase-4
2026-10-10T19:14:49+00:00,9,47,2,2.11,1.063,65.92,5.0,phase-4
2026-10-10T19:14:49+00:00,9,48,2,0.0,0.0,0.0,4.9,phase-4
2026-10-10T19:14:49+00:00,9,50,2,0.14,0.256,5.18,4.5,phase-4
2026-10-10T19:14:49+00:00,9,51,2,0.59,0.94,22.19,4.5,phase-4
2026-10-10T19:14:49+00:00,9,52,2,0.33,0.913,8.58,5.0,phase-4
2026-10-10T19:14:49+00:00,9,53,2,1.88,3.462,37.66,5.9,phase-4
2026-10-10T19:14:49+00:00,9,54,2,1.65,0.658,62.98,5.5,phase-4
2026-10-10T19:14:49+00:00,9,55,2,0.0,0.0,0.0,7.8,phase-4
2026-10-10T19:14:49+00:00,9,56,2,0.44,1.072,10.5,5.5,phase-4
2026-10-10T19:14:49+00:00,9,57,2,3.02,2.112,90.0,4.5,phase-4
2026-10-10T19:14:49+00:00,9,58,2,0.15,0.488,6.9,4.0,phase-4
2026-10-10T19:14:49+00:00,9,60,2,3.32,2.931,90.0,5.5,phase-4
2026-10-10T19:14:49+00:00,9,61,2,2.88,3.598,90.0,5.4,phase-4
2026-10-10T19:14:49+00:00,9,62,2,0.66,1.687,29.21,4.9,phase-4
2026-10-10T19:14:49+00:00,9,63,2,0.0,0.0,0.0,4.9,phase-4
2026-10-10T19:14:49+00:00,9,64,2,1.56,2.197,80.51,4.5,phase-4
2026-10-10T19:14:49+00:00,9,65,2,0.0,0.0,0.0,4.4,phase-4
2026-10-10T19:14:49+00:00,9,66,2,0.25,0.582,6.9,4.0,phase-4
2026-10-10T19:14:49+00:00,9,67,2,3.35,6.453,83.24,6.3,phase-4
2026-10-10T19:14:49+00:00,9,68,2,4.07,7.622,90.0,6.1,phase-4
2026-10-10T19:14:49+00:00,9,69,2,0.0,0.0,0.0,6.1,phase-4
2026-10-10T19:14:49+00:00,9,70,2,0.0,0.0,0.0,5.9,phase-4
2026-10-10T19:14:49+00:00,9,71,2,1.12,0.962,40.92,5.0,phase-4
2026-10-10T19:14:49+00:00,9,72,2,0.52,1.145,8.75,4.9,phase-4
2026-10-10T19:14:49+00:00,9,73,2,2.66,1.208,79.51,5.0,phase-4
2026-10-10T19:14:49+00:00,9,74,2,0.85,1.611,35.27,5.0,phase-4
2026-10-10T19:14:49+00:00,9,75,2,1.59,3.473,40.51,5.0,phase-4
2026-10-10T19:14:49+00:00,9,76,2,0.31,0.553,9.88,4.9,phase-4
2026-10-10T19:14:49+00:00,9,77,2,0.0,0.0,0.0,4.9,phase-4
2026-10-10T19:14:49+00:00,9,78,2,0.0,0.0,0.0,7.4,phase-4
2026-10-10T19:14:49+00:00,9,79,2,3.27,4.655,90.0,6.0,phase-4
2026-10-10T19:14:49+00:00,9,80,2,0.0,0.0,0.0,5.5,phase-4
2026-10-10T19:14:49+00:00,9,81,2,0.33,0.62,7.68,6.0,phase-4
2026-10-10T19:14:49+00:00,9,82,2,3.39,3.52,75.77,5.0,phase-4
2026-10-10T19:14:49+00:00,9,83,2,0.2,0.571,5.73,4.5,phase-4
2026-10-10T19:14:49+00:00,9,84,2,0.0,0.0,0.0,5.4,phase-4
2026-10-10T19:14:49+00:00,9,85,2,1.48,2.755,39.53,4.9,phase-4
2026-10-10T19:14:49+00:00,9,86,2,2.6,3.479,63.89,5.5,phase-4
2026-10-10T19:14:49+00:00,9,87,2,2.47,3.616,62.31,4.5,phase-4
2026-10-10T19:14:49+00:00,9,88,2,2.77,5.182,71.44,4.6,phase-4
2026-10-10T19:14:49+00:00,9,89,2,0.65,1.783,19.09,4.4,phase-4
2026-10-10T19:14:49+00:00,9,90,2,1.01,2.0,25.15,4.5,phase-4
2026-10-10T19:14:49+00:00,9,91,2,1.32,3.008,37.37,4.5,phase-4
2026-10-10T19:14:49+00:00,9,92,2,0.15,0.473,4.71,4.4,phase-4
2026-10-10T19:14:49+00:00,9,93,2,1.61,2.976,38.66,4.5,phase-4
2026-10-10T19:14:49+00:00,9,94,2,2.34,4.95,53.85,6.2,phase-4
2026-10-10T19:14:49+00:00,9,95,2,2.17,3.059,48.33,6.3,phase-4
2026-10-10T19:14:49+00:00,9,96,2,1.64,2.453,38.59,5.4,phase-4
2026-10-10T19:14:49+00:00,9,97,2,1.58,2.642,39.03,5.4,phase-4
2026-10-10T19:14:49+00:00,9,98,2,2.04,1.877,58.36,5.0,phase-4
2026-10-10T19:14:49+00:00,9,99,2,0.0,0.0,0.0,5.0,phase-4
2026-10-10T19:14:49+00:00,9,100,2,1.83,8.155,5.73,5.0,phase-4
2026-10-10T19:14:49+00:00,9,101,2,1.75,2.459,44.26,4.9,phase-4
2026-10-10T19:14:49+00:00,9,102,2,1.98,1.458,57.24,4.8,phase-4
2026-10-10T19:14:49+00:00,9,103,2,0.0,0.0,0.0,4.9,phase-4
2026-10-10T19:14:49+00:00,9,104,2,1.57,2.736,37.72,4.9,phase-4
2026-10-10T19:14:49+00:00,9,105,2,2.85,5.217,63.16,5.9,phase-4
2026-10-10T19:14:49+00:00,9,106,2,3.22,6.876,75.77,7.8,phase-4
2026-10-10T19:14:49+00:00,9,107,2,0.0,0.0,0.0,4.5,phase-4
2026-10-10T19:14:49+00:00,9,108,2,0.88,2.288,19.08,5.4,phase-4
2026-10-10T19:14:49+00:00,9,109,2,3.83,3.893,90.0,4.5,phase-4
2026-10-10T19:14:49+00:00,9,110,2,3.23,3.601,90.0,4.5,phase-4
2026-10-10T19:14:49+00:00,9,111,2,0.2,0.593,5.74,4.0,phase-4
2026-10-10T19:14:49+00:00,9,112,2,2.18,3.146,86.81,4.9,phase-4
2026-10-10T19:14:49+00:00,9,113,2,2.97,4.437,84.2,4.4,phase-4
2026-10-10T19:14:49+00:00,9,114,2,2.42,3.597,62.06,4.5,phase-4
2026-10-10T19:14:49+00:00,9,115,2,3.94,10.173,71.29,5.0,phase-4
2026-10-10T19:14:49+00:00,9,116,2,2.7,3.67,76.02,4.5,phase-4
2026-10-10T19:14:49+00:00,9,117,2,0.21,0.842,8.21,4.5,phase-4
2026-10-10T19:14:49+00:00,9,118,2,0.0,0.0,0.0,4.5,phase-4
2026-10-10T19:14:49+00:00,9,119,2,1.03,1.59,20.53,4.5,phase-4
2026-10-10T19:14:49+00:00,9,120,2,0.29,0.687,5.74,5.0,phase-4
2026-10-10T19:14:49+00:00,9,121,2,0.0,0.0,0.0,5.9,phase-4
2026-10-10T19:14:49+00:00,9,122,2,0.0,0.0,0.0,5.8,phase-4
2026-10-10T19:14:49+00:00,9,123,2,1.82,6.865,18.61,5.9,phase-4
2026-10-10T19:14:49+00:00,9,124,2,3.6,6.247,74.04,5.9,phase-4
2026-10-10T19:14:49+00:00,9,125,2,1.86,3.436,41.12,5.3,phase-4
2026-10-10T19:14:49+00:00,9,126,2,0.9,3.603,8.21,5.4,phase-4
2026-10-10T19:14:49+00:00,9,127,2,3.54,5.226,81.76,5.0,phase-4
2026-10-10T19:14:49+00:00,9,128,2,0.0,0.0,0.0,5.0,phase-4
2026-10-10T19:14:49+00:00,9,129,2,2.78,3.788,70.69,5.4,phase-4
2026-10-10T19:14:49+00:00,9,130,2,0.0,0.0,0.0,4.9,phase-4
2026-10-10T19:14:49+00:00,9,131,2,0.96,1.816,29.11,4.9,phase-4
2026-10-10T19:14:49+00:00,9,132,2,0.0,0.0,0.0,4.5,phase-4
2026-10-10T19:14:49+00:00,9,133,2,0.0,0.0,0.0,5.0,phase-4
2026-10-10T19:14:49+00:00,9,134,2,0.25,0.376,5.74,4.4,phase-4
2026-10-10T19:14:49+00:00,9,135,2,0.0,0.0,0.0,4.8,phase-4
2026-10-10T19:14:49+00:00,9,136,2,2.11,4.868,42.07,5.9,phase-4
2026-10-10T19:14:49+00:00,9,137,2,0.0,0.0,0.0,5.4,phase-4
2026-10-10T19:14:49+00:00,9,138,2,1.94,3.741,45.46,5.6,phase-4
2026-10-10T19:14:49+00:00,9,139,2,0.0,0.0,0.0,5.0,phase-4
2026-10-10T19:14:49+00:00,9,140,2,0.0,0.0,0.0,4.9,phase-4
2026-10-10T19:14:49+00:00,9,141,2,0.0,0.0,0.0,5.0,phase-4
2026-10-10T19:14:49+00:00,9,142,2,2.17,5.531,39.49,5.3,phase-4
2026-10-10T19:14:49+00:00,9,143,2,0.0,0.0,0.0,5.5,phase-4
2026-10-10T19:14:49+00:00,9,144,2,2.59,4.628,57.37,4.9,phase-4
2026-10-10T19:14:49+00:00,9,145,2,2.2,3.808,52.34,5.0,phase-4
2026-10-10T19:14:49+00:00,9,146,2,0.0,0.0,0.0,4.5,phase-4
2026-10-10T19:14:49+00:00,9,147,2,0.39,0.808,14.84,4.4,phase-4
2026-10-10T19:14:49+00:00,9,148,2,1.51,3.521,41.7,4.5,phase-4
2026-10-10T19:14:49+00:00,9,149,2,1.45,3.073,39.47,4.8,phase-4
2026-10-10T19:14:49+00:00,9,150,2,0.0,0.0,0.0,4.5,phase-4
2026-10-10T19:14:49+00:00,9,151,2,1.51,3.299,36.04,4.5,phase-4
2026-10-10T19:14:49+00:00,9,152,2,0.19,0.564,5.02,5.3,phase-4
2026-10-10T19:14:49+00:00,9,153,2,0.0,0.0,0.0,4.5,phase-4
2026-10-10T19:14:49+00:00,9,154,2,4.75,12.193,69.9,9.7,phase-4
2026-10-10T19:14:49+00:00,9,155,2,3.04,5.497,70.77,6.9,phase-4
2026-10-10T19:14:49+00:00,9,156,2,3.84,7.58,70.35,6.5,phase-4
2026-10-10T19:14:49+00:00,9,157,2,1.09,3.083,18.02,6.3,phase-4
2026-10-10T19:14:49+00:00,9,158,2,0.0,0.0,0.0,5.8,phase-4
2026-10-10T19:14:49+00:00,9,159,2,1.65,1.864,49.76,5.3,phase-4
2026-10-10T19:14:49+00:00,9,160,2,0.7,1.253,22.53,5.8,phase-4
2026-10-10T19:14:49+00:00,9,161,2,1.29,2.974,33.04,5.0,phase-4
2026-10-10T19:14:49+00:00,9,162,2,0.84,1.511,25.22,4.8,phase-4
2026-10-10T19:14:49+00:00,9,163,2,0.0,0.0,0.0,4.5,phase-4
2026-10-10T19:14:49+00:00,9,164,2,0.19,0.458,5.39,5.3,phase-4
2026-10-10T19:14:49+00:00,9,165,2,5.79,13.824,71.2,7.7,phase-4
2026-10-10T19:14:49+00:00,9,166,2,2.08,2.193,78.06,6.5,phase-4
2026-10-10T19:14:49+00:00,9,167,2,1.54,2.114,51.08,5.6,phase-4
2026-10-10T19:14:49+00:00,9,168,2,0.0,0.0,0.0,5.0,phase-4
2026-10-10T19:14:49+00:00,9,169,2,0.22,0.34,5.02,4.5,phase-4
2026-10-10T19:14:49+00:00,9,170,2,0.0,0.0,0.0,4.9,phase-4
2026-10-10T19:14:49+00:00,9,172,2,0.22,0.663,6.6,4.4,phase-4
2026-10-10T19:14:49+00:00,9,173,2,3.49,5.202,90.0,4.0,phase-4
2026-10-10T19:14:49+00:00,9,175,2,1.96,3.669,65.11,4.0,phase-4
2026-10-10T19:14:49+00:00,9,176,2,3.36,5.214,90.0,4.0,phase-4
2026-10-10T19:14:49+00:00,9,177,2,0.11,0.34,3.31,3.9,phase-4
2026-10-10T19:14:49+00:00,9,178,2,0.22,0.663,6.6,4.0,phase-4
2026-10-10T19:14:49+00:00,9,179,2,0.56,0.897,6.6,4.0,phase-4
2026-10-10T19:14:49+00:00,9,180,2,0.0,0.0,0.0,3.9,phase-4
2026-10-10T19:14:49+00:00,9,182,2,0.0,0.0,0.0,4.0,phase-4
2026-10-10T19:14:49+00:00,9,183,2,3.14,3.69,80.97,4.9,phase-4
2026-10-10T19:14:49+00:00,9,184,2,1.61,0.95,50.48,4.9,phase-4
2026-10-10T19:14:49+00:00,9,185,2,0.34,0.705,8.14,4.8,phase-4
2026-10-10T19:14:49+00:00,9,186,2,2.57,2.064,80.97,5.3,phase-4
2026-10-10T19:14:49+00:00,9,187,2,0.0,0.0,0.0,4.8,phase-4
2026-10-10T19:14:49+00:00,9,188,2,0.71,1.215,13.91,5.3,phase-4
2026-10-10T19:14:49+00:00,9,189,2,0.17,0.319,6.6,4.4,phase-4
2026-10-10T19:14:49+00:00,9,190,2,1.81,1.835,48.47,5.3,phase-4
2026-10-10T19:14:49+00:00,9,193,2,0.0,0.0,0.0,5.3,phase-4
2026-10-10T19:14:49+00:00,9,194,2,1.81,0.727,57.8,5.0,phase-4
2026-10-10T19:14:49+00:00,9,195,2,0.85,1.479,27.3,4.9,phase-4
2026-10-10T19:14:49+00:00,9,198,2,0.0,0.0,0.0,4.9,phase-4
2026-10-10T19:14:49+00:00,9,199,2,0.83,1.299,22.41,4.5,phase-4
2026-10-10T19:14:49+00:00,9,200,2,3.79,4.763,74.57,5.9,phase-4
2026-10-10T19:14:49+00:00,9,201,2,3.03,6.817,74.56,5.4,phase-4
2026-10-10T19:14:49+00:00,9,202,2,2.84,2.369,88.9,4.9,phase-4
2026-10-10T19:14:49+00:00,9,203,2,1.86,1.387,62.98,4.8,phase-4
2026-10-10T19:14:49+00:00,9,204,2,2.72,6.016,90.0,4.5,phase-4
2026-10-10T19:14:49+00:00,9,205,2,0.0,0.0,0.0,4.5,phase-4
2026-10-10T19:14:49+00:00,9,206,2,0.0,0.0,0.0,4.3,phase-4
2026-10-10T19:14:49+00:00,9,207,2,0.19,0.478,6.27,4.3,phase-4
2026-10-10T19:14:49+00:00,9,208,2,1.83,3.969,42.3,6.2,phase-4
2026-10-10T19:14:49+00:00,9,209,2,1.55,1.908,55.36,5.9,phase-4
2026-10-10T19:14:49+00:00,9,210,2,3.12,2.475,86.79,5.4,phase-4
2026-10-10T19:14:49+00:00,9,211,2,2.54,3.716,71.63,5.5,phase-4
2026-10-10T19:14:49+00:00,9,212,2,0.85,1.349,32.8,4.4,phase-4
2026-10-10T19:14:49+00:00,9,213,2,1.79,4.007,38.19,4.8,phase-4
2026-10-10T19:14:49+00:00,9,214,2,2.69,2.246,79.41,5.0,phase-4
2026-10-10T19:14:49+00:00,9,215,2,0.0,0.0,0.0,5.0,phase-4
2026-10-10T19:14:49+00:00,9,216,2,0.0,0.0,0.0,5.0,phase-4
2026-10-10T19:14:49+00:00,9,218,2,0.15,0.291,6.27,4.8,phase-4
2026-10-10T19:14:49+00:00,9,220,2,0.0,0.0,0.0,4.5,phase-4
2026-10-10T19:14:49+00:00,9,221,2,0.33,0.474,6.27,4.4,phase-4
2026-10-10T19:14:49+00:00,9,222,2,2.29,2.27,72.09,6.0,phase-4
2026-10-10T19:14:49+00:00,9,223,2,0.0,0.0,0.0,6.3,phase-4
2026-10-10T19:14:49+00:00,9,224,2,1.62,4.153,31.15,5.5,phase-4
2026-10-10T19:14:49+00:00,9,225,2,0.0,0.0,0.0,5.0,phase-4
2026-10-10T19:14:49+00:00,9,226,2,3.31,2.512,90.0,5.5,phase-4
2026-10-10T19:14:49+00:00,9,227,2,0.15,0.459,6.04,5.0,phase-4
2026-10-10T19:14:49+00:00,9,228,2,0.15,0.459,6.04,4.5,phase-4
2026-10-10T19:14:49+00:00,9,229,2,3.47,3.073,90.0,6.2,phase-4
2026-10-10T19:14:49+00:00,9,230,2,1.99,1.886,57.7,5.5,phase-4
2026-10-10T19:14:49+00:00,9,231,2,1.31,2.304,47.56,4.8,phase-4
2026-10-10T19:14:49+00:00,9,232,2,1.66,1.597,58.91,4.8,phase-4
2026-10-10T19:14:49+00:00,9,233,2,1.6,2.685,65.74,4.6,phase-4
2026-10-10T19:14:49+00:00,9,234,2,0.0,0.0,0.0,4.5,phase-4
2026-10-10T19:14:49+00:00,9,236,2,2.81,2.717,84.59,6.6,phase-4
2026-10-10T19:14:49+00:00,9,237,2,3.07,3.751,73.03,5.8,phase-4
2026-10-10T19:14:49+00:00,9,238,2,1.49,1.327,43.48,6.5,phase-4
2026-10-10T19:14:49+00:00,9,239,2,3.15,1.047,87.16,6.0,phase-4
2026-10-10T19:14:49+00:00,9,240,2,0.92,1.618,31.89,5.0,phase-4
2026-10-10T19:14:49+00:00,9,241,2,0.99,1.655,32.59,5.3,phase-4
2026-10-10T19:14:49+00:00,9,242,2,1.12,1.407,37.51,5.5,phase-4
2026-10-10T19:14:49+00:00,9,243,2,0.33,1.254,13.85,4.9,phase-4
2026-10-10T19:14:49+00:00,9,244,2,1.42,0.749,54.47,5.0,phase-4
2026-10-10T19:14:49+00:00,9,245,2,0.36,0.945,11.25,5.3,phase-4
2026-10-10T19:14:49+00:00,9,246,2,0.49,0.928,18.72,4.9,phase-4
2026-10-10T19:14:49+00:00,9,247,2,1.33,0.891,32.91,5.4,phase-4
2026-10-10T19:14:49+00:00,9,248,2,0.0,0.0,0.0,5.4,phase-4
2026-10-10T19:14:49+00:00,9,249,2,2.42,2.575,75.45,5.7,phase-4
2026-10-10T19:14:49+00:00,9,250,2,3.28,3.321,77.89,4.5,phase-4
2026-10-10T19:14:49+00:00,9,251,2,0.15,0.454,4.79,4.0,phase-4
2026-10-10T19:14:49+00:00,9,253,2,2.01,2.484,56.25,5.0,phase-4
2026-10-10T19:14:49+00:00,9,254,2,1.56,3.091,41.88,4.5,phase-4
2026-10-10T19:14:49+00:00,9,255,2,0.64,1.85,21.78,4.5,phase-4
2026-10-10T19:14:49+00:00,9,256,2,1.23,2.751,35.41,4.4,phase-4
2026-10-10T19:14:49+00:00,9,257,2,2.35,3.33,69.84,4.5,phase-4
2026-10-10T19:14:49+00:00,9,258,2,2.21,3.924,59.0,4.5,phase-4
2026-10-10T19:14:49+00:00,9,259,2,1.86,2.68,51.76,4.0,phase-4
2026-10-10T19:14:49+00:00,9,260,2,2.35,3.172,54.06,6.2,phase-4
2026-10-10T19:14:49+00:00,9,261,2,2.74,2.643,70.64,5.4,phase-4
2026-10-10T19:14:49+00:00,9,262,2,1.07,1.861,31.07,5.3,phase-4
2026-10-10T19:14:49+00:00,9,263,2,1.0,1.862,20.98,5.3,phase-4
2026-10-10T19:14:49+00:00,9,264,2,1.78,2.714,49.99,5.5,phase-4
2026-10-10T19:14:49+00:00,9,265,2,2.26,1.269,70.27,4.9,phase-4
2026-10-10T19:14:49+00:00,9,266,2,0.0,0.0,0.0,4.9,phase-4
2026-10-10T19:14:49+00:00,9,267,2,1.84,1.325,61.07,4.9,phase-4
2026-10-10T19:14:49+00:00,9,268,2,2.22,2.833,58.63,5.6,phase-4
2026-10-10T19:14:49+00:00,9,269,2,1.85,4.06,37.61,4.3,phase-4
2026-10-10T19:14:49+00:00,9,270,2,0.37,0.648,5.83,4.4,phase-4
2026-10-10T19:14:49+00:00,9,271,2,0.66,1.739,18.52,5.4,phase-4
2026-10-10T19:14:49+00:00,9,272,2,0.11,0.321,4.79,4.5,phase-4
2026-10-10T19:14:49+00:00,9,273,2,0.17,0.517,5.64,4.0,phase-4
2026-10-10T19:14:49+00:00,9,274,2,0.0,0.0,0.0,4.4,phase-4
2026-10-10T19:14:49+00:00,9,277,2,1.53,2.795,49.25,4.1,phase-4
2026-10-10T19:14:49+00:00,9,278,2,0.0,0.0,0.0,3.9,phase-4
2026-10-10T19:14:49+00:00,9,279,2,1.86,2.855,50.49,4.2,phase-4
2026-10-10T19:14:49+00:00,9,280,2,2.48,3.497,84.99,4.0,phase-4
2026-10-10T19:14:49+00:00,9,281,2,0.0,0.0,0.0,4.0,phase-4
2026-10-10T19:14:49+00:00,9,282,2,1.75,2.66,50.18,4.0,phase-4
2026-10-10T19:14:49+00:00,9,284,2,0.17,0.517,5.64,4.0,phase-4
2026-10-10T19:14:49+00:00,9,285,2,0.34,0.976,8.49,4.0,phase-4
2026-10-10T19:14:49+00:00,9,286,2,2.84,2.279,86.5,5.1,phase-4
2026-10-10T19:14:49+00:00,9,287,2,0.0,0.0,0.0,5.0,phase-4
2026-10-10T19:14:49+00:00,9,288,2,0.73,1.046,15.52,4.4,phase-4
2026-10-10T19:14:49+00:00,9,289,2,0.64,1.165,53.25,4.4,phase-4
2026-10-10T19:14:49+00:00,9,290,2,2.26,0.971,86.5,4.5,phase-4
2026-10-10T19:14:49+00:00,9,291,2,0.0,0.0,0.0,4.5,phase-4
2026-10-10T19:14:49+00:00,9,292,2,0.14,0.273,5.64,4.9,phase-4
2026-10-10T19:14:49+00:00,9,294,2,0.14,0.273,5.64,4.5,phase-4
2026-10-10T19:14:49+00:00,9,295,2,1.95,2.757,63.29,5.5,phase-4
2026-10-10T19:14:49+00:00,9,297,2,0.0,0.0,0.0,4.4,phase-4
2026-10-10T19:14:49+00:00,9,299,2,0.0,0.0,0.0,4.5,phase-4
2026-10-10T19:14:49+00:00,9,300,2,0.81,1.779,22.66,4.4,phase-4
2026-10-10T19:14:49+00:00,9,301,2,0.62,1.425,17.53,4.0,phase-4
2026-10-10T19:14:49+00:00,9,302,2,0.19,0.43,4.61,4.0,phase-4
2026-10-10T19:14:49+00:00,9,303,2,0.14,0.414,4.61,3.9,phase-4
2026-10-10T19:14:49+00:00,9,304,2,2.86,3.751,72.71,4.0,phase-4
2026-10-10T19:14:49+00:00,9,305,2,2.64,6.397,70.38,4.0,phase-4
2026-10-10T19:14:49+00:00,9,306,2,1.81,2.459,56.47,3.9,phase-4
2026-10-10T19:14:49+00:00,9,307,2,0.0,0.0,0.0,4.0,phase-4
2026-10-10T19:14:49+00:00,9,308,2,1.01,0.622,20.11,3.9,phase-4
2026-10-10T19:14:49+00:00,9,309,2,0.94,1.259,30.59,4.9,phase-4
2026-10-10T19:14:49+00:00,9,310,2,0.12,0.225,4.61,4.9,phase-4
2026-10-10T19:14:49+00:00,9,311,2,0.0,0.0,0.0,5.0,phase-4
2026-10-10T19:14:49+00:00,9,312,2,0.38,0.907,11.75,4.4,phase-4
2026-10-10T19:14:49+00:00,9,313,2,1.29,2.294,31.42,5.3,phase-4
2026-10-10T19:14:49+00:00,9,314,2,0.0,0.0,0.0,4.9,phase-4
2026-10-10T19:14:49+00:00,9,315,2,0.95,2.088,37.75,5.4,phase-4
2026-10-10T19:14:49+00:00,9,316,2,3.11,3.729,75.19,5.6,phase-4
2026-10-10T19:14:49+00:00,9,317,2,0.0,0.0,0.0,5.0,phase-4
2026-10-10T19:14:49+00:00,9,318,2,0.65,1.52,19.92,5.4,phase-4
2026-10-10T19:14:49+00:00,9,319,2,0.0,0.0,0.0,5.0,phase-4
2026-10-10T19:14:49+00:00,9,320,2,1.59,2.589,17.79,5.0,phase-4
2026-10-10T19:14:49+00:00,9,321,2,0.23,0.459,4.61,4.5,phase-4
2026-10-10T19:14:49+00:00,9,322,2,0.0,0.0,0.0,5.0,phase-4
2026-10-10T19:14:49+00:00,9,323,2,0.48,1.099,15.09,4.4,phase-4
2026-10-10T19:14:49+00:00,9,324,2,0.12,0.225,4.61,4.8,phase-4
2026-10-10T19:14:49+00:00,9,325,2,1.06,2.003,29.44,4.5,phase-4
2026-10-10T19:14:49+00:00,9,326,2,0.0,0.0,0.0,4.5,phase-4
2026-10-10T19:14:49+00:00,9,327,2,1.87,3.698,43.3,5.0,phase-4
2026-10-10T19:14:49+00:00,9,328,2,0.0,0.0,0.0,4.9,phase-4
2026-10-10T19:14:49+00:00,9,329,2,0.0,0.0,0.0,4.3,phase-4
2026-10-10T19:14:49+00:00,9,330,2,3.46,7.551,77.38,4.6,phase-4
2026-10-10T19:14:49+00:00,9,331,2,2.56,3.41,67.19,4.5,phase-4
2026-10-10T19:14:49+00:00,9,332,2,3.04,4.595,68.0,4.5,phase-4
2026-10-10T19:14:49+00:00,9,333,2,0.0,0.0,0.0,4.5,phase-4
2026-10-10T19:14:49+00:00,9,334,2,3.18,4.72,82.67,5.0,phase-4
2026-10-10T19:14:49+00:00,9,335,2,3.39,3.881,73.97,6.0,phase-4
2026-10-10T19:14:49+00:00,9,336,2,2.45,4.763,55.71,5.8,phase-4
2026-10-10T19:14:49+00:00,9,337,2,2.11,1.853,55.75,5.3,phase-4
2026-10-10T19:14:49+00:00,9,338,2,3.06,1.123,79.94,5.4,phase-4
2026-10-10T19:14:49+00:00,9,339,2,0.62,1.108,16.32,4.8,phase-4
2026-10-10T19:14:49+00:00,9,340,2,0.42,1.102,5.64,5.0,phase-4
2026-10-10T19:14:49+00:00,9,341,2,0.0,0.0,0.0,5.0,phase-4
2026-10-10T19:14:49+00:00,9,342,2,0.0,0.0,0.0,5.0,phase-4
2026-10-10T19:14:49+00:00,9,343,2,0.0,0.0,0.0,4.9,phase-4
2026-10-10T19:14:49+00:00,9,344,2,0.64,1.086,21.46,5.0,phase-4
2026-10-10T19:14:49+00:00,9,345,2,1.65,2.61,47.59,4.9,phase-4
2026-10-10T19:14:49+00:00,9,346,2,3.06,5.631,75.67,6.0,phase-4
2026-10-10T19:14:49+00:00,9,347,2,1.31,2.566,22.75,5.4,phase-4
2026-10-10T19:14:49+00:00,9,348,2,0.0,0.0,0.0,5.0,phase-4
2026-10-10T19:14:49+00:00,9,349,2,0.0,0.0,0.0,4.5,phase-4
2026-10-10T19:14:49+00:00,9,350,2,2.74,1.997,80.41,5.5,phase-4
2026-10-10T19:14:49+00:00,9,351,2,0.64,1.259,19.03,4.8,phase-4
2026-10-10T19:14:49+00:00,9,352,2,0.3,0.629,8.63,4.0,phase-4
2026-10-10T19:14:49+00:00,9,354,2,0.0,0.0,0.0,4.0,phase-4
2026-10-10T19:14:49+00:00,9,355,2,0.14,0.443,6.03,4.0,phase-4
2026-10-10T19:14:49+00:00,9,356,2,3.28,4.48,90.0,6.5,phase-4
2026-10-10T19:14:49+00:00,9,357,2,1.01,2.611,36.81,5.3,phase-4
2026-10-10T19:14:49+00:00,9,358,2,1.78,2.495,75.88,5.3,phase-4
2026-10-10T19:14:49+00:00,9,359,2,0.29,1.115,15.14,4.9,phase-4
2026-10-10T19:14:49+00:00,9,360,2,0.0,0.0,0.0,5.0,phase-4
2026-10-10T19:14:49+00:00,9,361,2,0.14,0.443,6.03,4.0,phase-4
2026-10-10T19:14:49+00:00,9,362,2,2.14,2.569,90.0,5.0,phase-4
2026-10-10T19:14:49+00:00,9,363,2,0.0,0.0,0.0,4.0,phase-4
2026-10-10T19:14:49+00:00,9,364,2,0.58,1.635,23.03,4.9,phase-4
2026-10-10T19:14:49+00:00,9,366,2,2.8,3.46,81.43,7.3,phase-4
2026-10-10T19:14:49+00:00,9,367,2,0.0,0.0,0.0,7.2,phase-4
2026-10-10T19:14:49+00:00,9,368,2,3.47,4.717,90.0,6.9,phase-4
2026-10-10T19:14:49+00:00,9,369,2,0.69,1.462,19.98,5.7,phase-4
2026-10-10T19:14:49+00:00,9,370,2,0.06,0.166,1.83,5.3,phase-4
2026-10-10T19:14:49+00:00,9,371,2,2.49,1.763,71.89,5.8,phase-4
2026-10-10T19:14:49+00:00,9,372,2,2.25,1.296,74.39,5.4,phase-4
2026-10-10T19:14:49+00:00,9,373,2,0.0,0.0,0.0,5.5,phase-4
2026-10-10T19:14:49+00:00,9,374,2,0.19,0.416,7.34,4.9,phase-4
2026-10-10T19:14:49+00:00,9,375,2,0.17,0.306,6.03,4.8,phase-4
2026-10-10T19:14:49+00:00,9,377,2,1.84,1.574,61.64,6.5,phase-4
2026-10-10T19:14:49+00:00,9,378,2,0.15,0.283,6.03,4.4,phase-4
2026-10-10T19:14:49+00:00,9,379,2,0.0,0.0,0.0,9.1,phase-4
2026-10-10T19:14:49+00:00,9,380,2,0.0,0.0,0.0,7.4,phase-4
2026-10-10T19:14:49+00:00,9,381,2,0.36,0.959,6.03,5.0,phase-4
2026-10-10T19:14:49+00:00,9,382,2,0.14,0.273,6.03,4.5,phase-4
2026-10-10T19:14:49+00:00,9,383,2,0.0,0.0,0.0,5.4,phase-4
2026-10-10T19:14:49+00:00,9,384,2,3.0,2.782,79.87,5.5,phase-4
2026-10-10T19:14:49+00:00,9,385,2,2.67,2.97,51.12,5.0,phase-4
2026-10-10T19:14:49+00:00,9,386,2,0.16,0.479,5.44,4.5,phase-4
2026-10-10T19:14:49+00:00,9,387,2,2.55,8.442,43.89,6.3,phase-4
2026-10-10T19:14:49+00:00,9,388,2,3.59,7.609,80.78,6.0,phase-4
2026-10-10T19:14:49+00:00,9,389,2,2.39,3.208,63.02,5.9,phase-4
2026-10-10T19:14:49+00:00,9,390,2,2.64,4.426,70.71,5.5,phase-4
2026-10-10T19:14:49+00:00,9,391,2,2.61,4.495,61.98,5.7,phase-4
2026-10-10T19:14:49+00:00,9,392,2,0.62,1.686,19.52,5.2,phase-4
2026-10-10T19:14:49+00:00,9,393,2,1.53,2.333,47.9,5.4,phase-4
2026-10-10T19:14:49+00:00,9,394,2,0.0,0.0,0.0,5.0,phase-4
2026-10-10T19:14:49+00:00,9,395,2,0.61,2.286,16.54,4.4,phase-4
2026-10-10T19:14:49+00:00,9,396,2,0.25,0.574,5.44,4.5,phase-4
2026-10-10T19:14:49+00:00,9,397,2,3.17,7.578,61.96,8.4,phase-4
2026-10-10T19:14:49+00:00,9,398,2,0.0,0.0,0.0,6.9,phase-4
2026-10-10T19:14:49+00:00,9,399,2,3.76,7.467,56.68,7.8,phase-4
2026-10-10T19:14:49+00:00,9,400,2,3.53,11.321,30.72,7.4,phase-4
2026-10-10T19:14:49+00:00,9,401,2,1.47,2.034,44.38,7.0,phase-4
2026-10-10T19:14:49+00:00,9,402,2,0.0,0.0,0.0,6.5,phase-4
2026-10-10T19:14:49+00:00,9,403,2,1.54,2.07,43.47,6.5,phase-4
2026-10-10T19:14:49+00:00,9,404,2,0.0,0.0,0.0,6.0,phase-4
2026-10-10T19:14:49+00:00,9,405,2,1.34,1.712,51.32,5.5,phase-4
2026-10-10T19:14:49+00:00,9,406,2,0.24,0.445,6.62,5.3,phase-4
2026-10-10T19:14:49+00:00,9,409,2,0.0,0.0,0.0,4.5,phase-4
2026-10-10T19:14:49+00:00,9,410,2,0.0,0.0,0.0,4.9,phase-4
2026-10-10T19:14:49+00:00,9,411,2,6.17,15.137,79.87,15.6,phase-4
2026-10-10T19:14:49+00:00,9,412,2,2.9,2.456,74.58,4.9,phase-4
2026-10-10T19:14:49+00:00,9,413,2,0.0,0.0,0.0,4.5,phase-4
2026-10-10T19:14:49+00:00,9,414,2,0.0,0.0,0.0,4.0,phase-4
2026-10-10T19:14:49+00:00,9,415,2,0.0,0.0,0.0,5.8,phase-4
2026-10-10T19:14:49+00:00,9,416,2,0.0,0.0,0.0,4.9,phase-4
2026-10-10T19:14:49+00:00,9,417,2,2.16,3.93,63.13,4.9,phase-4
2026-10-10T19:14:49+00:00,9,418,2,2.1,3.525,63.9,4.8,phase-4
2026-10-10T19:14:49+00:00,9,419,2,1.73,2.31,54.47,4.9,phase-4
2026-10-10T19:14:49+00:00,9,420,2,1.01,2.132,32.23,4.8,phase-4
2026-10-10T19:14:49+00:00,9,421,2,0.72,2.264,22.23,4.3,phase-4
2026-10-10T19:14:49+00:00,9,422,2,0.59,2.071,16.81,4.4,phase-4
2026-10-10T19:14:49+00:00,9,423,2,2.22,3.31,75.02,4.3,phase-4
2026-10-10T19:14:49+00:00,9,424,2,0.13,0.402,4.89,4.0,phase-4
2026-10-10T19:14:49+00:00,9,425,2,0.0,0.0,0.0,4.0,phase-4
2026-10-10T19:14:49+00:00,9,426,2,5.76,13.675,77.05,11.9,phase-4
2026-10-10T19:14:49+00:00,9,427,2,4.51,12.036,73.77,7.9,phase-4
2026-10-10T19:14:49+00:00,9,428,2,3.73,7.477,72.12,7.9,phase-4
2026-10-10T19:14:49+00:00,9,429,2,2.4,2.672,64.28,6.9,phase-4
2026-10-10T19:14:49+00:00,9,430,2,1.01,3.452,17.53,5.4,phase-4
2026-10-10T19:14:49+00:00,9,431,2,1.39,2.434,39.5,5.7,phase-4
2026-10-10T19:14:49+00:00,9,432,2,2.38,1.701,56.94,5.5,phase-4
2026-10-10T19:14:49+00:00,9,433,2,0.0,0.0,0.0,5.0,phase-4
2026-10-10T19:14:49+00:00,9,434,2,0.13,0.24,4.89,4.9,phase-4
2026-10-10T19:14:49+00:00,9,435,2,0.15,0.268,4.89,4.9,phase-4
2026-10-10T19:14:49+00:00,9,437,2,0.14,0.252,4.89,4.4,phase-4
2026-10-10T19:14:49+00:00,9,438,2,0.19,0.301,4.89,4.4,phase-4
2026-10-10T19:14:49+00:00,9,439,2,0.0,0.0,0.0,7.0,phase-4
2026-10-10T19:14:49+00:00,9,440,2,0.59,1.497,13.18,5.3,phase-4
2026-10-10T19:14:49+00:00,9,442,2,1.61,1.939,46.0,4.9,phase-4
2026-10-10T19:14:49+00:00,9,443,2,0.13,0.431,6.26,4.5,phase-4
2026-10-10T19:14:49+00:00,9,444,2,0.0,0.0,0.0,4.4,phase-4
2026-10-10T19:14:49+00:00,9,445,2,3.01,4.141,90.0,5.0,phase-4
2026-10-10T19:14:49+00:00,9,446,2,0.64,1.537,23.34,4.9,phase-4
2026-10-10T19:14:49+00:00,9,447,2,2.77,2.387,78.17,5.0,phase-4
2026-10-10T19:14:49+00:00,9,448,2,0.0,0.0,0.0,4.8,phase-4
2026-10-10T19:14:49+00:00,9,449,2,2.91,4.265,81.33,5.3,phase-4
2026-10-10T19:14:49+00:00,9,450,2,0.37,1.152,14.35,4.9,phase-4
2026-10-10T19:14:49+00:00,9,451,2,0.0,0.0,0.0,4.0,phase-4
2026-10-10T19:14:49+00:00,9,452,2,2.94,4.57,49.44,6.7,phase-4
2026-10-10T19:14:49+00:00,9,453,2,3.4,6.493,76.07,6.1,phase-4
2026-10-10T19:14:49+00:00,9,454,2,0.0,0.0,0.0,6.1,phase-4
2026-10-10T19:14:49+00:00,9,455,2,2.52,0.952,82.24,5.3,phase-4
2026-10-10T19:14:49+00:00,9,456,2,0.0,0.0,0.0,4.8,phase-4
2026-10-10T19:14:49+00:00,9,457,2,1.52,2.824,49.44,5.9,phase-4
2026-10-10T19:14:49+00:00,9,458,2,0.65,1.267,27.96,5.4,phase-4
2026-10-10T19:14:49+00:00,9,459,2,1.74,1.959,52.25,5.5,phase-4
2026-10-10T19:14:49+00:00,9,460,2,2.18,3.51,48.09,5.0,phase-4
2026-10-10T19:14:49+00:00,9,461,2,1.05,2.393,12.44,5.8,phase-4
2026-10-10T19:14:49+00:00,9,462,2,1.69,0.292,54.8,4.9,phase-4
2026-10-10T19:14:49+00:00,9,463,2,0.0,0.0,0.0,5.9,phase-4
2026-10-10T19:14:49+00:00,9,464,2,2.21,3.596,55.77,6.2,phase-4
2026-10-10T19:14:49+00:00,9,465,2,0.79,2.008,12.21,5.8,phase-4
2026-10-10T19:14:49+00:00,9,466,2,0.0,0.0,0.0,4.5,phase-4
2026-10-10T19:14:49+00:00,9,467,2,3.4,2.921,90.0,5.0,phase-4
2026-10-10T19:14:49+00:00,9,468,2,0.39,1.084,13.38,4.5,phase-4
2026-10-10T19:14:49+00:00,9,469,2,1.54,3.978,48.33,5.0,phase-4
2026-10-10T19:14:49+00:00,9,470,2,0.0,0.0,0.0,5.0,phase-4
2026-10-10T19:14:49+00:00,9,471,2,0.0,0.0,0.0,5.4,phase-4
2026-10-10T19:14:49+00:00,9,472,2,3.44,4.227,84.76,5.5,phase-4
2026-10-10T19:14:49+00:00,9,473,2,1.96,3.353,63.89,4.4,phase-4
2026-10-10T19:14:49+00:00,9,474,2,1.35,2.52,48.65,4.5,phase-4
2026-10-10T19:14:49+00:00,9,475,2,0.0,0.0,0.0,4.5,phase-4
2026-10-10T19:14:49+00:00,9,476,2,0.18,0.549,6.44,4.0,phase-4
2026-10-10T19:14:49+00:00,9,477,2,0.0,0.0,0.0,4.0,phase-4
2026-10-10T19:14:49+00:00,9,478,2,0.33,0.922,10.6,4.4,phase-4
2026-10-10T19:14:49+00:00,9,480,2,4.6,9.76,90.0,8.0,phase-4
2026-10-10T19:14:49+00:00,9,481,2,3.78,2.667,82.6,6.3,phase-4
2026-10-10T19:14:49+00:00,9,482,2,1.2,1.808,36.12,5.8,phase-4
2026-10-10T19:14:49+00:00,9,483,2,2.4,4.422,63.81,5.5,phase-4
2026-10-10T19:14:49+00:00,9,484,2,0.0,0.0,0.0,5.4,phase-4
2026-10-10T19:14:49+00:00,9,485,2,0.0,0.0,0.0,5.5,phase-4
2026-10-10T19:14:49+00:00,9,486,2,1.64,2.114,50.23,5.5,phase-4
2026-10-10T19:14:49+00:00,9,487,2,0.82,1.227,30.02,4.9,phase-4
2026-10-10T19:14:49+00:00,9,488,2,1.64,1.787,51.86,4.8,phase-4
2026-10-10T19:14:49+00:00,9,489,2,0.38,0.9,11.79,4.4,phase-4
2026-10-10T19:14:49+00:00,9,490,2,0.85,1.66,24.2,5.8,phase-4
2026-10-10T19:14:49+00:00,9,491,2,0.0,0.0,0.0,5.8,phase-4
2026-10-10T19:14:49+00:00,9,492,2,0.0,0.0,0.0,5.4,phase-4
2026-10-10T19:14:49+00:00,9,493,2,0.27,0.418,6.44,5.4,phase-4
2026-10-10T19:14:49+00:00,9,494,2,0.0,0.0,0.0,4.5,phase-4
2026-10-10T19:14:49+00:00,9,495,2,0.08,0.315,5.45,4.0,phase-4
2026-10-10T19:14:49+00:00,9,496,2,1.96,0.71,59.41,4.5,phase-4
2026-10-10T19:14:49+00:00,9,497,2,1.78,1.028,52.22,4.0,phase-4
2026-10-10T19:14:49+00:00,9,498,2,1.83,1.183,67.69,5.8,phase-4
2026-10-10T19:14:49+00:00,9,499,2,0.0,0.0,0.0,5.4,phase-4
2026-10-10T19:14:49+00:00,9,500,2,0.0,0.0,0.0,5.0,phase-4
2026-10-10T19:14:49+00:00,9,501,2,2.15,2.633,59.54,5.0,phase-4
2026-10-10T19:14:49+00:00,9,502,2,1.33,1.113,52.5,4.4,phase-4
2026-10-10T19:14:49+00:00,9,503,2,1.49,2.914,75.88,5.0,phase-4
2026-10-10T19:14:49+00:00,9,504,2,3.63,6.045,90.0,5.0,phase-4
2026-10-10T19:14:49+00:00,9,505,2,0.0,0.0,0.0,4.5,phase-4
2026-10-10T19:14:49+00:00,9,506,2,0.55,1.628,36.55,4.4,phase-4
2026-10-10T19:14:49+00:00,9,508,2,0.11,0.656,7.8,3.9,phase-4
2026-10-10T19:14:49+00:00,9,509,2,0.2,0.434,5.45,4.0,phase-4
2026-10-10T19:14:49+00:00,9,510,2,0.2,0.434,5.45,4.0,phase-4
2026-10-10T19:14:49+00:00,9,511,2,0.0,0.0,0.0,4.0,phase-4
2026-10-10T19:14:49+00:00,9,512,2,1.72,1.988,42.5,6.5,phase-4
2026-10-10T19:14:49+00:00,9,513,2,0.0,0.0,0.0,5.9,phase-4
2026-10-10T19:14:49+00:00,9,514,2,1.57,1.942,45.42,5.7,phase-4
2026-10-10T19:14:49+00:00,9,515,2,0.33,0.707,7.37,6.3,phase-4
2026-10-10T19:14:49+00:00,9,516,2,0.0,0.0,0.0,5.5,phase-4
2026-10-10T19:14:49+00:00,9,517,2,0.0,0.0,0.0,5.5,phase-4
2026-10-10T19:14:49+00:00,9,518,2,0.0,0.0,0.0,4.9,phase-4
2026-10-10T19:14:49+00:00,9,519,2,1.2,2.527,41.16,5.3,phase-4
2026-10-10T19:14:49+00:00,9,520,2,0.9,1.59,31.21,5.3,phase-4
2026-10-10T19:14:49+00:00,9,521,2,0.0,0.0,0.0,6.5,phase-4
2026-10-10T19:14:49+00:00,9,522,2,1.7,0.813,60.3,4.9,phase-4
2026-10-10T19:14:49+00:00,9,523,2,0.0,0.0,0.0,5.0,phase-4
2026-10-10T19:14:49+00:00,9,524,2,0.14,0.269,5.45,4.4,phase-4
2026-10-10T19:14:49+00:00,9,525,2,2.2,1.341,70.87,5.7,phase-4
2026-10-10T19:14:49+00:00,9,526,2,1.36,2.224,40.11,5.8,phase-4
2026-10-10T19:14:49+00:00,9,527,2,0.0,0.0,0.0,5.9,phase-4
2026-10-10T19:14:49+00:00,9,528,2,0.0,0.0,0.0,4.5,phase-4
2026-10-10T19:14:49+00:00,9,529,2,3.35,3.19,89.2,4.9,phase-4
2026-10-10T19:14:49+00:00,9,531,2,0.38,0.867,9.32,4.4,phase-4
2026-10-10T19:14:49+00:00,9,532,2,0.0,0.0,0.0,4.9,phase-4
2026-10-10T19:14:49+00:00,9,533,2,3.74,5.63,81.15,5.4,phase-4
2026-10-10T19:14:49+00:00,9,534,2,2.42,3.493,72.63,4.3,phase-4
2026-10-10T19:14:49+00:00,9,535,2,1.67,2.513,50.32,4.8,phase-4
2026-10-10T19:14:49+00:00,9,536,2,2.12,2.866,72.58,4.4,phase-4
2026-10-10T19:14:49+00:00,9,537,2,0.0,0.0,0.0,4.5,phase-4
2026-10-10T19:14:49+00:00,9,539,2,0.4,1.58,18.43,3.9,phase-4
2026-10-10T19:14:49+00:00,9,540,2,0.0,0.0,0.0,4.0,phase-4
2026-10-10T19:14:49+00:00,9,541,2,2.26,4.444,69.19,4.5,phase-4
2026-10-10T19:14:49+00:00,9,542,2,3.64,5.236,87.3,5.7,phase-4
2026-10-10T19:14:49+00:00,9,543,2,0.0,0.0,0.0,5.3,phase-4
2026-10-10T19:14:49+00:00,9,544,2,3.34,1.831,86.35,5.5,phase-4
2026-10-10T19:14:49+00:00,9,545,2,2.44,1.202,87.3,4.9,phase-4
2026-10-10T19:14:49+00:00,9,546,2,0.0,0.0,0.0,4.9,phase-4
2026-10-10T19:14:49+00:00,9,547,2,0.0,0.0,0.0,4.8,phase-4
2026-10-10T19:14:49+00:00,9,548,2,0.55,0.921,19.07,4.9,phase-4
2026-10-10T19:14:49+00:00,9,549,2,1.06,1.618,29.66,5.3,phase-4
2026-10-10T19:14:49+00:00,9,550,2,0.21,0.384,6.89,4.9,phase-4
2026-10-10T19:14:49+00:00,9,551,2,1.48,1.85,51.77,5.0,phase-4
2026-10-10T19:14:49+00:00,9,552,2,0.0,0.0,0.0,5.7,phase-4
2026-10-10T19:14:49+00:00,9,553,2,2.12,2.699,39.25,5.5,phase-4
2026-10-10T19:14:49+00:00,9,555,2,0.12,0.411,6.27,4.0,phase-4
2026-10-10T19:14:49+00:00,9,556,2,0.0,0.0,0.0,4.0,phase-4
2026-10-10T19:14:49+00:00,9,557,2,0.0,0.0,0.0,6.3,phase-4
2026-10-10T19:14:49+00:00,9,558,2,2.19,0.984,84.69,5.0,phase-4
2026-10-10T19:14:49+00:00,9,559,2,0.33,0.524,6.72,4.9,phase-4
2026-10-10T19:14:49+00:00,9,560,2,0.18,0.555,5.02,4.4,phase-4
2026-10-10T19:14:49+00:00,9,561,2,0.18,0.555,5.02,4.5,phase-4
2026-10-10T19:14:49+00:00,9,562,2,2.02,1.846,60.66,5.3,phase-4
2026-10-10T19:14:49+00:00,9,563,2,0.58,0.861,21.51,4.9,phase-4
2026-10-10T19:14:49+00:00,9,564,2,2.27,2.487,60.66,4.5,phase-4
2026-10-10T19:14:49+00:00,9,565,2,1.91,1.671,61.89,5.6,phase-4
2026-10-10T19:14:49+00:00,9,566,2,2.29,5.884,90.0,5.0,phase-4
2026-10-10T19:14:49+00:00,9,567,2,2.49,2.035,90.0,5.0,phase-4
2026-10-10T19:14:49+00:00,9,568,2,0.73,1.563,22.97,5.4,phase-4
2026-10-10T19:14:49+00:00,9,569,2,2.54,2.839,78.05,6.1,phase-4
2026-10-10T19:14:49+00:00,9,570,2,1.5,2.875,45.23,5.4,phase-4
2026-10-10T19:14:49+00:00,9,571,2,1.12,1.484,36.53,4.8,phase-4
2026-10-10T19:14:49+00:00,9,572,2,3.34,3.602,86.5,4.7,phase-4
2026-10-10T19:14:49+00:00,9,573,2,0.18,0.516,6.9,4.4,phase-4
2026-10-10T19:14:49+00:00,9,574,2,0.26,0.39,5.64,4.9,phase-4
2026-10-10T19:14:49+00:00,9,575,2,1.8,0.501,69.56,4.8,phase-4
2026-10-10T19:14:49+00:00,9,576,2,1.57,0.9,69.12,5.0,phase-4
2026-10-10T19:14:49+00:00,9,577,2,0.0,0.0,0.0,4.4,phase-4
2026-10-10T19:14:49+00:00,9,578,2,0.0,0.0,0.0,5.3,phase-4
2026-10-10T19:14:49+00:00,9,579,2,1.71,1.809,66.07,5.4,phase-4
2026-10-10T19:14:49+00:00,9,580,2,2.09,0.852,62.97,5.0,phase-4
2026-10-10T19:14:49+00:00,9,581,2,1.34,3.209,42.71,5.4,phase-4
2026-10-10T19:14:49+00:00,9,582,2,0.09,0.18,3.88,5.4,phase-4
2026-10-10T19:14:49+00:00,9,583,2,1.96,2.323,43.99,4.9,phase-4
2026-10-10T19:14:49+00:00,9,584,2,2.07,1.508,61.93,5.3,phase-4
2026-10-10T19:14:49+00:00,9,585,2,1.43,1.048,36.95,4.0,phase-4
2026-10-10T19:14:49+00:00,9,586,2,2.74,4.622,69.12,4.1,phase-4
2026-10-10T19:14:49+00:00,9,587,2,0.16,0.479,5.44,5.0,phase-4
2026-10-10T19:14:49+00:00,9,588,2,2.33,6.205,82.5,5.0,phase-4
2026-10-10T19:14:49+00:00,9,589,2,0.91,0.848,30.93,5.0,phase-4
2026-10-10T19:14:49+00:00,9,590,2,0.18,0.549,6.44,4.5,phase-4
2026-10-10T19:14:49+00:00,9,591,2,2.75,3.772,75.19,5.5,phase-4
2026-10-10T19:14:49+00:00,9,592,2,1.69,1.943,40.38,4.0,phase-4
2026-10-10T19:14:49+00:00,9,593,2,0.97,2.359,40.69,4.5,phase-4
2026-10-10T19:14:49+00:00,9,594,2,0.1,1.118,5.74,5.9,phase-4
2026-10-10T19:14:49+00:00,9,595,2,0.22,0.446,6.98,4.9,phase-4
2026-10-10T19:14:49+00:00,9,596,2,0.66,1.739,25.75,4.5,phase-4
2026-10-10T19:14:49+00:00,9,597,2,2.62,2.241,79.45,5.0,phase-4
2026-10-10T19:14:49+00:00,9,598,2,2.66,3.599,66.69,4.5,phase-4
2026-10-10T19:14:49+00:00,9,599,2,0.23,0.523,7.88,5.0,phase-4
2026-10-10T19:14:49+00:00,9,600,2,0.48,1.088,9.12,5.0,phase-4
2026-10-10T19:14:49+00:00,9,601,2,0.13,0.252,5.45,4.5,phase-4
2026-10-10T19:14:49+00:00,9,603,2,0.18,0.531,5.07,4.0,phase-4
2026-10-10T19:14:49+00:00,9,604,2,0.13,0.251,5.07,4.5,phase-4
2026-10-10T19:14:49+00:00,9,605,2,3.32,5.825,58.85,4.5,phase-4
2026-10-10T19:14:49+00:00,9,606,2,0.13,0.398,5.18,4.0,phase-4
2026-10-10T19:14:49+00:00,9,608,2,0.37,0.787,6.9,5.0,phase-4
2026-10-10T19:14:49+00:00,9,611,2,1.55,1.897,49.73,4.5,phase-4
2026-10-10T19:14:49+00:00,9,612,2,0.57,1.988,24.08,4.5,phase-4
2026-10-10T19:14:49+00:00,9,613,2,0.14,0.273,5.66,4.5,phase-4
2026-10-10T19:14:49+00:00,9,614,2,1.61,8.628,5.74,4.5,phase-4
2026-10-10T19:14:49+00:00,9,615,2,0.15,0.488,6.9,4.5,phase-4
2026-10-10T19:14:49+00:00,9,616,2,0.23,0.441,5.44,5.5,phase-4
2026-10-10T19:14:49+00:00,9,617,2,1.43,2.915,16.14,5.0,phase-4
2026-10-10T19:14:49+00:00,9,618,2,0.0,0.0,0.0,5.9,phase-4
2026-10-10T19:14:49+00:00,9,619,2,1.77,0.728,50.52,5.0,phase-4
2026-10-10T19:14:49+00:00,9,620,2,1.94,2.94,48.59,4.5,phase-4
2026-10-10T19:14:49+00:00,9,621,2,0.35,0.956,5.44,4.4,phase-4
2026-10-10T19:14:49+00:00,9,622,2,0.25,0.574,5.44,4.0,phase-4
2026-10-10T19:14:49+00:00,9,623,2,0.42,1.066,10.87,4.0,phase-4
2026-10-10T19:14:49+00:00,9,625,2,0.18,0.531,5.07,4.0,phase-4
2026-10-10T19:14:49+00:00,9,626,2,0.12,0.235,4.79,4.4,phase-4
2026-10-10T19:14:49+00:00,9,627,2,1.15,1.658,40.3,8.0,phase-4
2026-10-10T19:14:49+00:00,9,628,2,0.14,0.262,5.44,6.0,phase-4
2026-10-10T19:14:49+00:00,9,629,2,0.18,0.531,5.07,4.0,phase-4
2026-10-10T19:14:49+00:00,9,630,2,1.09,2.126,44.47,4.5,phase-4
2026-10-10T19:14:49+00:00,9,631,2,0.62,1.273,12.14,6.0,phase-4
2026-10-10T19:14:49+00:00,9,632,2,0.0,0.0,0.0,5.0,phase-4
2026-10-10T19:14:49+00:00,9,633,2,0.5,1.345,23.95,4.5,phase-4
2026-10-10T19:14:49+00:00,9,634,2,1.03,1.205,41.51,6.0,phase-4
2026-10-10T19:14:49+00:00,9,635,2,0.47,1.187,7.62,5.0,phase-4
2026-10-10T19:14:49+00:00,9,636,2,-0.13,0.235,4.79,5.0,phase-4
2026-10-10T19:14:49+00:00,9,637,2,0.22,0.351,5.64,5.0,phase-4
2026-10-10T19:14:49+00:00,9,638,2,0.08,0.98,7.62,4.0,phase-4
2026-10-10T19:14:49+00:00,9,639,2,1.89,2.382,45.4,5.5,phase-4
2026-10-10T19:14:49+00:00,9,640,2,1.68,4.159,30.82,5.5,phase-4
2026-10-10T19:14:49+00:00,9,641,2,0.18,0.534,5.07,4.5,phase-4
2026-10-10T19:14:49+00:00,9,642,2,0.96,1.524,26.67,5.5,phase-4
2026-10-10T19:14:49+00:00,9,643,2,0.58,2.406,7.87,4.5,phase-4
2026-10-10T19:14:49+00:00,9,644,2,2.01,1.439,63.11,5.0,phase-4
2026-10-10T19:14:49+00:00,9,645,2,0.14,0.273,5.64,5.0,phase-4
2026-10-10T19:14:49+00:00,9,646,2,1.28,0.772,24.67,5.5,phase-4
2026-10-10T19:14:49+00:00,9,647,2,0.33,0.474,6.27,5.5,phase-4
2026-10-10T19:14:49+00:00,9,648,2,0.29,0.403,5.07,5.0,phase-4
2026-10-10T19:14:49+00:00,9,649,2,1.44,2.086,43.53,4.5,phase-4
2026-10-10T19:14:49+00:00,9,650,2,1.92,2.649,51.4,4.5,phase-4
2026-10-10T19:14:49+00:00,9,651,2,0.2,0.33,5.66,4.5,phase-4
2026-10-10T19:14:49+00:00,9,652,2,0.0,0.0,0.0,5.5,phase-4
2026-10-10T19:14:49+00:00,9,653,2,0.14,0.262,5.44,4.5,phase-4
2026-10-10T19:14:49+00:00,9,654,2,0.15,0.285,6.04,4.5,phase-4
2026-10-10T19:14:49+00:00,9,655,2,0.17,0.319,6.6,5.5,phase-4
2026-10-10T19:14:49+00:00,9,656,2,1.14,2.456,25.2,4.0,phase-4
2026-10-10T19:14:49+00:00,9,657,2,0.12,0.232,4.71,4.5,phase-4
2026-10-10T19:14:49+00:00,9,658,2,0.15,0.281,5.74,4.5,phase-4
2026-10-10T19:14:49+00:00,9,659,2,0.15,0.292,6.26,4.5,phase-4
2026-10-10T19:14:49+00:00,9,660,2,0.15,0.473,4.71,4.0,phase-4
2026-10-10T19:14:49+00:00,9,661,2,0.15,0.473,4.71,4.0,phase-4
2026-10-10T19:14:49+00:00,9,662,2,0.24,0.36,5.02,4.5,phase-4
2026-10-10T19:14:49+00:00,9,663,2,0.13,0.431,6.26,4.0,phase-4
2026-10-10T19:14:49+00:00,9,664,2,0.14,0.282,6.26,4.5,phase-4
2026-10-10T19:14:49+00:00,9,665,2,0.15,0.292,6.26,4.5,phase-4
2026-10-10T19:14:49+00:00,9,666,2,0.15,0.292,6.26,4.5,phase-4
2026-10-10T19:14:49+00:00,9,667,2,0.13,0.398,5.18,4.0,phase-4
2026-10-10T19:14:49+00:00,10,1,3,3.7,3.98,81.07,6.1,phase-4
2026-10-10T19:14:49+00:00,10,2,3,0.26,0.734,6.13,4.9,phase-4
2026-10-10T19:14:49+00:00,10,3,3,0.2,0.605,5.04,4.9,phase-4
2026-10-10T19:14:49+00:00,10,4,3,3.87,6.219,75.14,8.0,phase-4
2026-10-10T19:14:49+00:00,10,5,3,2.31,4.06,48.54,6.5,phase-4
2026-10-10T19:14:49+00:00,10,6,3,0.0,0.0,0.0,5.9,phase-4
2026-10-10T19:14:49+00:00,10,7,3,1.24,1.699,40.13,5.4,phase-4
2026-10-10T19:14:49+00:00,10,8,3,3.43,6.853,67.64,5.9,phase-4
2026-10-10T19:14:49+00:00,10,9,3,1.36,2.988,30.72,5.2,phase-4
2026-10-10T19:14:49+00:00,10,10,3,2.1,4.419,44.47,5.4,phase-4
2026-10-10T19:14:49+00:00,10,11,3,1.25,2.891,29.18,5.3,phase-4
2026-10-10T19:14:49+00:00,10,12,3,4.46,9.804,70.9,9.6,phase-4
2026-10-10T19:14:49+00:00,10,13,3,3.43,2.882,79.37,7.4,phase-4
2026-10-10T19:14:49+00:00,10,14,3,1.68,2.772,36.0,6.2,phase-4
2026-10-10T19:14:49+00:00,10,15,3,3.08,5.594,59.92,6.8,phase-4
2026-10-10T19:14:49+00:00,10,16,3,1.28,2.825,28.33,6.2,phase-4
2026-10-10T19:14:49+00:00,10,17,3,1.11,2.549,22.55,5.7,phase-4
2026-10-10T19:14:49+00:00,10,18,3,0.0,0.0,0.0,6.3,phase-4
2026-10-10T19:14:49+00:00,10,19,3,2.15,2.339,50.73,5.3,phase-4
2026-10-10T19:14:49+00:00,10,20,3,0.34,0.76,6.13,5.3,phase-4
2026-10-10T19:14:49+00:00,10,21,3,0.12,0.205,3.68,4.8,phase-4
2026-10-10T19:14:49+00:00,10,22,3,0.0,0.0,0.0,5.4,phase-4
2026-10-10T19:14:49+00:00,10,24,3,0.0,0.0,0.0,5.5,phase-4
2026-10-10T19:14:49+00:00,10,25,3,1.89,3.789,38.65,7.1,phase-4
2026-10-10T19:14:49+00:00,10,26,3,1.96,3.568,50.65,7.6,phase-4
2026-10-10T19:14:49+00:00,10,27,3,0.0,0.0,0.0,5.9,phase-4
2026-10-10T19:14:49+00:00,10,28,3,3.02,1.81,72.05,5.0,phase-4
2026-10-10T19:14:49+00:00,10,29,3,0.73,1.651,17.97,4.5,phase-4
2026-10-10T19:14:49+00:00,10,30,3,0.0,0.0,0.0,4.5,phase-4
2026-10-10T19:14:49+00:00,10,31,3,3.05,4.234,69.26,4.6,phase-4
2026-10-10T19:14:49+00:00,10,32,3,2.46,4.338,71.2,4.4,phase-4
2026-10-10T19:14:49+00:00,10,33,3,1.94,2.521,49.9,4.5,phase-4
2026-10-10T19:14:49+00:00,10,34,3,1.52,3.236,43.55,4.4,phase-4
2026-10-10T19:14:49+00:00,10,35,3,0.42,0.794,17.78,4.9,phase-4
2026-10-10T19:14:49+00:00,10,36,3,0.0,0.0,0.0,4.4,phase-4
2026-10-10T19:14:49+00:00,10,37,3,2.39,3.419,60.71,4.5,phase-4
2026-10-10T19:14:49+00:00,10,38,3,0.22,0.643,6.3,4.0,phase-4
2026-10-10T19:14:49+00:00,10,39,3,0.0,0.0,0.0,4.0,phase-4
2026-10-10T19:14:49+00:00,10,40,3,5.77,16.071,80.89,7.8,phase-4
2026-10-10T19:14:49+00:00,10,41,3,2.99,5.28,67.57,5.9,phase-4
2026-10-10T19:14:49+00:00,10,42,3,0.87,1.467,22.99,5.4,phase-4
2026-10-10T19:14:49+00:00,10,43,3,2.62,2.73,65.03,5.8,phase-4
2026-10-10T19:14:49+00:00,10,44,3,0.0,0.0,0.0,5.4,phase-4
2026-10-10T19:14:49+00:00,10,45,3,3.03,4.941,75.5,5.4,phase-4
2026-10-10T19:14:49+00:00,10,46,3,1.74,3.137,40.17,5.0,phase-4
2026-10-10T19:14:49+00:00,10,47,3,2.32,1.292,65.92,5.0,phase-4
2026-10-10T19:14:49+00:00,10,48,3,0.0,0.0,0.0,4.9,phase-4
2026-10-10T19:14:49+00:00,10,50,3,0.15,0.27,5.18,4.5,phase-4
2026-10-10T19:14:49+00:00,10,51,3,0.64,0.99,22.19,4.5,phase-4
2026-10-10T19:14:49+00:00,10,52,3,0.4,0.985,8.58,5.0,phase-4
2026-10-10T19:14:49+00:00,10,53,3,2.23,3.955,37.66,5.9,phase-4
2026-10-10T19:14:49+00:00,10,54,3,1.81,0.802,62.98,5.5,phase-4
2026-10-10T19:14:49+00:00,10,55,3,0.0,0.0,0.0,7.8,phase-4
2026-10-10T19:14:49+00:00,10,56,3,0.47,1.121,10.5,5.5,phase-4
2026-10-10T19:14:49+00:00,10,57,3,3.5,3.394,90.0,4.5,phase-4
2026-10-10T19:14:49+00:00,10,58,3,0.22,0.656,6.9,4.0,phase-4
2026-10-10T19:14:49+00:00,10,60,3,4.07,3.977,90.0,5.5,phase-4
2026-10-10T19:14:49+00:00,10,61,3,3.66,4.537,90.0,5.4,phase-4
2026-10-10T19:14:49+00:00,10,62,3,0.95,2.321,29.21,4.9,phase-4
2026-10-10T19:14:49+00:00,10,63,3,0.0,0.0,0.0,4.9,phase-4
2026-10-10T19:14:49+00:00,10,64,3,2.27,3.315,80.51,4.5,phase-4
2026-10-10T19:14:49+00:00,10,65,3,0.0,0.0,0.0,4.4,phase-4
2026-10-10T19:14:49+00:00,10,66,3,0.32,0.755,6.9,4.0,phase-4
2026-10-10T19:14:49+00:00,10,67,3,3.15,5.044,83.24,6.3,phase-4
2026-10-10T19:14:49+00:00,10,68,3,3.86,6.066,90.0,6.1,phase-4
2026-10-10T19:14:49+00:00,10,69,3,0.0,0.0,0.0,6.1,phase-4
2026-10-10T19:14:49+00:00,10,70,3,0.0,0.0,0.0,5.9,phase-4
2026-10-10T19:14:49+00:00,10,71,3,1.18,0.997,40.92,5.0,phase-4
2026-10-10T19:14:49+00:00,10,72,3,0.51,1.072,8.75,4.9,phase-4
2026-10-10T19:14:49+00:00,10,73,3,2.73,1.072,79.51,5.0,phase-4
2026-10-10T19:14:49+00:00,10,74,3,0.87,1.545,35.27,5.0,phase-4
2026-10-10T19:14:49+00:00,10,75,3,1.52,2.959,40.51,5.0,phase-4
2026-10-10T19:14:49+00:00,10,76,3,0.33,0.574,9.88,4.9,phase-4
2026-10-10T19:14:49+00:00,10,77,3,0.0,0.0,0.0,4.9,phase-4
2026-10-10T19:14:49+00:00,10,78,3,0.0,0.0,0.0,7.4,phase-4
2026-10-10T19:14:49+00:00,10,79,3,2.98,3.607,90.0,6.0,phase-4
2026-10-10T19:14:49+00:00,10,80,3,0.0,0.0,0.0,5.5,phase-4
2026-10-10T19:14:49+00:00,10,81,3,0.33,0.608,7.68,6.0,phase-4
2026-10-10T19:14:49+00:00,10,82,3,3.71,4.126,75.77,5.0,phase-4
2026-10-10T19:14:49+00:00,10,83,3,0.23,0.678,5.73,4.5,phase-4
2026-10-10T19:14:49+00:00,10,84,3,0.0,0.0,0.0,5.4,phase-4
2026-10-10T19:14:49+00:00,10,85,3,1.72,3.298,39.53,4.9,phase-4
2026-10-10T19:14:49+00:00,10,86,3,3.0,4.775,63.89,5.5,phase-4
2026-10-10T19:14:49+00:00,10,87,3,2.91,4.526,62.31,4.5,phase-4
2026-10-10T19:14:49+00:00,10,88,3,3.39,6.582,71.44,4.6,phase-4
2026-10-10T19:14:49+00:00,10,89,3,0.77,2.12,19.09,4.4,phase-4
2026-10-10T19:14:49+00:00,10,90,3,1.13,2.335,25.15,4.5,phase-4
2026-10-10T19:14:49+00:00,10,91,3,1.21,2.765,37.37,4.5,phase-4
2026-10-10T19:14:49+00:00,10,92,3,0.18,0.561,4.71,4.4,phase-4
2026-10-10T19:14:49+00:00,10,93,3,1.88,3.639,38.66,4.5,phase-4
2026-10-10T19:14:49+00:00,10,94,3,2.78,6.616,53.85,6.2,phase-4
2026-10-10T19:14:49+00:00,10,95,3,2.5,4.15,48.33,6.3,phase-4
2026-10-10T19:14:49+00:00,10,96,3,1.85,3.055,38.59,5.4,phase-4
2026-10-10T19:14:49+00:00,10,97,3,1.82,3.296,39.03,5.4,phase-4
2026-10-10T19:14:49+00:00,10,98,3,2.29,2.492,58.36,5.0,phase-4
2026-10-10T19:14:49+00:00,10,99,3,0.0,0.0,0.0,5.0,phase-4
2026-10-10T19:14:49+00:00,10,100,3,2.52,11.447,5.73,5.0,phase-4
2026-10-10T19:14:49+00:00,10,101,3,1.69,2.589,44.26,4.9,phase-4
2026-10-10T19:14:49+00:00,10,102,3,2.17,1.907,57.24,4.8,phase-4
2026-10-10T19:14:49+00:00,10,103,3,0.0,0.0,0.0,4.9,phase-4
2026-10-10T19:14:49+00:00,10,104,3,1.57,2.766,37.72,4.9,phase-4
2026-10-10T19:14:49+00:00,10,105,3,3.38,7.239,63.16,5.9,phase-4
2026-10-10T19:14:49+00:00,10,106,3,3.94,9.639,75.77,7.8,phase-4
2026-10-10T19:14:49+00:00,10,107,3,0.0,0.0,0.0,4.5,phase-4
2026-10-10T19:14:49+00:00,10,108,3,1.03,2.836,19.08,5.4,phase-4
2026-10-10T19:14:49+00:00,10,109,3,3.38,2.917,90.0,4.5,phase-4
2026-10-10T19:14:49+00:00,10,110,3,3.0,3.271,90.0,4.5,phase-4
2026-10-10T19:14:49+00:00,10,111,3,0.15,0.465,5.74,4.0,phase-4
2026-10-10T19:14:49+00:00,10,112,3,3.88,6.173,86.81,4.9,phase-4
2026-10-10T19:14:49+00:00,10,113,3,2.32,3.596,84.2,4.4,phase-4
2026-10-10T19:14:49+00:00,10,114,3,1.95,2.791,62.06,4.5,phase-4
2026-10-10T19:14:49+00:00,10,115,3,3.52,10.19,71.29,5.0,phase-4
2026-10-10T19:14:49+00:00,10,116,3,2.12,2.773,76.02,4.5,phase-4
2026-10-10T19:14:49+00:00,10,117,3,0.14,0.661,8.21,4.5,phase-4
2026-10-10T19:14:49+00:00,10,118,3,0.0,0.0,0.0,4.5,phase-4
2026-10-10T19:14:49+00:00,10,119,3,1.0,1.577,20.53,4.5,phase-4
2026-10-10T19:14:49+00:00,10,120,3,0.23,0.543,5.74,5.0,phase-4
2026-10-10T19:14:49+00:00,10,121,3,0.0,0.0,0.0,5.9,phase-4
2026-10-10T19:14:49+00:00,10,122,3,0.0,0.0,0.0,5.8,phase-4
2026-10-10T19:14:49+00:00,10,123,3,1.96,7.722,18.61,5.9,phase-4
2026-10-10T19:14:49+00:00,10,124,3,3.63,6.952,74.04,5.9,phase-4
2026-10-10T19:14:49+00:00,10,125,3,1.96,3.787,41.12,5.3,phase-4
2026-10-10T19:14:49+00:00,10,126,3,0.98,4.056,8.21,5.4,phase-4
2026-10-10T19:14:49+00:00,10,127,3,3.57,5.874,81.76,5.0,phase-4
2026-10-10T19:14:49+00:00,10,128,3,0.0,0.0,0.0,5.0,phase-4
2026-10-10T19:14:49+00:00,10,129,3,2.79,4.228,70.69,5.4,phase-4
2026-10-10T19:14:49+00:00,10,130,3,0.0,0.0,0.0,4.9,phase-4
2026-10-10T19:14:49+00:00,10,131,3,0.89,1.759,29.11,4.9,phase-4
2026-10-10T19:14:49+00:00,10,132,3,0.0,0.0,0.0,4.5,phase-4
2026-10-10T19:14:49+00:00,10,133,3,0.0,0.0,0.0,5.0,phase-4
2026-10-10T19:14:49+00:00,10,134,3,0.22,0.351,5.74,4.4,phase-4
2026-10-10T19:14:49+00:00,10,135,3,0.0,0.0,0.0,4.8,phase-4
2026-10-10T19:14:49+00:00,10,136,3,2.28,5.54,42.07,5.9,phase-4
2026-10-10T19:14:49+00:00,10,137,3,0.0,0.0,0.0,5.4,phase-4
2026-10-10T19:14:49+00:00,10,138,3,2.0,4.099,45.46,5.6,phase-4
2026-10-10T19:14:49+00:00,10,139,3,0.0,0.0,0.0,5.0,phase-4
2026-10-10T19:14:49+00:00,10,140,3,0.0,0.0,0.0,4.9,phase-4
2026-10-10T19:14:49+00:00,10,141,3,0.0,0.0,0.0,5.0,phase-4
2026-10-10T19:14:49+00:00,10,142,3,1.79,4.947,39.49,5.3,phase-4
2026-10-10T19:14:49+00:00,10,143,3,0.0,0.0,0.0,5.5,phase-4
2026-10-10T19:14:49+00:00,10,144,3,1.91,3.505,57.37,4.9,phase-4
2026-10-10T19:14:49+00:00,10,145,3,1.48,2.425,52.34,5.0,phase-4
2026-10-10T19:14:49+00:00,10,146,3,0.0,0.0,0.0,4.5,phase-4
2026-10-10T19:14:49+00:00,10,147,3,0.66,1.387,14.84,4.4,phase-4
2026-10-10T19:14:49+00:00,10,148,3,0.91,2.289,41.7,4.5,phase-4
2026-10-10T19:14:49+00:00,10,149,3,0.92,1.915,39.47,4.8,phase-4
2026-10-10T19:14:49+00:00,10,150,3,0.0,0.0,0.0,4.5,phase-4
2026-10-10T19:14:49+00:00,10,151,3,1.07,2.363,36.04,4.5,phase-4
2026-10-10T19:14:49+00:00,10,152,3,0.12,0.368,5.02,5.3,phase-4
2026-10-10T19:14:49+00:00,10,153,3,0.0,0.0,0.0,4.5,phase-4
2026-10-10T19:14:49+00:00,10,154,3,4.99,14.117,69.9,9.7,phase-4
2026-10-10T19:14:49+00:00,10,155,3,2.8,4.947,70.77,6.9,phase-4
2026-10-10T19:14:49+00:00,10,156,3,3.96,8.735,70.35,6.5,phase-4
2026-10-10T19:14:49+00:00,10,157,3,1.14,3.432,18.02,6.3,phase-4
2026-10-10T19:14:49+00:00,10,158,3,0.0,0.0,0.0,5.8,phase-4
2026-10-10T19:14:49+00:00,10,159,3,1.56,1.929,49.76,5.3,phase-4
2026-10-10T19:14:49+00:00,10,160,3,0.77,1.333,22.53,5.8,phase-4
2026-10-10T19:14:49+00:00,10,161,3,1.26,3.214,33.04,5.0,phase-4
2026-10-10T19:14:49+00:00,10,162,3,0.77,1.447,25.22,4.8,phase-4
2026-10-10T19:14:49+00:00,10,163,3,0.0,0.0,0.0,4.5,phase-4
2026-10-10T19:14:49+00:00,10,164,3,0.18,0.467,5.39,5.3,phase-4
2026-10-10T19:14:49+00:00,10,165,3,6.35,16.097,71.2,7.7,phase-4
2026-10-10T19:14:49+00:00,10,166,3,2.28,2.513,78.06,6.5,phase-4
2026-10-10T19:14:49+00:00,10,167,3,1.39,1.526,51.08,5.6,phase-4
2026-10-10T19:14:49+00:00,10,168,3,0.0,0.0,0.0,5.0,phase-4
2026-10-10T19:14:49+00:00,10,169,3,0.22,0.334,5.02,4.5,phase-4
2026-10-10T19:14:49+00:00,10,170,3,0.0,0.0,0.0,4.9,phase-4
2026-10-10T19:14:49+00:00,10,172,3,0.2,0.605,6.6,4.4,phase-4
2026-10-10T19:14:49+00:00,10,173,3,3.25,4.922,90.0,4.0,phase-4
2026-10-10T19:14:49+00:00,10,175,3,1.77,3.34,65.11,4.0,phase-4
2026-10-10T19:14:49+00:00,10,176,3,3.11,4.925,90.0,4.0,phase-4
2026-10-10T19:14:49+00:00,10,177,3,0.1,0.311,3.31,3.9,phase-4
2026-10-10T19:14:49+00:00,10,178,3,0.2,0.605,6.6,4.0,phase-4
2026-10-10T19:14:49+00:00,10,179,3,0.57,0.859,6.6,4.0,phase-4
2026-10-10T19:14:49+00:00,10,180,3,0.0,0.0,0.0,3.9,phase-4
2026-10-10T19:14:49+00:00,10,182,3,0.0,0.0,0.0,4.0,phase-4
2026-10-10T19:14:49+00:00,10,183,3,3.13,3.773,80.97,4.9,phase-4
2026-10-10T19:14:49+00:00,10,184,3,1.59,0.945,50.48,4.9,phase-4
2026-10-10T19:14:49+00:00,10,185,3,0.34,0.708,8.14,4.8,phase-4
2026-10-10T19:14:49+00:00,10,186,3,2.54,2.095,80.97,5.3,phase-4
2026-10-10T19:14:49+00:00,10,187,3,0.0,0.0,0.0,4.8,phase-4
2026-10-10T19:14:49+00:00,10,188,3,0.71,1.223,13.91,5.3,phase-4
2026-10-10T19:14:49+00:00,10,189,3,0.17,0.316,6.6,4.4,phase-4
2026-10-10T19:14:49+00:00,10,190,3,1.8,1.859,48.47,5.3,phase-4
2026-10-10T19:14:49+00:00,10,193,3,0.0,0.0,0.0,5.3,phase-4
2026-10-10T19:14:49+00:00,10,194,3,1.83,0.76,57.8,5.0,phase-4
2026-10-10T19:14:49+00:00,10,195,3,0.86,1.494,27.3,4.9,phase-4
2026-10-10T19:14:49+00:00,10,198,3,0.0,0.0,0.0,4.9,phase-4
2026-10-10T19:14:49+00:00,10,199,3,0.94,1.847,22.41,4.5,phase-4
2026-10-10T19:14:49+00:00,10,200,3,2.78,3.297,74.57,5.9,phase-4
2026-10-10T19:14:49+00:00,10,201,3,2.34,4.47,74.56,5.4,phase-4
2026-10-10T19:14:49+00:00,10,202,3,3.72,3.564,88.9,4.9,phase-4
2026-10-10T19:14:49+00:00,10,203,3,2.43,2.421,62.98,4.8,phase-4
2026-10-10T19:14:49+00:00,10,204,3,3.36,5.779,90.0,4.5,phase-4
2026-10-10T19:14:49+00:00,10,205,3,0.0,0.0,0.0,4.5,phase-4
2026-10-10T19:14:49+00:00,10,206,3,0.0,0.0,0.0,4.3,phase-4
2026-10-10T19:14:49+00:00,10,207,3,0.26,0.642,6.27,4.3,phase-4
2026-10-10T19:14:49+00:00,10,208,3,1.63,2.825,42.3,6.2,phase-4
2026-10-10T19:14:49+00:00,10,209,3,1.88,3.33,55.36,5.9,phase-4
2026-10-10T19:14:49+00:00,10,210,3,3.0,1.696,86.79,5.4,phase-4
2026-10-10T19:14:49+00:00,10,211,3,2.36,2.548,71.63,5.5,phase-4
2026-10-10T19:14:49+00:00,10,212,3,0.86,1.289,32.8,4.4,phase-4
2026-10-10T19:14:49+00:00,10,213,3,1.55,2.735,38.19,4.8,phase-4
2026-10-10T19:14:49+00:00,10,214,3,2.62,1.575,79.41,5.0,phase-4
2026-10-10T19:14:49+00:00,10,215,3,0.0,0.0,0.0,5.0,phase-4
2026-10-10T19:14:49+00:00,10,216,3,0.0,0.0,0.0,5.0,phase-4
2026-10-10T19:14:49+00:00,10,218,3,0.16,0.301,6.27,4.8,phase-4
2026-10-10T19:14:49+00:00,10,220,3,0.0,0.0,0.0,4.5,phase-4
2026-10-10T19:14:49+00:00,10,221,3,0.34,0.479,6.27,4.4,phase-4
2026-10-10T19:14:49+00:00,10,222,3,2.06,1.399,72.09,6.0,phase-4
2026-10-10T19:14:49+00:00,10,223,3,0.0,0.0,0.0,6.3,phase-4
2026-10-10T19:14:49+00:00,10,224,3,1.28,2.899,31.15,5.5,phase-4
2026-10-10T19:14:49+00:00,10,225,3,0.0,0.0,0.0,5.0,phase-4
2026-10-10T19:14:49+00:00,10,226,3,3.44,2.813,90.0,5.5,phase-4
2026-10-10T19:14:49+00:00,10,227,3,0.16,0.484,6.04,5.0,phase-4
2026-10-10T19:14:49+00:00,10,228,3,0.16,0.484,6.04,4.5,phase-4
2026-10-10T19:14:49+00:00,10,229,3,3.82,3.982,90.0,6.2,phase-4
2026-10-10T19:14:49+00:00,10,230,3,2.19,2.477,57.7,5.5,phase-4
2026-10-10T19:14:49+00:00,10,231,3,1.45,2.745,47.56,4.8,phase-4
2026-10-10T19:14:49+00:00,10,232,3,1.79,1.896,58.91,4.8,phase-4
2026-10-10T19:14:49+00:00,10,233,3,1.77,3.016,65.74,4.6,phase-4
2026-10-10T19:14:49+00:00,10,234,3,0.0,0.0,0.0,4.5,phase-4
2026-10-10T19:14:49+00:00,10,236,3,3.55,5.557,84.59,6.6,phase-4
2026-10-10T19:14:49+00:00,10,237,3,2.86,3.348,73.03,5.8,phase-4
2026-10-10T19:14:49+00:00,10,238,3,1.74,2.026,43.48,6.5,phase-4
2026-10-10T19:14:49+00:00,10,239,3,3.46,1.88,87.16,6.0,phase-4
2026-10-10T19:14:49+00:00,10,240,3,1.03,2.003,31.89,5.0,phase-4
2026-10-10T19:14:49+00:00,10,241,3,0.98,1.462,32.59,5.3,phase-4
2026-10-10T19:14:49+00:00,10,242,3,1.23,1.711,37.51,5.5,phase-4
2026-10-10T19:14:49+00:00,10,243,3,0.51,2.024,13.85,4.9,phase-4
2026-10-10T19:14:49+00:00,10,244,3,1.51,0.993,54.47,5.0,phase-4
2026-10-10T19:14:49+00:00,10,245,3,0.49,1.459,11.25,5.3,phase-4
2026-10-10T19:14:49+00:00,10,246,3,0.52,1.025,18.72,4.9,phase-4
2026-10-10T19:14:49+00:00,10,247,3,1.42,1.057,32.91,5.4,phase-4
2026-10-10T19:14:49+00:00,10,248,3,0.0,0.0,0.0,5.4,phase-4
2026-10-10T19:14:49+00:00,10,249,3,3.2,5.535,75.45,5.7,phase-4
2026-10-10T19:14:49+00:00,10,250,3,3.06,2.761,77.89,4.5,phase-4
2026-10-10T19:14:49+00:00,10,251,3,0.13,0.4,4.79,4.0,phase-4
2026-10-10T19:14:49+00:00,10,253,3,1.78,2.043,56.25,5.0,phase-4
2026-10-10T19:14:49+00:00,10,254,3,1.38,2.721,41.88,4.5,phase-4
2026-10-10T19:14:49+00:00,10,255,3,0.54,1.618,21.78,4.5,phase-4
2026-10-10T19:14:49+00:00,10,256,3,1.08,2.429,35.41,4.4,phase-4
2026-10-10T19:14:49+00:00,10,257,3,2.04,2.806,69.84,4.5,phase-4
2026-10-10T19:14:49+00:00,10,258,3,1.95,3.458,59.0,4.5,phase-4
2026-10-10T19:14:49+00:00,10,259,3,1.51,1.879,51.76,4.0,phase-4
2026-10-10T19:14:49+00:00,10,260,3,2.26,2.907,54.06,6.2,phase-4
2026-10-10T19:14:49+00:00,10,261,3,2.62,2.543,70.64,5.4,phase-4
2026-10-10T19:14:49+00:00,10,262,3,1.03,1.824,31.07,5.3,phase-4
2026-10-10T19:14:49+00:00,10,263,3,0.97,1.836,20.98,5.3,phase-4
2026-10-10T19:14:49+00:00,10,264,3,1.72,2.667,49.99,5.5,phase-4
2026-10-10T19:14:49+00:00,10,265,3,2.16,1.195,70.27,4.9,phase-4
2026-10-10T19:14:49+00:00,10,266,3,0.0,0.0,0.0,4.9,phase-4
2026-10-10T19:14:49+00:00,10,267,3,1.68,1.036,61.07,4.9,phase-4
2026-10-10T19:14:49+00:00,10,268,3,2.13,2.753,58.63,5.6,phase-4
2026-10-10T19:14:49+00:00,10,269,3,1.7,3.738,37.61,4.3,phase-4
2026-10-10T19:14:49+00:00,10,270,3,0.33,0.608,5.83,4.4,phase-4
2026-10-10T19:14:49+00:00,10,271,3,0.65,1.733,18.52,5.4,phase-4
2026-10-10T19:14:49+00:00,10,272,3,0.09,0.302,4.79,4.5,phase-4
2026-10-10T19:14:49+00:00,10,273,3,0.2,0.599,5.64,4.0,phase-4
2026-10-10T19:14:49+00:00,10,274,3,0.0,0.0,0.0,4.4,phase-4
2026-10-10T19:14:49+00:00,10,277,3,1.77,3.316,49.25,4.1,phase-4
2026-10-10T19:14:49+00:00,10,278,3,0.0,0.0,0.0,3.9,phase-4
2026-10-10T19:14:49+00:00,10,279,3,2.19,4.037,50.49,4.2,phase-4
2026-10-10T19:14:49+00:00,10,280,3,2.96,4.286,84.99,4.0,phase-4
2026-10-10T19:14:49+00:00,10,281,3,0.0,0.0,0.0,4.0,phase-4
2026-10-10T19:14:49+00:00,10,282,3,2.01,3.225,50.18,4.0,phase-4
2026-10-10T19:14:49+00:00,10,284,3,0.2,0.599,5.64,4.0,phase-4
2026-10-10T19:14:49+00:00,10,285,3,0.37,1.059,8.49,4.0,phase-4
2026-10-10T19:14:49+00:00,10,286,3,3.12,3.27,86.5,5.1,phase-4
2026-10-10T19:14:49+00:00,10,287,3,0.0,0.0,0.0,5.0,phase-4
2026-10-10T19:14:49+00:00,10,288,3,0.74,1.094,15.52,4.4,phase-4
2026-10-10T19:14:49+00:00,10,289,3,0.71,1.252,53.25,4.4,phase-4
2026-10-10T19:14:49+00:00,10,290,3,2.45,1.413,86.5,4.5,phase-4
2026-10-10T19:14:49+00:00,10,291,3,0.0,0.0,0.0,4.5,phase-4
2026-10-10T19:14:49+00:00,10,292,3,0.15,0.278,5.64,4.9,phase-4
2026-10-10T19:14:49+00:00,10,294,3,0.15,0.278,5.64,4.5,phase-4
2026-10-10T19:14:49+00:00,10,295,3,2.4,4.48,63.29,5.5,phase-4
2026-10-10T19:14:49+00:00,10,297,3,0.0,0.0,0.0,4.4,phase-4
2026-10-10T19:14:49+00:00,10,299,3,0.0,0.0,0.0,4.5,phase-4
2026-10-10T19:14:49+00:00,10,300,3,0.72,1.424,22.66,4.4,phase-4
2026-10-10T19:14:49+00:00,10,301,3,0.54,1.143,17.53,4.0,phase-4
2026-10-10T19:14:49+00:00,10,302,3,0.17,0.348,4.61,4.0,phase-4
2026-10-10T19:14:49+00:00,10,303,3,0.1,0.336,4.61,3.9,phase-4
2026-10-10T19:14:49+00:00,10,304,3,2.31,2.647,72.71,4.0,phase-4
2026-10-10T19:14:49+00:00,10,305,3,1.97,4.504,70.38,4.0,phase-4
2026-10-10T19:14:49+00:00,10,306,3,1.45,1.718,56.47,3.9,phase-4
2026-10-10T19:14:49+00:00,10,307,3,0.0,0.0,0.0,4.0,phase-4
2026-10-10T19:14:49+00:00,10,308,3,0.97,0.513,20.11,3.9,phase-4
2026-10-10T19:14:49+00:00,10,309,3,0.88,1.176,30.59,4.9,phase-4
2026-10-10T19:14:49+00:00,10,310,3,0.11,0.22,4.61,4.9,phase-4
2026-10-10T19:14:49+00:00,10,311,3,0.0,0.0,0.0,5.0,phase-4
2026-10-10T19:14:49+00:00,10,312,3,0.36,0.879,11.75,4.4,phase-4
2026-10-10T19:14:49+00:00,10,313,3,1.15,1.928,31.42,5.3,phase-4
2026-10-10T19:14:49+00:00,10,314,3,0.0,0.0,0.0,4.9,phase-4
2026-10-10T19:14:49+00:00,10,315,3,0.81,1.775,37.75,5.4,phase-4
2026-10-10T19:14:49+00:00,10,316,3,2.79,2.809,75.19,5.6,phase-4
2026-10-10T19:14:49+00:00,10,317,3,0.0,0.0,0.0,5.0,phase-4
2026-10-10T19:14:49+00:00,10,318,3,0.6,1.348,19.92,5.4,phase-4
2026-10-10T19:14:49+00:00,10,319,3,0.0,0.0,0.0,5.0,phase-4
2026-10-10T19:14:49+00:00,10,320,3,1.41,2.067,17.79,5.0,phase-4
2026-10-10T19:14:49+00:00,10,321,3,0.21,0.398,4.61,4.5,phase-4
2026-10-10T19:14:49+00:00,10,322,3,0.0,0.0,0.0,5.0,phase-4
2026-10-10T19:14:49+00:00,10,323,3,0.45,0.998,15.09,4.4,phase-4
2026-10-10T19:14:49+00:00,10,324,3,0.11,0.22,4.61,4.8,phase-4
2026-10-10T19:14:49+00:00,10,325,3,0.81,1.236,29.44,4.5,phase-4
2026-10-10T19:14:49+00:00,10,326,3,0.0,0.0,0.0,4.5,phase-4
2026-10-10T19:14:49+00:00,10,327,3,1.76,3.427,43.3,5.0,phase-4
2026-10-10T19:14:49+00:00,10,328,3,0.0,0.0,0.0,4.9,phase-4
2026-10-10T19:14:49+00:00,10,329,3,0.0,0.0,0.0,4.3,phase-4
2026-10-10T19:14:49+00:00,10,330,3,3.2,6.938,77.38,4.6,phase-4
2026-10-10T19:14:49+00:00,10,331,3,2.4,3.115,67.19,4.5,phase-4
2026-10-10T19:14:49+00:00,10,332,3,2.85,4.204,68.0,4.5,phase-4
2026-10-10T19:14:49+00:00,10,333,3,0.0,0.0,0.0,4.5,phase-4
2026-10-10T19:14:49+00:00,10,334,3,2.95,4.368,82.67,5.0,phase-4
2026-10-10T19:14:49+00:00,10,335,3,3.28,3.561,73.97,6.0,phase-4
2026-10-10T19:14:49+00:00,10,336,3,2.35,4.441,55.71,5.8,phase-4
2026-10-10T19:14:49+00:00,10,337,3,2.05,1.719,55.75,5.3,phase-4
2026-10-10T19:14:49+00:00,10,338,3,2.99,1.037,79.94,5.4,phase-4
2026-10-10T19:14:49+00:00,10,339,3,0.6,1.074,16.32,4.8,phase-4
2026-10-10T19:14:49+00:00,10,340,3,0.52,1.552,5.64,5.0,phase-4
2026-10-10T19:14:49+00:00,10,341,3,0.0,0.0,0.0,5.0,phase-4
2026-10-10T19:14:49+00:00,10,342,3,0.0,0.0,0.0,5.0,phase-4
2026-10-10T19:14:49+00:00,10,343,3,0.0,0.0,0.0,4.9,phase-4
2026-10-10T19:14:49+00:00,10,344,3,0.62,1.06,21.46,5.0,phase-4
2026-10-10T19:14:49+00:00,10,345,3,1.6,2.459,47.59,4.9,phase-4
2026-10-10T19:14:49+00:00,10,346,3,2.94,5.159,75.67,6.0,phase-4
2026-10-10T19:14:49+00:00,10,347,3,1.27,2.439,22.75,5.4,phase-4
2026-10-10T19:14:49+00:00,10,348,3,0.0,0.0,0.0,5.0,phase-4
2026-10-10T19:14:49+00:00,10,349,3,0.0,0.0,0.0,4.5,phase-4
2026-10-10T19:14:49+00:00,10,350,3,2.95,2.64,80.41,5.5,phase-4
2026-10-10T19:14:49+00:00,10,351,3,0.7,1.477,19.03,4.8,phase-4
2026-10-10T19:14:49+00:00,10,352,3,0.32,0.733,8.63,4.0,phase-4
2026-10-10T19:14:49+00:00,10,354,3,0.0,0.0,0.0,4.0,phase-4
2026-10-10T19:14:49+00:00,10,355,3,0.17,0.515,6.03,4.0,phase-4
2026-10-10T19:14:49+00:00,10,356,3,3.64,4.643,90.0,6.5,phase-4
2026-10-10T19:14:49+00:00,10,357,3,1.15,2.847,36.81,5.3,phase-4
2026-10-10T19:14:49+00:00,10,358,3,2.1,2.944,75.88,5.3,phase-4
2026-10-10T19:14:49+00:00,10,359,3,0.36,1.273,15.14,4.9,phase-4
2026-10-10T19:14:49+00:00,10,360,3,0.0,0.0,0.0,5.0,phase-4
2026-10-10T19:14:49+00:00,10,361,3,0.17,0.515,6.03,4.0,phase-4
2026-10-10T19:14:49+00:00,10,362,3,2.62,3.272,90.0,5.0,phase-4
2026-10-10T19:14:49+00:00,10,363,3,0.0,0.0,0.0,4.0,phase-4
2026-10-10T19:14:49+00:00,10,364,3,0.68,1.846,23.03,4.9,phase-4
2026-10-10T19:14:49+00:00,10,366,3,2.72,2.776,81.43,7.3,phase-4
2026-10-10T19:14:49+00:00,10,367,3,0.0,0.0,0.0,7.2,phase-4
2026-10-10T19:14:49+00:00,10,368,3,3.33,3.76,90.0,6.9,phase-4
2026-10-10T19:14:49+00:00,10,369,3,0.68,1.34,19.98,5.7,phase-4
2026-10-10T19:14:49+00:00,10,370,3,0.06,0.157,1.83,5.3,phase-4
2026-10-10T19:14:49+00:00,10,371,3,2.49,1.48,71.89,5.8,phase-4
2026-10-10T19:14:49+00:00,10,372,3,2.25,1.095,74.39,5.4,phase-4
2026-10-10T19:14:49+00:00,10,373,3,0.0,0.0,0.0,5.5,phase-4
2026-10-10T19:14:49+00:00,10,374,3,0.19,0.416,7.34,4.9,phase-4
2026-10-10T19:14:49+00:00,10,375,3,0.18,0.314,6.03,4.8,phase-4
2026-10-10T19:14:49+00:00,10,377,3,1.85,1.361,61.64,6.5,phase-4
2026-10-10T19:14:49+00:00,10,378,3,0.15,0.288,6.03,4.4,phase-4
2026-10-10T19:14:49+00:00,10,379,3,0.0,0.0,0.0,9.1,phase-4
2026-10-10T19:14:49+00:00,10,380,3,0.0,0.0,0.0,7.4,phase-4
2026-10-10T19:14:49+00:00,10,381,3,0.35,0.838,6.03,5.0,phase-4
2026-10-10T19:14:49+00:00,10,382,3,0.14,0.273,6.03,4.5,phase-4
2026-10-10T19:14:49+00:00,10,383,3,0.0,0.0,0.0,5.4,phase-4
2026-10-10T19:14:49+00:00,10,384,3,2.64,1.618,79.87,5.5,phase-4
2026-10-10T19:14:49+00:00,10,385,3,2.6,2.731,51.12,5.0,phase-4
2026-10-10T19:14:49+00:00,10,386,3,0.11,0.366,5.44,4.5,phase-4
2026-10-10T19:14:49+00:00,10,387,3,2.09,7.206,43.89,6.3,phase-4
2026-10-10T19:14:49+00:00,10,388,3,2.77,6.015,80.78,6.0,phase-4
2026-10-10T19:14:49+00:00,10,389,3,1.84,2.165,63.02,5.9,phase-4
2026-10-10T19:14:49+00:00,10,390,3,2.0,3.205,70.71,5.5,phase-4
2026-10-10T19:14:49+00:00,10,391,3,2.01,3.32,61.98,5.7,phase-4
2026-10-10T19:14:49+00:00,10,392,3,0.43,1.279,19.52,5.2,phase-4
2026-10-10T19:14:49+00:00,10,393,3,1.14,1.558,47.9,5.4,phase-4
2026-10-10T19:14:49+00:00,10,394,3,0.0,0.0,0.0,5.0,phase-4
2026-10-10T19:14:49+00:00,10,395,3,0.45,1.874,16.54,4.4,phase-4
2026-10-10T19:14:49+00:00,10,396,3,0.18,0.439,5.44,4.5,phase-4
2026-10-10T19:14:49+00:00,10,397,3,2.91,6.915,61.96,8.4,phase-4
2026-10-10T19:14:49+00:00,10,398,3,0.0,0.0,0.0,6.9,phase-4
2026-10-10T19:14:49+00:00,10,399,3,3.39,6.74,56.68,7.8,phase-4
2026-10-10T19:14:49+00:00,10,400,3,3.24,10.395,30.72,7.4,phase-4
2026-10-10T19:14:49+00:00,10,401,3,1.6,2.453,44.38,7.0,phase-4
2026-10-10T19:14:49+00:00,10,402,3,0.0,0.0,0.0,6.5,phase-4
2026-10-10T19:14:49+00:00,10,403,3,1.79,2.572,43.47,6.5,phase-4
2026-10-10T19:14:49+00:00,10,404,3,0.0,0.0,0.0,6.0,phase-4
2026-10-10T19:14:49+00:00,10,405,3,1.37,1.616,51.32,5.5,phase-4
2026-10-10T19:14:49+00:00,10,406,3,0.22,0.42,6.62,5.3,phase-4
2026-10-10T19:14:49+00:00,10,409,3,0.0,0.0,0.0,4.5,phase-4
2026-10-10T19:14:49+00:00,10,410,3,0.0,0.0,0.0,4.9,phase-4
2026-10-10T19:14:49+00:00,10,411,3,5.7,13.762,79.87,15.6,phase-4
2026-10-10T19:14:49+00:00,10,412,3,2.57,0.737,74.58,4.9,phase-4
2026-10-10T19:14:49+00:00,10,413,3,0.0,0.0,0.0,4.5,phase-4
2026-10-10T19:14:49+00:00,10,414,3,0.0,0.0,0.0,4.0,phase-4
2026-10-10T19:14:49+00:00,10,415,3,0.0,0.0,0.0,5.8,phase-4
2026-10-10T19:14:49+00:00,10,416,3,0.0,0.0,0.0,4.9,phase-4
2026-10-10T19:14:49+00:00,10,417,3,1.26,2.495,63.13,4.9,phase-4
2026-10-10T19:14:49+00:00,10,418,3,1.18,2.068,63.9,4.8,phase-4
2026-10-10T19:14:49+00:00,10,419,3,0.99,1.102,54.47,4.9,phase-4
2026-10-10T19:14:49+00:00,10,420,3,0.56,1.335,32.23,4.8,phase-4
2026-10-10T19:14:49+00:00,10,421,3,0.38,1.654,22.23,4.3,phase-4
2026-10-10T19:14:49+00:00,10,422,3,0.33,1.604,16.81,4.4,phase-4
2026-10-10T19:14:49+00:00,10,423,3,1.08,1.585,75.02,4.3,phase-4
2026-10-10T19:14:49+00:00,10,424,3,0.06,0.262,4.89,4.0,phase-4
2026-10-10T19:14:49+00:00,10,425,3,0.0,0.0,0.0,4.0,phase-4
2026-10-10T19:14:49+00:00,10,426,3,5.47,13.465,77.05,11.9,phase-4
2026-10-10T19:14:49+00:00,10,427,3,4.32,11.923,73.77,7.9,phase-4
2026-10-10T19:14:49+00:00,10,428,3,3.52,7.325,72.12,7.9,phase-4
2026-10-10T19:14:49+00:00,10,429,3,2.26,2.559,64.28,6.9,phase-4
2026-10-10T19:14:49+00:00,10,430,3,0.97,3.424,17.53,5.4,phase-4
2026-10-10T19:14:49+00:00,10,431,3,1.29,2.351,39.5,5.7,phase-4
2026-10-10T19:14:49+00:00,10,432,3,2.21,1.558,56.94,5.5,phase-4
2026-10-10T19:14:49+00:00,10,433,3,0.0,0.0,0.0,5.0,phase-4
2026-10-10T19:14:49+00:00,10,434,3,0.12,0.23,4.89,4.9,phase-4
2026-10-10T19:14:49+00:00,10,435,3,0.14,0.252,4.89,4.9,phase-4
2026-10-10T19:14:49+00:00,10,437,3,0.12,0.239,4.89,4.4,phase-4
2026-10-10T19:14:49+00:00,10,438,3,0.16,0.276,4.89,4.4,phase-4
2026-10-10T19:14:49+00:00,10,439,3,0.0,0.0,0.0,7.0,phase-4
2026-10-10T19:14:49+00:00,10,440,3,0.57,1.481,13.18,5.3,phase-4
2026-10-10T19:14:49+00:00,10,442,3,1.87,2.838,46.0,4.9,phase-4
2026-10-10T19:14:49+00:00,10,443,3,0.2,0.595,6.26,4.5,phase-4
2026-10-10T19:14:49+00:00,10,444,3,0.0,0.0,0.0,4.4,phase-4
2026-10-10T19:14:49+00:00,10,445,3,3.81,4.943,90.0,5.0,phase-4
2026-10-10T19:14:49+00:00,10,446,3,0.85,2.03,23.34,4.9,phase-4
2026-10-10T19:14:49+00:00,10,447,3,3.47,3.466,78.17,5.0,phase-4
2026-10-10T19:14:49+00:00,10,448,3,0.0,0.0,0.0,4.8,phase-4
2026-10-10T19:14:49+00:00,10,449,3,3.52,4.944,81.33,5.3,phase-4
2026-10-10T19:14:49+00:00,10,450,3,0.49,1.452,14.35,4.9,phase-4
2026-10-10T19:14:49+00:00,10,451,3,0.0,0.0,0.0,4.0,phase-4
2026-10-10T19:14:49+00:00,10,452,3,2.71,3.883,49.44,6.7,phase-4
2026-10-10T19:14:49+00:00,10,453,3,3.15,4.946,76.07,6.1,phase-4
2026-10-10T19:14:49+00:00,10,454,3,0.0,0.0,0.0,6.1,phase-4
2026-10-10T19:14:49+00:00,10,455,3,2.86,1.392,82.24,5.3,phase-4
2026-10-10T19:14:49+00:00,10,456,3,0.0,0.0,0.0,4.8,phase-4
2026-10-10T19:14:49+00:00,10,457,3,1.46,2.391,49.44,5.9,phase-4
2026-10-10T19:14:49+00:00,10,458,3,0.67,1.231,27.96,5.4,phase-4
2026-10-10T19:14:49+00:00,10,459,3,1.73,1.747,52.25,5.5,phase-4
2026-10-10T19:14:49+00:00,10,460,3,2.06,2.833,48.09,5.0,phase-4
2026-10-10T19:14:49+00:00,10,461,3,0.97,2.085,12.44,5.8,phase-4
2026-10-10T19:14:49+00:00,10,462,3,1.73,0.312,54.8,4.9,phase-4
2026-10-10T19:14:49+00:00,10,463,3,0.0,0.0,0.0,5.9,phase-4
2026-10-10T19:14:49+00:00,10,464,3,1.97,2.676,55.77,6.2,phase-4
2026-10-10T19:14:49+00:00,10,465,3,0.68,1.642,12.21,5.8,phase-4
2026-10-10T19:14:49+00:00,10,466,3,0.0,0.0,0.0,4.5,phase-4
2026-10-10T19:14:49+00:00,10,467,3,3.2,2.193,90.0,5.0,phase-4
2026-10-10T19:14:49+00:00,10,468,3,0.33,0.915,13.38,4.5,phase-4
2026-10-10T19:14:49+00:00,10,469,3,1.2,3.019,48.33,5.0,phase-4
2026-10-10T19:14:49+00:00,10,470,3,0.0,0.0,0.0,5.0,phase-4
2026-10-10T19:14:49+00:00,10,471,3,0.0,0.0,0.0,5.4,phase-4
2026-10-10T19:14:49+00:00,10,472,3,2.91,2.953,84.76,5.5,phase-4
2026-10-10T19:14:49+00:00,10,473,3,1.56,2.491,63.89,4.4,phase-4
2026-10-10T19:14:49+00:00,10,474,3,1.1,2.0,48.65,4.5,phase-4
2026-10-10T19:14:49+00:00,10,475,3,0.0,0.0,0.0,4.5,phase-4
2026-10-10T19:14:49+00:00,10,476,3,0.15,0.464,6.44,4.0,phase-4
2026-10-10T19:14:49+00:00,10,477,3,0.0,0.0,0.0,4.0,phase-4
2026-10-10T19:14:49+00:00,10,478,3,0.27,0.774,10.6,4.4,phase-4
2026-10-10T19:14:49+00:00,10,480,3,3.76,6.155,90.0,8.0,phase-4
2026-10-10T19:14:49+00:00,10,481,3,3.56,2.346,82.6,6.3,phase-4
2026-10-10T19:14:49+00:00,10,482,3,1.11,1.547,36.12,5.8,phase-4
2026-10-10T19:14:49+00:00,10,483,3,2.03,3.019,63.81,5.5,phase-4
2026-10-10T19:14:49+00:00,10,484,3,0.0,0.0,0.0,5.4,phase-4
2026-10-10T19:14:49+00:00,10,485,3,0.0,0.0,0.0,5.5,phase-4
2026-10-10T19:14:49+00:00,10,486,3,1.49,1.68,50.23,5.5,phase-4
2026-10-10T19:14:49+00:00,10,487,3,0.79,1.163,30.02,4.9,phase-4
2026-10-10T19:14:49+00:00,10,488,3,1.53,1.427,51.86,4.8,phase-4
2026-10-10T19:14:49+00:00,10,489,3,0.37,0.865,11.79,4.4,phase-4
2026-10-10T19:14:49+00:00,10,490,3,0.79,1.412,24.2,5.8,phase-4
2026-10-10T19:14:49+00:00,10,491,3,0.0,0.0,0.0,5.8,phase-4
2026-10-10T19:14:49+00:00,10,492,3,0.0,0.0,0.0,5.4,phase-4
2026-10-10T19:14:49+00:00,10,493,3,0.28,0.424,6.44,5.4,phase-4
2026-10-10T19:14:49+00:00,10,494,3,0.0,0.0,0.0,4.5,phase-4
2026-10-10T19:14:49+00:00,10,495,3,0.18,0.532,5.45,4.0,phase-4
2026-10-10T19:14:49+00:00,10,496,3,2.48,2.412,59.41,4.5,phase-4
2026-10-10T19:14:49+00:00,10,497,3,2.21,2.584,52.22,4.0,phase-4
2026-10-10T19:14:49+00:00,10,498,3,2.99,3.221,67.69,5.8,phase-4
2026-10-10T19:14:49+00:00,10,499,3,0.0,0.0,0.0,5.4,phase-4
2026-10-10T19:14:49+00:00,10,500,3,0.0,0.0,0.0,5.0,phase-4
2026-10-10T19:14:49+00:00,10,501,3,2.22,2.831,59.54,5.0,phase-4
2026-10-10T19:14:49+00:00,10,502,3,2.18,2.787,52.5,4.4,phase-4
2026-10-10T19:14:49+00:00,10,503,3,2.91,5.713,75.88,5.0,phase-4
2026-10-10T19:14:49+00:00,10,504,3,2.91,5.382,90.0,5.0,phase-4
2026-10-10T19:14:49+00:00,10,505,3,0.0,0.0,0.0,4.5,phase-4
2026-10-10T19:14:49+00:00,10,506,3,1.19,2.916,36.55,4.4,phase-4
2026-10-10T19:14:49+00:00,10,508,3,0.27,1.038,7.8,3.9,phase-4
2026-10-10T19:14:49+00:00,10,509,3,0.33,0.687,5.45,4.0,phase-4
2026-10-10T19:14:49+00:00,10,510,3,0.33,0.687,5.45,4.0,phase-4
2026-10-10T19:14:49+00:00,10,511,3,0.0,0.0,0.0,4.0,phase-4
2026-10-10T19:14:49+00:00,10,512,3,1.98,2.595,42.5,6.5,phase-4
2026-10-10T19:14:49+00:00,10,513,3,0.0,0.0,0.0,5.9,phase-4
2026-10-10T19:14:49+00:00,10,514,3,1.79,2.46,45.42,5.7,phase-4
2026-10-10T19:14:49+00:00,10,515,3,0.37,0.762,7.37,6.3,phase-4
2026-10-10T19:14:49+00:00,10,516,3,0.0,0.0,0.0,5.5,phase-4
2026-10-10T19:14:49+00:00,10,517,3,0.0,0.0,0.0,5.5,phase-4
2026-10-10T19:14:49+00:00,10,518,3,0.0,0.0,0.0,4.9,phase-4
2026-10-10T19:14:49+00:00,10,519,3,1.45,3.131,41.16,5.3,phase-4
2026-10-10T19:14:49+00:00,10,520,3,1.05,1.875,31.21,5.3,phase-4
2026-10-10T19:14:49+00:00,10,521,3,0.0,0.0,0.0,6.5,phase-4
2026-10-10T19:14:49+00:00,10,522,3,1.92,1.184,60.3,4.9,phase-4
2026-10-10T19:14:49+00:00,10,523,3,0.0,0.0,0.0,5.0,phase-4
2026-10-10T19:14:49+00:00,10,524,3,0.16,0.287,5.45,4.4,phase-4
2026-10-10T19:14:49+00:00,10,525,3,2.53,1.907,70.87,5.7,phase-4
2026-10-10T19:14:49+00:00,10,526,3,1.49,2.662,40.11,5.8,phase-4
2026-10-10T19:14:49+00:00,10,527,3,0.0,0.0,0.0,5.9,phase-4
2026-10-10T19:14:49+00:00,10,528,3,0.0,0.0,0.0,4.5,phase-4
2026-10-10T19:14:49+00:00,10,529,3,3.44,3.315,89.2,4.9,phase-4
2026-10-10T19:14:49+00:00,10,531,3,0.4,0.897,9.32,4.4,phase-4
2026-10-10T19:14:49+00:00,10,532,3,0.0,0.0,0.0,4.9,phase-4
2026-10-10T19:14:49+00:00,10,533,3,3.96,6.363,81.15,5.4,phase-4
2026-10-10T19:14:49+00:00,10,534,3,2.55,3.802,72.63,4.3,phase-4
2026-10-10T19:14:49+00:00,10,535,3,1.74,2.632,50.32,4.8,phase-4
2026-10-10T19:14:49+00:00,10,536,3,2.21,3.033,72.58,4.4,phase-4
2026-10-10T19:14:49+00:00,10,537,3,0.0,0.0,0.0,4.5,phase-4
2026-10-10T19:14:49+00:00,10,539,3,0.42,1.63,18.43,3.9,phase-4
2026-10-10T19:14:49+00:00,10,540,3,0.0,0.0,0.0,4.0,phase-4
2026-10-10T19:14:49+00:00,10,541,3,2.38,4.783,69.19,4.5,phase-4
2026-10-10T19:14:49+00:00,10,542,3,4.0,6.404,87.3,5.7,phase-4
2026-10-10T19:14:49+00:00,10,543,3,0.0,0.0,0.0,5.3,phase-4
2026-10-10T19:14:49+00:00,10,544,3,3.55,2.232,86.35,5.5,phase-4
2026-10-10T19:14:49+00:00,10,545,3,2.56,1.45,87.3,4.9,phase-4
2026-10-10T19:14:49+00:00,10,546,3,0.0,0.0,0.0,4.9,phase-4
2026-10-10T19:14:49+00:00,10,547,3,0.0,0.0,0.0,4.8,phase-4
2026-10-10T19:14:49+00:00,10,548,3,0.58,0.962,19.07,4.9,phase-4
2026-10-10T19:14:49+00:00,10,549,3,1.1,1.751,29.66,5.3,phase-4
2026-10-10T19:14:49+00:00,10,550,3,0.22,0.399,6.89,4.9,phase-4
2026-10-10T19:14:49+00:00,10,551,3,1.55,2.043,51.77,5.0,phase-4
2026-10-10T19:14:49+00:00,10,552,3,0.0,0.0,0.0,5.7,phase-4
2026-10-10T19:14:49+00:00,10,553,3,2.33,3.325,39.25,5.5,phase-4
2026-10-10T19:14:49+00:00,10,555,3,0.19,0.576,6.27,4.0,phase-4
2026-10-10T19:14:49+00:00,10,556,3,0.0,0.0,0.0,4.0,phase-4
2026-10-10T19:14:49+00:00,10,557,3,0.0,0.0,0.0,6.3,phase-4
2026-10-10T19:14:49+00:00,10,558,3,2.08,0.72,84.69,5.0,phase-4
2026-10-10T19:14:49+00:00,10,559,3,0.32,0.517,6.72,4.9,phase-4
2026-10-10T19:14:49+00:00,10,560,3,0.11,0.359,5.02,4.4,phase-4
2026-10-10T19:14:49+00:00,10,561,3,0.11,0.359,5.02,4.5,phase-4
2026-10-10T19:14:49+00:00,10,562,3,1.86,1.394,60.66,5.3,phase-4
2026-10-10T19:14:49+00:00,10,563,3,0.6,0.878,21.51,4.9,phase-4
2026-10-10T19:14:49+00:00,10,564,3,2.0,1.743,60.66,4.5,phase-4
2026-10-10T19:14:49+00:00,10,565,3,2.13,2.189,61.89,5.6,phase-4
2026-10-10T19:14:49+00:00,10,566,3,3.0,6.246,90.0,5.0,phase-4
2026-10-10T19:14:49+00:00,10,567,3,3.12,3.412,90.0,5.0,phase-4
2026-10-10T19:14:49+00:00,10,568,3,0.69,1.585,22.97,5.4,phase-4
2026-10-10T19:14:49+00:00,10,569,3,2.52,2.825,78.05,6.1,phase-4
2026-10-10T19:14:49+00:00,10,570,3,1.42,2.814,45.23,5.4,phase-4
2026-10-10T19:14:49+00:00,10,571,3,1.03,1.35,36.53,4.8,phase-4
2026-10-10T19:14:49+00:00,10,572,3,3.67,4.128,86.5,4.7,phase-4
2026-10-10T19:14:49+00:00,10,573,3,0.25,0.686,6.9,4.4,phase-4
2026-10-10T19:14:49+00:00,10,574,3,0.26,0.392,5.64,4.9,phase-4
2026-10-10T19:14:49+00:00,10,575,3,1.78,0.497,69.56,4.8,phase-4
2026-10-10T19:14:49+00:00,10,576,3,1.66,1.041,69.12,5.0,phase-4
2026-10-10T19:14:49+00:00,10,577,3,0.0,0.0,0.0,4.4,phase-4
2026-10-10T19:14:49+00:00,10,578,3,0.0,0.0,0.0,5.3,phase-4
2026-10-10T19:14:49+00:00,10,579,3,2.03,2.371,66.07,5.4,phase-4
2026-10-10T19:14:49+00:00,10,580,3,1.99,0.772,62.97,5.0,phase-4
2026-10-10T19:14:49+00:00,10,581,3,1.08,2.501,42.71,5.4,phase-4
2026-10-10T19:14:49+00:00,10,582,3,0.09,0.18,3.88,5.4,phase-4
2026-10-10T19:14:49+00:00,10,583,3,1.49,1.305,43.99,4.9,phase-4
2026-10-10T19:14:49+00:00,10,584,3,2.06,1.534,61.93,5.3,phase-4
2026-10-10T19:14:49+00:00,10,585,3,1.55,1.373,36.95,4.0,phase-4
2026-10-10T19:14:49+00:00,10,586,3,3.2,5.853,69.12,4.1,phase-4
2026-10-10T19:14:49+00:00,10,587,3,0.11,0.366,5.44,5.0,phase-4
2026-10-10T19:14:49+00:00,10,588,3,2.84,5.715,82.5,5.0,phase-4
2026-10-10T19:14:49+00:00,10,589,3,0.94,0.912,30.93,5.0,phase-4
2026-10-10T19:14:49+00:00,10,590,3,0.15,0.464,6.44,4.5,phase-4
2026-10-10T19:14:49+00:00,10,591,3,2.41,2.774,75.19,5.5,phase-4
2026-10-10T19:14:49+00:00,10,592,3,1.44,1.396,40.38,4.0,phase-4
2026-10-10T19:14:49+00:00,10,593,3,1.35,3.088,40.69,4.5,phase-4
2026-10-10T19:14:49+00:00,10,594,3,0.13,1.246,5.74,5.9,phase-4
2026-10-10T19:14:49+00:00,10,595,3,0.23,0.456,6.98,4.9,phase-4
2026-10-10T19:14:49+00:00,10,596,3,0.91,2.315,25.75,4.5,phase-4
2026-10-10T19:14:49+00:00,10,597,3,3.26,3.47,79.45,5.0,phase-4
2026-10-10T19:14:49+00:00,10,598,3,2.49,3.286,66.69,4.5,phase-4
2026-10-10T19:14:49+00:00,10,599,3,0.23,0.524,7.88,5.0,phase-4
2026-10-10T19:14:49+00:00,10,600,3,0.46,1.098,9.12,5.0,phase-4
2026-10-10T19:14:49+00:00,10,601,3,0.14,0.266,5.45,4.5,phase-4
2026-10-10T19:14:49+00:00,10,603,3,0.16,0.496,5.07,4.0,phase-4
2026-10-10T19:14:49+00:00,10,604,3,0.13,0.249,5.07,4.5,phase-4
2026-10-10T19:14:49+00:00,10,605,3,3.28,6.372,58.85,4.5,phase-4
2026-10-10T19:14:49+00:00,10,606,3,0.17,0.525,5.18,4.0,phase-4
2026-10-10T19:14:49+00:00,10,608,3,0.36,0.719,6.9,5.0,phase-4
2026-10-10T19:14:49+00:00,10,611,3,1.98,2.773,49.73,4.5,phase-4
2026-10-10T19:14:49+00:00,10,612,3,0.59,2.044,24.08,4.5,phase-4
2026-10-10T19:14:49+00:00,10,613,3,0.14,0.274,5.66,4.5,phase-4
2026-10-10T19:14:49+00:00,10,614,3,1.75,9.672,5.74,4.5,phase-4
2026-10-10T19:14:49+00:00,10,615,3,0.22,0.656,6.9,4.5,phase-4
2026-10-10T19:14:49+00:00,10,616,3,0.21,0.411,5.44,5.5,phase-4
2026-10-10T19:14:49+00:00,10,617,3,1.66,3.98,16.14,5.0,phase-4
2026-10-10T19:14:49+00:00,10,618,3,0.0,0.0,0.0,5.9,phase-4
2026-10-10T19:14:49+00:00,10,619,3,1.68,0.63,50.52,5.0,phase-4
2026-10-10T19:14:49+00:00,10,620,3,2.28,3.778,48.59,4.5,phase-4
2026-10-10T19:14:49+00:00,10,621,3,0.31,0.876,5.44,4.4,phase-4
2026-10-10T19:14:49+00:00,10,622,3,0.18,0.439,5.44,4.0,phase-4
2026-10-10T19:14:49+00:00,10,623,3,0.39,0.974,10.87,4.0,phase-4
2026-10-10T19:14:49+00:00,10,625,3,0.16,0.496,5.07,4.0,phase-4
2026-10-10T19:14:49+00:00,10,626,3,0.12,0.231,4.79,4.4,phase-4
2026-10-10T19:14:49+00:00,10,627,3,1.16,1.554,40.3,8.0,phase-4
2026-10-10T19:14:49+00:00,10,628,3,0.13,0.255,5.44,6.0,phase-4
2026-10-10T19:14:49+00:00,10,629,3,0.16,0.496,5.07,4.0,phase-4
2026-10-10T19:14:49+00:00,10,630,3,1.48,2.947,44.47,4.5,phase-4
2026-10-10T19:14:49+00:00,10,631,3,0.66,1.327,12.14,6.0,phase-4
2026-10-10T19:14:49+00:00,10,632,3,0.0,0.0,0.0,5.0,phase-4
2026-10-10T19:14:49+00:00,10,633,3,0.76,1.922,23.95,4.5,phase-4
2026-10-10T19:14:49+00:00,10,634,3,1.01,1.158,41.51,6.0,phase-4
2026-10-10T19:14:49+00:00,10,635,3,0.45,1.168,7.62,5.0,phase-4
2026-10-10T19:14:49+00:00,10,636,3,-0.13,0.231,4.79,5.0,phase-4
2026-10-10T19:14:49+00:00,10,637,3,0.22,0.352,5.64,5.0,phase-4
2026-10-10T19:14:49+00:00,10,638,3,0.12,1.145,7.62,4.0,phase-4
2026-10-10T19:14:49+00:00,10,639,3,1.87,2.569,45.4,5.5,phase-4
2026-10-10T19:14:49+00:00,10,640,3,1.42,3.236,30.82,5.5,phase-4
2026-10-10T19:14:49+00:00,10,641,3,0.17,0.499,5.07,4.5,phase-4
2026-10-10T19:14:49+00:00,10,642,3,1.05,1.831,26.67,5.5,phase-4
2026-10-10T19:14:49+00:00,10,643,3,0.55,1.902,7.87,4.5,phase-4
2026-10-10T19:14:49+00:00,10,644,3,2.02,1.118,63.11,5.0,phase-4
2026-10-10T19:14:49+00:00,10,645,3,0.15,0.278,5.64,5.0,phase-4
2026-10-10T19:14:49+00:00,10,646,3,1.34,0.949,24.67,5.5,phase-4
2026-10-10T19:14:49+00:00,10,647,3,0.34,0.479,6.27,5.5,phase-4
2026-10-10T19:14:49+00:00,10,648,3,0.28,0.392,5.07,5.0,phase-4
2026-10-10T19:14:49+00:00,10,649,3,1.62,2.496,43.53,4.5,phase-4
2026-10-10T19:14:49+00:00,10,650,3,1.7,2.228,51.4,4.5,phase-4
2026-10-10T19:14:49+00:00,10,651,3,0.22,0.351,5.66,4.5,phase-4
2026-10-10T19:14:49+00:00,10,652,3,0.0,0.0,0.0,5.5,phase-4
2026-10-10T19:14:49+00:00,10,653,3,0.13,0.255,5.44,4.5,phase-4
2026-10-10T19:14:49+00:00,10,654,3,0.15,0.286,6.04,4.5,phase-4
2026-10-10T19:14:49+00:00,10,655,3,0.17,0.316,6.6,5.5,phase-4
2026-10-10T19:14:49+00:00,10,656,3,1.09,2.288,25.2,4.0,phase-4
2026-10-10T19:14:49+00:00,10,657,3,0.13,0.238,4.71,4.5,phase-4
2026-10-10T19:14:49+00:00,10,658,3,0.14,0.273,5.74,4.5,phase-4
2026-10-10T19:14:49+00:00,10,659,3,0.16,0.302,6.26,4.5,phase-4
2026-10-10T19:14:49+00:00,10,660,3,0.18,0.561,4.71,4.0,phase-4
2026-10-10T19:14:49+00:00,10,661,3,0.18,0.561,4.71,4.0,phase-4
2026-10-10T19:14:49+00:00,10,662,3,0.23,0.342,5.02,4.5,phase-4
2026-10-10T19:14:49+00:00,10,663,3,0.2,0.595,6.26,4.0,phase-4
2026-10-10T19:14:49+00:00,10,664,3,0.14,0.282,6.26,4.5,phase-4
2026-10-10T19:14:49+00:00,10,665,3,0.16,0.302,6.26,4.5,phase-4
2026-10-10T19:14:49+00:00,10,666,3,0.16,0.302,6.26,4.5,phase-4
2026-10-10T19:14:49+00:00,10,667,3,0.17,0.525,5.18,4.0,phase-4
2026-10-10T19:14:49+00:00,11,1,4,3.87,4.113,81.07,6.1,phase-4
2026-10-10T19:14:49+00:00,11,2,4,0.28,0.78,6.13,4.9,phase-4
2026-10-10T19:14:49+00:00,11,3,4,0.21,0.643,5.04,4.9,phase-4
2026-10-10T19:14:49+00:00,11,4,4,4.13,6.79,75.14,8.0,phase-4
2026-10-10T19:14:49+00:00,11,5,4,2.46,4.446,48.54,6.5,phase-4
2026-10-10T19:14:49+00:00,11,6,4,0.0,0.0,0.0,5.9,phase-4
2026-10-10T19:14:49+00:00,11,7,4,1.28,1.796,40.13,5.4,phase-4
2026-10-10T19:14:49+00:00,11,8,4,3.7,7.577,67.64,5.9,phase-4
2026-10-10T19:14:49+00:00,11,9,4,1.44,3.174,30.72,5.2,phase-4
2026-10-10T19:14:49+00:00,11,10,4,2.23,4.722,44.47,5.4,phase-4
2026-10-10T19:14:49+00:00,11,11,4,1.32,3.055,29.18,5.3,phase-4
2026-10-10T19:14:49+00:00,11,12,4,4.87,11.4,70.9,9.6,phase-4
2026-10-10T19:14:49+00:00,11,13,4,3.6,3.304,79.37,7.4,phase-4
2026-10-10T19:14:49+00:00,11,14,4,1.76,3.091,36.0,6.2,phase-4
2026-10-10T19:14:49+00:00,11,15,4,3.31,6.379,59.92,6.8,phase-4
2026-10-10T19:14:49+00:00,11,16,4,1.37,3.131,28.33,6.2,phase-4
2026-10-10T19:14:49+00:00,11,17,4,1.18,2.799,22.55,5.7,phase-4
2026-10-10T19:14:49+00:00,11,18,4,0.0,0.0,0.0,6.3,phase-4
2026-10-10T19:14:49+00:00,11,19,4,2.25,2.708,50.73,5.3,phase-4
2026-10-10T19:14:49+00:00,11,20,4,0.36,0.832,6.13,5.3,phase-4
2026-10-10T19:14:49+00:00,11,21,4,0.13,0.218,3.68,4.8,phase-4
2026-10-10T19:14:49+00:00,11,22,4,0.0,0.0,0.0,5.4,phase-4
2026-10-10T19:14:49+00:00,11,24,4,0.0,0.0,0.0,5.5,phase-4
2026-10-10T19:14:49+00:00,11,25,4,2.03,4.278,38.65,7.1,phase-4
2026-10-10T19:14:49+00:00,11,26,4,2.09,4.027,50.65,7.6,phase-4
2026-10-10T19:14:49+00:00,11,27,4,0.0,0.0,0.0,5.9,phase-4
2026-10-10T19:14:49+00:00,11,28,4,3.08,2.116,72.05,5.0,phase-4
2026-10-10T19:14:49+00:00,11,29,4,0.61,1.073,17.97,4.5,phase-4
2026-10-10T19:14:49+00:00,11,30,4,0.0,0.0,0.0,4.5,phase-4
2026-10-10T19:14:49+00:00,11,31,4,3.24,4.54,69.26,4.6,phase-4
2026-10-10T19:14:49+00:00,11,32,4,1.51,2.632,71.2,4.4,phase-4
2026-10-10T19:14:49+00:00,11,33,4,1.38,1.338,49.9,4.5,phase-4
2026-10-10T19:14:49+00:00,11,34,4,0.92,2.017,43.55,4.4,phase-4
2026-10-10T19:14:49+00:00,11,35,4,0.38,0.756,17.78,4.9,phase-4
2026-10-10T19:14:49+00:00,11,36,4,0.0,0.0,0.0,4.4,phase-4
2026-10-10T19:14:49+00:00,11,37,4,1.63,1.945,60.71,4.5,phase-4
2026-10-10T19:14:49+00:00,11,38,4,0.13,0.427,6.3,4.0,phase-4
2026-10-10T19:14:49+00:00,11,39,4,0.0,0.0,0.0,4.0,phase-4
2026-10-10T19:14:49+00:00,11,40,4,5.03,12.495,80.89,7.8,phase-4
2026-10-10T19:14:49+00:00,11,41,4,2.74,4.795,67.57,5.9,phase-4
2026-10-10T19:14:49+00:00,11,42,4,0.86,1.459,22.99,5.4,phase-4
2026-10-10T19:14:49+00:00,11,43,4,2.86,3.116,65.03,5.8,phase-4
2026-10-10T19:14:49+00:00,11,44,4,0.0,0.0,0.0,5.4,phase-4
2026-10-10T19:14:49+00:00,11,45,4,2.76,4.457,75.5,5.4,phase-4
2026-10-10T19:14:49+00:00,11,46,4,1.59,2.899,40.17,5.0,phase-4
2026-10-10T19:14:49+00:00,11,47,4,2.14,1.1,65.92,5.0,phase-4
2026-10-10T19:14:49+00:00,11,48,4,0.0,0.0,0.0,4.9,phase-4
2026-10-10T19:14:49+00:00,11,50,4,0.14,0.257,5.18,4.5,phase-4
2026-10-10T19:14:49+00:00,11,51,4,0.58,0.935,22.19,4.5,phase-4
2026-10-10T19:14:49+00:00,11,52,4,0.37,0.95,8.58,5.0,phase-4
2026-10-10T19:14:49+00:00,11,53,4,2.03,3.637,37.66,5.9,phase-4
2026-10-10T19:14:49+00:00,11,54,4,1.65,0.672,62.98,5.5,phase-4
2026-10-10T19:14:49+00:00,11,55,4,0.0,0.0,0.0,7.8,phase-4
2026-10-10T19:14:49+00:00,11,56,4,0.46,1.091,10.5,5.5,phase-4
2026-10-10T19:14:49+00:00,11,57,4,3.26,2.845,90.0,4.5,phase-4
2026-10-10T19:14:49+00:00,11,58,4,0.19,0.573,6.9,4.0,phase-4
2026-10-10T19:14:49+00:00,11,60,4,3.82,3.81,90.0,5.5,phase-4
2026-10-10T19:14:49+00:00,11,61,4,3.43,4.596,90.0,5.4,phase-4
2026-10-10T19:14:49+00:00,11,62,4,0.81,2.018,29.21,4.9,phase-4
2026-10-10T19:14:49+00:00,11,63,4,0.0,0.0,0.0,4.9,phase-4
2026-10-10T19:14:49+00:00,11,64,4,1.99,2.946,80.51,4.5,phase-4
2026-10-10T19:14:49+00:00,11,65,4,0.0,0.0,0.0,4.4,phase-4
2026-10-10T19:14:49+00:00,11,66,4,0.28,0.67,6.9,4.0,phase-4
2026-10-10T19:14:49+00:00,11,67,4,3.65,7.638,83.24,6.3,phase-4
2026-10-10T19:14:49+00:00,11,68,4,4.43,8.956,90.0,6.1,phase-4
2026-10-10T19:14:49+00:00,11,69,4,0.0,0.0,0.0,6.1,phase-4
2026-10-10T19:14:49+00:00,11,70,4,0.0,0.0,0.0,5.9,phase-4
2026-10-10T19:14:49+00:00,11,71,4,1.16,1.0,40.92,5.0,phase-4
2026-10-10T19:14:49+00:00,11,72,4,0.55,1.224,8.75,4.9,phase-4
2026-10-10T19:14:49+00:00,11,73,4,2.76,1.421,79.51,5.0,phase-4
2026-10-10T19:14:49+00:00,11,74,4,0.91,1.725,35.27,5.0,phase-4
2026-10-10T19:14:49+00:00,11,75,4,1.73,3.938,40.51,5.0,phase-4
2026-10-10T19:14:49+00:00,11,76,4,0.32,0.564,9.88,4.9,phase-4
2026-10-10T19:14:49+00:00,11,77,4,0.0,0.0,0.0,4.9,phase-4
2026-10-10T19:14:49+00:00,11,78,4,0.0,0.0,0.0,7.4,phase-4
2026-10-10T19:14:49+00:00,11,79,4,3.49,5.473,90.0,6.0,phase-4
2026-10-10T19:14:49+00:00,11,80,4,0.0,0.0,0.0,5.5,phase-4
2026-10-10T19:14:49+00:00,11,81,4,0.33,0.634,7.68,6.0,phase-4
2026-10-10T19:14:49+00:00,11,82,4,2.93,1.724,75.77,5.0,phase-4
2026-10-10T19:14:49+00:00,11,83,4,0.13,0.372,5.73,4.5,phase-4
2026-10-10T19:14:49+00:00,11,84,4,0.0,0.0,0.0,5.4,phase-4
2026-10-10T19:14:49+00:00,11,85,4,0.96,1.689,39.53,4.9,phase-4
2026-10-10T19:14:49+00:00,11,86,4,2.45,3.415,63.89,5.5,phase-4
2026-10-10T19:14:49+00:00,11,87,4,1.62,2.09,62.31,4.5,phase-4
2026-10-10T19:14:49+00:00,11,88,4,1.75,3.508,71.44,4.6,phase-4
2026-10-10T19:14:49+00:00,11,89,4,0.37,1.161,19.09,4.4,phase-4
2026-10-10T19:14:49+00:00,11,90,4,0.74,1.394,25.15,4.5,phase-4
2026-10-10T19:14:49+00:00,11,91,4,1.27,2.863,37.37,4.5,phase-4
2026-10-10T19:14:49+00:00,11,92,4,0.09,0.308,4.71,4.4,phase-4
2026-10-10T19:14:49+00:00,11,93,4,1.11,1.952,38.66,4.5,phase-4
2026-10-10T19:14:49+00:00,11,94,4,2.2,4.913,53.85,6.2,phase-4
2026-10-10T19:14:49+00:00,11,95,4,2.06,3.014,48.33,6.3,phase-4
2026-10-10T19:14:49+00:00,11,96,4,1.53,2.378,38.59,5.4,phase-4
2026-10-10T19:14:49+00:00,11,97,4,1.47,2.573,39.03,5.4,phase-4
2026-10-10T19:14:49+00:00,11,98,4,1.88,1.767,58.36,5.0,phase-4
2026-10-10T19:14:49+00:00,11,99,4,0.0,0.0,0.0,5.0,phase-4
2026-10-10T19:14:49+00:00,11,100,4,1.83,8.302,5.73,5.0,phase-4
2026-10-10T19:14:49+00:00,11,101,4,1.66,2.298,44.26,4.9,phase-4
2026-10-10T19:14:49+00:00,11,102,4,1.82,1.35,57.24,4.8,phase-4
2026-10-10T19:14:49+00:00,11,103,4,0.0,0.0,0.0,4.9,phase-4
2026-10-10T19:14:49+00:00,11,104,4,1.38,2.175,37.72,4.9,phase-4
2026-10-10T19:14:49+00:00,11,105,4,2.7,5.191,63.16,5.9,phase-4
2026-10-10T19:14:49+00:00,11,106,4,3.23,7.005,75.77,7.8,phase-4
2026-10-10T19:14:49+00:00,11,107,4,0.0,0.0,0.0,4.5,phase-4
2026-10-10T19:14:49+00:00,11,108,4,0.86,2.294,19.08,5.4,phase-4
2026-10-10T19:14:49+00:00,11,109,4,3.61,3.436,90.0,4.5,phase-4
2026-10-10T19:14:49+00:00,11,110,4,3.14,3.493,90.0,4.5,phase-4
2026-10-10T19:14:49+00:00,11,111,4,0.17,0.517,5.74,4.0,phase-4
2026-10-10T19:14:49+00:00,11,112,4,3.18,4.139,86.81,4.9,phase-4
2026-10-10T19:14:49+00:00,11,113,4,2.65,4.129,84.2,4.4,phase-4
2026-10-10T19:14:49+00:00,11,114,4,2.21,3.25,62.06,4.5,phase-4
2026-10-10T19:14:49+00:00,11,115,4,3.95,11.143,71.29,5.0,phase-4
2026-10-10T19:14:49+00:00,11,116,4,2.4,3.255,76.02,4.5,phase-4
2026-10-10T19:14:49+00:00,11,117,4,0.17,0.737,8.21,4.5,phase-4
2026-10-10T19:14:49+00:00,11,118,4,0.0,0.0,0.0,4.5,phase-4
2026-10-10T19:14:49+00:00,11,119,4,1.05,1.695,20.53,4.5,phase-4
2026-10-10T19:14:49+00:00,11,120,4,0.27,0.621,5.74,5.0,phase-4
2026-10-10T19:14:49+00:00,11,121,4,0.0,0.0,0.0,5.9,phase-4
2026-10-10T19:14:49+00:00,11,122,4,0.0,0.0,0.0,5.8,phase-4
2026-10-10T19:14:49+00:00,11,123,4,2.08,8.138,18.61,5.9,phase-4
2026-10-10T19:14:49+00:00,11,124,4,3.88,7.459,74.04,5.9,phase-4
2026-10-10T19:14:49+00:00,11,125,4,2.03,3.969,41.12,5.3,phase-4
2026-10-10T19:14:49+00:00,11,126,4,1.04,4.275,8.21,5.4,phase-4
2026-10-10T19:14:49+00:00,11,127,4,3.72,6.248,81.76,5.0,phase-4
2026-10-10T19:14:49+00:00,11,128,4,0.0,0.0,0.0,5.0,phase-4
2026-10-10T19:14:49+00:00,11,129,4,2.91,4.511,70.69,5.4,phase-4
2026-10-10T19:14:49+00:00,11,130,4,0.0,0.0,0.0,4.9,phase-4
2026-10-10T19:14:49+00:00,11,131,4,0.98,1.905,29.11,4.9,phase-4
2026-10-10T19:14:49+00:00,11,132,4,0.0,0.0,0.0,4.5,phase-4
2026-10-10T19:14:49+00:00,11,133,4,0.0,0.0,0.0,5.0,phase-4
2026-10-10T19:14:49+00:00,11,134,4,0.25,0.381,5.74,4.4,phase-4
2026-10-10T19:14:49+00:00,11,135,4,0.0,0.0,0.0,4.8,phase-4
2026-10-10T19:14:49+00:00,11,136,4,2.03,4.51,42.07,5.9,phase-4
2026-10-10T19:14:49+00:00,11,137,4,0.0,0.0,0.0,5.4,phase-4
2026-10-10T19:14:49+00:00,11,138,4,2.11,4.336,45.46,5.6,phase-4
2026-10-10T19:14:49+00:00,11,139,4,0.0,0.0,0.0,5.0,phase-4
2026-10-10T19:14:49+00:00,11,140,4,0.0,0.0,0.0,4.9,phase-4
2026-10-10T19:14:49+00:00,11,141,4,0.0,0.0,0.0,5.0,phase-4
2026-10-10T19:14:49+00:00,11,142,4,1.71,4.353,39.49,5.3,phase-4
2026-10-10T19:14:49+00:00,11,143,4,0.0,0.0,0.0,5.5,phase-4
2026-10-10T19:14:49+00:00,11,144,4,1.94,3.251,57.37,4.9,phase-4
2026-10-10T19:14:49+00:00,11,145,4,1.58,2.587,52.34,5.0,phase-4
2026-10-10T19:14:49+00:00,11,146,4,0.0,0.0,0.0,4.5,phase-4
2026-10-10T19:14:49+00:00,11,147,4,0.59,1.208,14.84,4.4,phase-4
2026-10-10T19:14:49+00:00,11,148,4,1.0,2.434,41.7,4.5,phase-4
2026-10-10T19:14:49+00:00,11,149,4,1.0,2.092,39.47,4.8,phase-4
2026-10-10T19:14:49+00:00,11,150,4,0.0,0.0,0.0,4.5,phase-4
2026-10-10T19:14:49+00:00,11,151,4,1.12,2.376,36.04,4.5,phase-4
2026-10-10T19:14:49+00:00,11,152,4,0.13,0.397,5.02,5.3,phase-4
2026-10-10T19:14:49+00:00,11,153,4,0.0,0.0,0.0,4.5,phase-4
2026-10-10T19:14:49+00:00,11,154,4,4.42,11.032,69.9,9.7,phase-4
2026-10-10T19:14:49+00:00,11,155,4,2.96,4.89,70.77,6.9,phase-4
2026-10-10T19:14:49+00:00,11,156,4,3.56,6.822,70.35,6.5,phase-4
2026-10-10T19:14:49+00:00,11,157,4,1.01,2.843,18.02,6.3,phase-4
2026-10-10T19:14:49+00:00,11,158,4,0.0,0.0,0.0,5.8,phase-4
2026-10-10T19:14:49+00:00,11,159,4,1.55,1.723,49.76,5.3,phase-4
2026-10-10T19:14:49+00:00,11,160,4,0.7,1.261,22.53,5.8,phase-4
2026-10-10T19:14:49+00:00,11,161,4,1.19,2.759,33.04,5.0,phase-4
2026-10-10T19:14:49+00:00,11,162,4,0.86,1.559,25.22,4.8,phase-4
2026-10-10T19:14:49+00:00,11,163,4,0.0,0.0,0.0,4.5,phase-4
2026-10-10T19:14:49+00:00,11,164,4,0.18,0.436,5.39,5.3,phase-4
2026-10-10T19:14:49+00:00,11,165,4,5.55,12.639,71.2,7.7,phase-4
2026-10-10T19:14:49+00:00,11,166,4,2.19,2.313,78.06,6.5,phase-4
2026-10-10T19:14:49+00:00,11,167,4,1.44,1.837,51.08,5.6,phase-4
2026-10-10T19:14:49+00:00,11,168,4,0.0,0.0,0.0,5.0,phase-4
2026-10-10T19:14:49+00:00,11,169,4,0.24,0.352,5.02,4.5,phase-4
2026-10-10T19:14:49+00:00,11,170,4,0.0,0.0,0.0,4.9,phase-4
2026-10-10T19:14:49+00:00,11,172,4,0.22,0.647,6.6,4.4,phase-4
2026-10-10T19:14:49+00:00,11,173,4,3.28,4.562,90.0,4.0,phase-4
2026-10-10T19:14:49+00:00,11,175,4,1.88,3.513,65.11,4.0,phase-4
2026-10-10T19:14:49+00:00,11,176,4,3.15,4.539,90.0,4.0,phase-4
2026-10-10T19:14:49+00:00,11,177,4,0.11,0.332,3.31,3.9,phase-4
2026-10-10T19:14:49+00:00,11,178,4,0.22,0.647,6.6,4.0,phase-4
2026-10-10T19:14:49+00:00,11,179,4,0.53,0.846,6.6,4.0,phase-4
2026-10-10T19:14:49+00:00,11,180,4,0.0,0.0,0.0,3.9,phase-4
2026-10-10T19:14:49+00:00,11,182,4,0.0,0.0,0.0,4.0,phase-4
2026-10-10T19:14:49+00:00,11,183,4,2.82,2.529,80.97,4.9,phase-4
2026-10-10T19:14:49+00:00,11,184,4,1.57,0.877,50.48,4.9,phase-4
2026-10-10T19:14:49+00:00,11,185,4,0.32,0.672,8.14,4.8,phase-4
2026-10-10T19:14:49+00:00,11,186,4,2.42,1.441,80.97,5.3,phase-4
2026-10-10T19:14:49+00:00,11,187,4,0.0,0.0,0.0,4.8,phase-4
2026-10-10T19:14:49+00:00,11,188,4,0.68,1.166,13.91,5.3,phase-4
2026-10-10T19:14:49+00:00,11,189,4,0.17,0.318,6.6,4.4,phase-4
2026-10-10T19:14:49+00:00,11,190,4,1.69,1.417,48.47,5.3,phase-4
2026-10-10T19:14:49+00:00,11,193,4,0.0,0.0,0.0,5.3,phase-4
2026-10-10T19:14:49+00:00,11,194,4,1.73,0.515,57.8,5.0,phase-4
2026-10-10T19:14:49+00:00,11,195,4,0.8,1.312,27.3,4.9,phase-4
2026-10-10T19:14:49+00:00,11,198,4,0.0,0.0,0.0,4.9,phase-4
2026-10-10T19:14:49+00:00,11,199,4,0.9,1.719,22.41,4.5,phase-4
2026-10-10T19:14:49+00:00,11,200,4,2.9,3.256,74.57,5.9,phase-4
2026-10-10T19:14:49+00:00,11,201,4,2.78,5.961,74.56,5.4,phase-4
2026-10-10T19:14:49+00:00,11,202,4,3.52,3.276,88.9,4.9,phase-4
2026-10-10T19:14:49+00:00,11,203,4,2.3,2.179,62.98,4.8,phase-4
2026-10-10T19:14:49+00:00,11,204,4,3.14,5.515,90.0,4.5,phase-4
2026-10-10T19:14:49+00:00,11,205,4,0.0,0.0,0.0,4.5,phase-4
2026-10-10T19:14:49+00:00,11,206,4,0.0,0.0,0.0,4.3,phase-4
2026-10-10T19:14:49+00:00,11,207,4,0.23,0.595,6.27,4.3,phase-4
2026-10-10T19:14:49+00:00,11,208,4,1.61,2.822,42.3,6.2,phase-4
2026-10-10T19:14:49+00:00,11,209,4,1.99,3.288,55.36,5.9,phase-4
2026-10-10T19:14:49+00:00,11,210,4,2.93,1.658,86.79,5.4,phase-4
2026-10-10T19:14:49+00:00,11,211,4,2.3,2.525,71.63,5.5,phase-4
2026-10-10T19:14:49+00:00,11,212,4,0.84,1.271,32.8,4.4,phase-4
2026-10-10T19:14:49+00:00,11,213,4,1.53,2.74,38.19,4.8,phase-4
2026-10-10T19:14:49+00:00,11,214,4,2.55,1.525,79.41,5.0,phase-4
2026-10-10T19:14:49+00:00,11,215,4,0.0,0.0,0.0,5.0,phase-4
2026-10-10T19:14:49+00:00,11,216,4,0.0,0.0,0.0,5.0,phase-4
2026-10-10T19:14:49+00:00,11,218,4,0.16,0.299,6.27,4.8,phase-4
2026-10-10T19:14:49+00:00,11,220,4,0.0,0.0,0.0,4.5,phase-4
2026-10-10T19:14:49+00:00,11,221,4,0.31,0.449,6.27,4.4,phase-4
2026-10-10T19:14:49+00:00,11,222,4,2.04,1.396,72.09,6.0,phase-4
2026-10-10T19:14:49+00:00,11,223,4,0.0,0.0,0.0,6.3,phase-4
2026-10-10T19:14:49+00:00,11,224,4,1.27,2.904,31.15,5.5,phase-4
2026-10-10T19:14:49+00:00,11,225,4,0.0,0.0,0.0,5.0,phase-4
2026-10-10T19:14:49+00:00,11,226,4,4.21,4.239,90.0,5.5,phase-4
2026-10-10T19:14:49+00:00,11,227,4,0.24,0.719,6.04,5.0,phase-4
2026-10-10T19:14:49+00:00,11,228,4,0.24,0.719,6.04,4.5,phase-4
2026-10-10T19:14:49+00:00,11,229,4,5.08,5.371,90.0,6.2,phase-4
2026-10-10T19:14:49+00:00,11,230,4,2.91,3.801,57.7,5.5,phase-4
2026-10-10T19:14:49+00:00,11,231,4,2.06,3.967,47.56,4.8,phase-4
2026-10-10T19:14:49+00:00,11,232,4,2.5,3.236,58.91,4.8,phase-4
2026-10-10T19:14:49+00:00,11,233,4,2.66,4.466,65.74,4.6,phase-4
2026-10-10T19:14:49+00:00,11,234,4,0.0,0.0,0.0,4.5,phase-4
2026-10-10T19:14:49+00:00,11,236,4,3.76,5.441,84.59,6.6,phase-4
2026-10-10T19:14:49+00:00,11,237,4,3.03,3.365,73.03,5.8,phase-4
2026-10-10T19:14:49+00:00,11,238,4,1.84,2.064,43.48,6.5,phase-4
2026-10-10T19:14:49+00:00,11,239,4,3.71,1.96,87.16,6.0,phase-4
2026-10-10T19:14:49+00:00,11,240,4,0.84,1.375,31.89,5.0,phase-4
2026-10-10T19:14:49+00:00,11,241,4,0.96,1.445,32.59,5.3,phase-4
2026-10-10T19:14:49+00:00,11,242,4,1.34,1.781,37.51,5.5,phase-4
2026-10-10T19:14:49+00:00,11,243,4,0.54,1.989,13.85,4.9,phase-4
2026-10-10T19:14:49+00:00,11,244,4,1.64,1.068,54.47,5.0,phase-4
2026-10-10T19:14:49+00:00,11,245,4,0.51,1.443,11.25,5.3,phase-4
2026-10-10T19:14:49+00:00,11,246,4,0.57,1.06,18.72,4.9,phase-4
2026-10-10T19:14:49+00:00,11,247,4,1.51,1.136,32.91,5.4,phase-4
2026-10-10T19:14:49+00:00,11,248,4,0.0,0.0,0.0,5.4,phase-4
2026-10-10T19:14:49+00:00,11,249,4,3.15,5.279,75.45,5.7,phase-4
2026-10-10T19:14:49+00:00,11,250,4,2.99,2.48,77.89,4.5,phase-4
2026-10-10T19:14:49+00:00,11,251,4,0.12,0.373,4.79,4.0,phase-4
2026-10-10T19:14:49+00:00,11,253,4,1.69,1.883,56.25,5.0,phase-4
2026-10-10T19:14:49+00:00,11,254,4,1.34,2.786,41.88,4.5,phase-4
2026-10-10T19:14:49+00:00,11,255,4,0.49,1.52,21.78,4.5,phase-4
2026-10-10T19:14:49+00:00,11,256,4,1.05,2.418,35.41,4.4,phase-4
2026-10-10T19:14:49+00:00,11,257,4,1.93,2.732,69.84,4.5,phase-4
2026-10-10T19:14:49+00:00,11,258,4,1.98,3.964,59.0,4.5,phase-4
2026-10-10T19:14:49+00:00,11,259,4,1.57,2.104,51.76,4.0,phase-4
2026-10-10T19:14:49+00:00,11,260,4,2.49,3.504,54.06,6.2,phase-4
2026-10-10T19:14:49+00:00,11,261,4,2.86,3.547,70.64,5.4,phase-4
2026-10-10T19:14:49+00:00,11,262,4,1.1,2.176,31.07,5.3,phase-4
2026-10-10T19:14:49+00:00,11,263,4,1.06,2.229,20.98,5.3,phase-4
2026-10-10T19:14:49+00:00,11,264,4,1.9,3.454,49.99,5.5,phase-4
2026-10-10T19:14:49+00:00,11,265,4,2.24,1.55,70.27,4.9,phase-4
2026-10-10T19:14:49+00:00,11,266,4,0.0,0.0,0.0,4.9,phase-4
2026-10-10T19:14:49+00:00,11,267,4,1.79,1.306,61.07,4.9,phase-4
2026-10-10T19:14:49+00:00,11,268,4,2.37,3.84,58.63,5.6,phase-4
2026-10-10T19:14:49+00:00,11,269,4,1.83,4.528,37.61,4.3,phase-4
2026-10-10T19:14:49+00:00,11,270,4,0.36,0.706,5.83,4.4,phase-4
2026-10-10T19:14:49+00:00,11,271,4,0.75,2.141,18.52,5.4,phase-4
2026-10-10T19:14:49+00:00,11,272,4,0.1,0.305,4.79,4.5,phase-4
2026-10-10T19:14:49+00:00,11,273,4,0.14,0.435,5.64,4.0,phase-4
2026-10-10T19:14:49+00:00,11,274,4,0.0,0.0,0.0,4.4,phase-4
2026-10-10T19:14:49+00:00,11,277,4,1.25,2.224,49.25,4.1,phase-4
2026-10-10T19:14:49+00:00,11,278,4,0.0,0.0,0.0,3.9,phase-4
2026-10-10T19:14:49+00:00,11,279,4,1.55,1.935,50.49,4.2,phase-4
2026-10-10T19:14:49+00:00,11,280,4,1.95,2.594,84.99,4.0,phase-4
2026-10-10T19:14:49+00:00,11,281,4,0.0,0.0,0.0,4.0,phase-4
2026-10-10T19:14:49+00:00,11,282,4,1.45,2.057,50.18,4.0,phase-4
2026-10-10T19:14:49+00:00,11,284,4,0.14,0.435,5.64,4.0,phase-4
2026-10-10T19:14:49+00:00,11,285,4,0.31,0.892,8.49,4.0,phase-4
2026-10-10T19:14:49+00:00,11,286,4,2.53,1.556,86.5,5.1,phase-4
2026-10-10T19:14:49+00:00,11,287,4,0.0,0.0,0.0,5.0,phase-4
2026-10-10T19:14:49+00:00,11,288,4,0.71,1.014,15.52,4.4,phase-4
2026-10-10T19:14:49+00:00,11,289,4,0.58,1.09,53.25,4.4,phase-4
2026-10-10T19:14:49+00:00,11,290,4,2.09,0.657,86.5,4.5,phase-4
2026-10-10T19:14:49+00:00,11,291,4,0.0,0.0,0.0,4.5,phase-4
2026-10-10T19:14:49+00:00,11,292,4,0.14,0.267,5.64,4.9,phase-4
2026-10-10T19:14:49+00:00,11,294,4,0.14,0.267,5.64,4.5,phase-4
2026-10-10T19:14:49+00:00,11,295,4,1.67,1.735,63.29,5.5,phase-4
2026-10-10T19:14:49+00:00,11,297,4,0.0,0.0,0.0,4.4,phase-4
2026-10-10T19:14:49+00:00,11,299,4,0.0,0.0,0.0,4.5,phase-4
2026-10-10T19:14:49+00:00,11,300,4,0.73,1.446,22.66,4.4,phase-4
2026-10-10T19:14:49+00:00,11,301,4,0.54,1.158,17.53,4.0,phase-4
2026-10-10T19:14:49+00:00,11,302,4,0.17,0.355,4.61,4.0,phase-4
2026-10-10T19:14:49+00:00,11,303,4,0.1,0.34,4.61,3.9,phase-4
2026-10-10T19:14:49+00:00,11,304,4,2.4,2.974,72.71,4.0,phase-4
2026-10-10T19:14:49+00:00,11,305,4,2.22,5.729,70.38,4.0,phase-4
2026-10-10T19:14:49+00:00,11,306,4,1.49,1.813,56.47,3.9,phase-4
2026-10-10T19:14:49+00:00,11,307,4,0.0,0.0,0.0,4.0,phase-4
2026-10-10T19:14:49+00:00,11,308,4,0.98,0.55,20.11,3.9,phase-4
2026-10-10T19:14:49+00:00,11,309,4,0.91,1.235,30.59,4.9,phase-4
2026-10-10T19:14:49+00:00,11,310,4,0.11,0.22,4.61,4.9,phase-4
2026-10-10T19:14:49+00:00,11,311,4,0.0,0.0,0.0,5.0,phase-4
2026-10-10T19:14:49+00:00,11,312,4,0.37,0.9,11.75,4.4,phase-4
2026-10-10T19:14:49+00:00,11,313,4,1.27,2.304,31.42,5.3,phase-4
2026-10-10T19:14:49+00:00,11,314,4,0.0,0.0,0.0,4.9,phase-4
2026-10-10T19:14:49+00:00,11,315,4,0.92,2.084,37.75,5.4,phase-4
2026-10-10T19:14:49+00:00,11,316,4,3.13,3.817,75.19,5.6,phase-4
2026-10-10T19:14:49+00:00,11,317,4,0.0,0.0,0.0,5.0,phase-4
2026-10-10T19:14:49+00:00,11,318,4,0.64,1.52,19.92,5.4,phase-4
2026-10-10T19:14:49+00:00,11,319,4,0.0,0.0,0.0,5.0,phase-4
2026-10-10T19:14:49+00:00,11,320,4,1.6,2.64,17.79,5.0,phase-4
2026-10-10T19:14:49+00:00,11,321,4,0.23,0.464,4.61,4.5,phase-4
2026-10-10T19:14:49+00:00,11,322,4,0.0,0.0,0.0,5.0,phase-4
2026-10-10T19:14:49+00:00,11,323,4,0.47,1.095,15.09,4.4,phase-4
2026-10-10T19:14:49+00:00,11,324,4,0.11,0.22,4.61,4.8,phase-4
2026-10-10T19:14:49+00:00,11,325,4,1.1,2.139,29.44,4.5,phase-4
2026-10-10T19:14:49+00:00,11,326,4,0.0,0.0,0.0,4.5,phase-4
2026-10-10T19:14:49+00:00,11,327,4,2.29,4.598,43.3,5.0,phase-4
2026-10-10T19:14:49+00:00,11,328,4,0.0,0.0,0.0,4.9,phase-4
2026-10-10T19:14:49+00:00,11,329,4,0.0,0.0,0.0,4.3,phase-4
2026-10-10T19:14:49+00:00,11,330,4,4.31,8.66,77.38,4.6,phase-4
2026-10-10T19:14:49+00:00,11,331,4,3.21,4.282,67.19,4.5,phase-4
2026-10-10T19:14:49+00:00,11,332,4,3.71,5.569,68.0,4.5,phase-4
2026-10-10T19:14:49+00:00,11,333,4,0.0,0.0,0.0,4.5,phase-4
2026-10-10T19:14:49+00:00,11,334,4,4.03,5.369,82.67,5.0,phase-4
2026-10-10T19:14:49+00:00,11,335,4,3.6,4.261,73.97,6.0,phase-4
2026-10-10T19:14:49+00:00,11,336,4,2.62,5.159,55.71,5.8,phase-4
2026-10-10T19:14:49+00:00,11,337,4,2.24,2.033,55.75,5.3,phase-4
2026-10-10T19:14:49+00:00,11,338,4,3.22,1.207,79.94,5.4,phase-4
2026-10-10T19:14:49+00:00,11,339,4,0.64,1.144,16.32,4.8,phase-4
2026-10-10T19:14:49+00:00,11,340,4,0.34,0.81,5.64,5.0,phase-4
2026-10-10T19:14:49+00:00,11,341,4,0.0,0.0,0.0,5.0,phase-4
2026-10-10T19:14:49+00:00,11,342,4,0.0,0.0,0.0,5.0,phase-4
2026-10-10T19:14:49+00:00,11,343,4,0.0,0.0,0.0,4.9,phase-4
2026-10-10T19:14:49+00:00,11,344,4,0.69,1.133,21.46,5.0,phase-4
2026-10-10T19:14:49+00:00,11,345,4,1.76,2.811,47.59,4.9,phase-4
2026-10-10T19:14:49+00:00,11,346,4,3.19,6.202,75.67,6.0,phase-4
2026-10-10T19:14:49+00:00,11,347,4,1.32,2.689,22.75,5.4,phase-4
2026-10-10T19:14:49+00:00,11,348,4,0.0,0.0,0.0,5.0,phase-4
2026-10-10T19:14:49+00:00,11,349,4,0.0,0.0,0.0,4.5,phase-4
2026-10-10T19:14:49+00:00,11,350,4,3.17,3.168,80.41,5.5,phase-4
2026-10-10T19:14:49+00:00,11,351,4,0.76,1.676,19.03,4.8,phase-4
2026-10-10T19:14:49+00:00,11,352,4,0.35,0.829,8.63,4.0,phase-4
2026-10-10T19:14:49+00:00,11,354,4,0.0,0.0,0.0,4.0,phase-4
2026-10-10T19:14:49+00:00,11,355,4,0.19,0.581,6.03,4.0,phase-4
2026-10-10T19:14:49+00:00,11,356,4,4.27,6.461,90.0,6.5,phase-4
2026-10-10T19:14:49+00:00,11,357,4,1.42,3.535,36.81,5.3,phase-4
2026-10-10T19:14:49+00:00,11,358,4,2.49,3.833,75.88,5.3,phase-4
2026-10-10T19:14:49+00:00,11,359,4,0.44,1.481,15.14,4.9,phase-4
2026-10-10T19:14:49+00:00,11,360,4,0.0,0.0,0.0,5.0,phase-4
2026-10-10T19:14:49+00:00,11,361,4,0.19,0.581,6.03,4.0,phase-4
2026-10-10T19:14:49+00:00,11,362,4,3.11,3.928,90.0,5.0,phase-4
2026-10-10T19:14:49+00:00,11,363,4,0.0,0.0,0.0,4.0,phase-4
2026-10-10T19:14:49+00:00,11,364,4,0.8,2.185,23.03,4.9,phase-4
2026-10-10T19:14:49+00:00,11,366,4,3.25,4.689,81.43,7.3,phase-4
2026-10-10T19:14:49+00:00,11,367,4,0.0,0.0,0.0,7.2,phase-4
2026-10-10T19:14:49+00:00,11,368,4,4.06,6.381,90.0,6.9,phase-4
2026-10-10T19:14:49+00:00,11,369,4,0.79,1.721,19.98,5.7,phase-4
2026-10-10T19:14:49+00:00,11,370,4,0.08,0.197,1.83,5.3,phase-4
2026-10-10T19:14:49+00:00,11,371,4,2.8,2.419,71.89,5.8,phase-4
2026-10-10T19:14:49+00:00,11,372,4,2.51,1.782,74.39,5.4,phase-4
2026-10-10T19:14:49+00:00,11,373,4,0.0,0.0,0.0,5.5,phase-4
2026-10-10T19:14:49+00:00,11,374,4,0.22,0.456,7.34,4.9,phase-4
2026-10-10T19:14:49+00:00,11,375,4,0.19,0.326,6.03,4.8,phase-4
2026-10-10T19:14:49+00:00,11,377,4,2.09,2.099,61.64,6.5,phase-4
2026-10-10T19:14:49+00:00,11,378,4,0.16,0.292,6.03,4.4,phase-4
2026-10-10T19:14:49+00:00,11,379,4,0.0,0.0,0.0,9.1,phase-4
2026-10-10T19:14:49+00:00,11,380,4,0.0,0.0,0.0,7.4,phase-4
2026-10-10T19:14:49+00:00,11,381,4,0.45,1.209,6.03,5.0,phase-4
2026-10-10T19:14:49+00:00,11,382,4,0.14,0.273,6.03,4.5,phase-4
2026-10-10T19:14:49+00:00,11,383,4,0.0,0.0,0.0,5.4,phase-4
2026-10-10T19:14:49+00:00,11,384,4,3.21,3.276,79.87,5.5,phase-4
2026-10-10T19:14:49+00:00,11,385,4,2.89,3.811,51.12,5.0,phase-4
2026-10-10T19:14:49+00:00,11,386,4,0.18,0.542,5.44,4.5,phase-4
2026-10-10T19:14:49+00:00,11,387,4,2.57,8.033,43.89,6.3,phase-4
2026-10-10T19:14:49+00:00,11,388,4,3.82,7.515,80.78,6.0,phase-4
2026-10-10T19:14:49+00:00,11,389,4,2.59,3.528,63.02,5.9,phase-4
2026-10-10T19:14:49+00:00,11,390,4,2.87,4.652,70.71,5.5,phase-4
2026-10-10T19:14:49+00:00,11,391,4,2.8,4.68,61.98,5.7,phase-4
2026-10-10T19:14:49+00:00,11,392,4,0.7,1.882,19.52,5.2,phase-4
2026-10-10T19:14:49+00:00,11,393,4,1.71,2.707,47.9,5.4,phase-4
2026-10-10T19:14:49+00:00,11,394,4,0.0,0.0,0.0,5.0,phase-4
2026-10-10T19:14:49+00:00,11,395,4,0.66,2.344,16.54,4.4,phase-4
2026-10-10T19:14:49+00:00,11,396,4,0.28,0.643,5.44,4.5,phase-4
2026-10-10T19:14:49+00:00,11,397,4,3.04,6.805,61.96,8.4,phase-4
2026-10-10T19:14:49+00:00,11,398,4,0.0,0.0,0.0,6.9,phase-4
2026-10-10T19:14:49+00:00,11,399,4,3.62,6.754,56.68,7.8,phase-4
2026-10-10T19:14:49+00:00,11,400,4,3.25,10.074,30.72,7.4,phase-4
2026-10-10T19:14:49+00:00,11,401,4,1.36,1.609,44.38,7.0,phase-4
2026-10-10T19:14:49+00:00,11,402,4,0.0,0.0,0.0,6.5,phase-4
2026-10-10T19:14:49+00:00,11,403,4,1.54,1.754,43.47,6.5,phase-4
2026-10-10T19:14:49+00:00,11,404,4,0.0,0.0,0.0,6.0,phase-4
2026-10-10T19:14:49+00:00,11,405,4,1.33,1.615,51.32,5.5,phase-4
2026-10-10T19:14:49+00:00,11,406,4,0.24,0.44,6.62,5.3,phase-4
2026-10-10T19:14:49+00:00,11,409,4,0.0,0.0,0.0,4.5,phase-4
2026-10-10T19:14:49+00:00,11,410,4,0.0,0.0,0.0,4.9,phase-4
2026-10-10T19:14:49+00:00,11,411,4,5.73,13.338,79.87,15.6,phase-4
2026-10-10T19:14:49+00:00,11,412,4,2.98,2.721,74.58,4.9,phase-4
2026-10-10T19:14:49+00:00,11,413,4,0.0,0.0,0.0,4.5,phase-4
2026-10-10T19:14:49+00:00,11,414,4,0.0,0.0,0.0,4.0,phase-4
2026-10-10T19:14:49+00:00,11,415,4,0.0,0.0,0.0,5.8,phase-4
2026-10-10T19:14:49+00:00,11,416,4,0.0,0.0,0.0,4.9,phase-4
2026-10-10T19:14:49+00:00,11,417,4,2.33,4.365,63.13,4.9,phase-4
2026-10-10T19:14:49+00:00,11,418,4,2.26,3.916,63.9,4.8,phase-4
2026-10-10T19:14:49+00:00,11,419,4,1.84,2.579,54.47,4.9,phase-4
2026-10-10T19:14:49+00:00,11,420,4,1.08,2.286,32.23,4.8,phase-4
2026-10-10T19:14:49+00:00,11,421,4,0.78,2.448,22.23,4.3,phase-4
2026-10-10T19:14:49+00:00,11,422,4,0.64,2.241,16.81,4.4,phase-4
2026-10-10T19:14:49+00:00,11,423,4,2.4,3.665,75.02,4.3,phase-4
2026-10-10T19:14:49+00:00,11,424,4,0.14,0.43,4.89,4.0,phase-4
2026-10-10T19:14:49+00:00,11,425,4,0.0,0.0,0.0,4.0,phase-4
2026-10-10T19:14:49+00:00,11,426,4,6.08,15.007,77.05,11.9,phase-4
2026-10-10T19:14:49+00:00,11,427,4,4.77,13.267,73.77,7.9,phase-4
2026-10-10T19:14:49+00:00,11,428,4,3.89,8.206,72.12,7.9,phase-4
2026-10-10T19:14:49+00:00,11,429,4,2.46,2.924,64.28,6.9,phase-4
2026-10-10T19:14:49+00:00,11,430,4,1.07,3.742,17.53,5.4,phase-4
2026-10-10T19:14:49+00:00,11,431,4,1.43,2.571,39.5,5.7,phase-4
2026-10-10T19:14:49+00:00,11,432,4,2.41,1.822,56.94,5.5,phase-4
2026-10-10T19:14:49+00:00,11,433,4,0.0,0.0,0.0,5.0,phase-4
2026-10-10T19:14:49+00:00,11,434,4,0.13,0.241,4.89,4.9,phase-4
2026-10-10T19:14:49+00:00,11,435,4,0.15,0.268,4.89,4.9,phase-4
2026-10-10T19:14:49+00:00,11,437,4,0.14,0.252,4.89,4.4,phase-4
2026-10-10T19:14:49+00:00,11,438,4,0.18,0.298,4.89,4.4,phase-4
2026-10-10T19:14:49+00:00,11,439,4,0.0,0.0,0.0,7.0,phase-4
2026-10-10T19:14:49+00:00,11,440,4,0.6,1.555,13.18,5.3,phase-4
2026-10-10T19:14:49+00:00,11,442,4,1.69,2.218,46.0,4.9,phase-4
2026-10-10T19:14:49+00:00,11,443,4,0.15,0.479,6.26,4.5,phase-4
2026-10-10T19:14:49+00:00,11,444,4,0.0,0.0,0.0,4.4,phase-4
2026-10-10T19:14:49+00:00,11,445,4,3.22,4.138,90.0,5.0,phase-4
2026-10-10T19:14:49+00:00,11,446,4,0.7,1.678,23.34,4.9,phase-4
2026-10-10T19:14:49+00:00,11,447,4,2.98,2.651,78.17,5.0,phase-4
2026-10-10T19:14:49+00:00,11,448,4,0.0,0.0,0.0,4.8,phase-4
2026-10-10T19:14:49+00:00,11,449,4,3.06,4.211,81.33,5.3,phase-4
2026-10-10T19:14:49+00:00,11,450,4,0.41,1.236,14.35,4.9,phase-4
2026-10-10T19:14:49+00:00,11,451,4,0.0,0.0,0.0,4.0,phase-4
2026-10-10T19:14:49+00:00,11,452,4,2.88,4.479,49.44,6.7,phase-4
2026-10-10T19:14:49+00:00,11,453,4,3.16,5.202,76.07,6.1,phase-4
2026-10-10T19:14:49+00:00,11,454,4,0.0,0.0,0.0,6.1,phase-4
2026-10-10T19:14:49+00:00,11,455,4,2.64,0.847,82.24,5.3,phase-4
2026-10-10T19:14:49+00:00,11,456,4,0.0,0.0,0.0,4.8,phase-4
2026-10-10T19:14:49+00:00,11,457,4,1.44,2.446,49.44,5.9,phase-4
2026-10-10T19:14:49+00:00,11,458,4,0.65,1.222,27.96,5.4,phase-4
2026-10-10T19:14:49+00:00,11,459,4,1.7,1.77,52.25,5.5,phase-4
2026-10-10T19:14:49+00:00,11,460,4,2.07,2.947,48.09,5.0,phase-4
2026-10-10T19:14:49+00:00,11,461,4,1.02,2.17,12.44,5.8,phase-4
2026-10-10T19:14:49+00:00,11,462,4,1.7,0.297,54.8,4.9,phase-4
2026-10-10T19:14:49+00:00,11,463,4,0.0,0.0,0.0,5.9,phase-4
2026-10-10T19:14:49+00:00,11,464,4,2.02,2.842,55.77,6.2,phase-4
2026-10-10T19:14:49+00:00,11,465,4,0.72,1.722,12.21,5.8,phase-4
2026-10-10T19:14:49+00:00,11,466,4,0.0,0.0,0.0,4.5,phase-4
2026-10-10T19:14:49+00:00,11,467,4,3.31,2.757,90.0,5.0,phase-4
2026-10-10T19:14:49+00:00,11,468,4,0.38,1.055,13.38,4.5,phase-4
2026-10-10T19:14:49+00:00,11,469,4,1.43,3.672,48.33,5.0,phase-4
2026-10-10T19:14:49+00:00,11,470,4,0.0,0.0,0.0,5.0,phase-4
2026-10-10T19:14:49+00:00,11,471,4,0.0,0.0,0.0,5.4,phase-4
2026-10-10T19:14:49+00:00,11,472,4,3.27,3.825,84.76,5.5,phase-4
2026-10-10T19:14:49+00:00,11,473,4,1.84,3.115,63.89,4.4,phase-4
2026-10-10T19:14:49+00:00,11,474,4,1.29,2.416,48.65,4.5,phase-4
2026-10-10T19:14:49+00:00,11,475,4,0.0,0.0,0.0,4.5,phase-4
2026-10-10T19:14:49+00:00,11,476,4,0.17,0.536,6.44,4.0,phase-4
2026-10-10T19:14:49+00:00,11,477,4,0.0,0.0,0.0,4.0,phase-4
2026-10-10T19:14:49+00:00,11,478,4,0.31,0.889,10.6,4.4,phase-4
2026-10-10T19:14:49+00:00,11,480,4,4.1,8.105,90.0,8.0,phase-4
2026-10-10T19:14:49+00:00,11,481,4,3.77,2.427,82.6,6.3,phase-4
2026-10-10T19:14:49+00:00,11,482,4,1.13,1.663,36.12,5.8,phase-4
2026-10-10T19:14:49+00:00,11,483,4,2.22,3.81,63.81,5.5,phase-4
2026-10-10T19:14:49+00:00,11,484,4,0.0,0.0,0.0,5.4,phase-4
2026-10-10T19:14:49+00:00,11,485,4,0.0,0.0,0.0,5.5,phase-4
2026-10-10T19:14:49+00:00,11,486,4,1.51,1.87,50.23,5.5,phase-4
2026-10-10T19:14:49+00:00,11,487,4,0.77,1.166,30.02,4.9,phase-4
2026-10-10T19:14:49+00:00,11,488,4,1.56,1.603,51.86,4.8,phase-4
2026-10-10T19:14:49+00:00,11,489,4,0.36,0.873,11.79,4.4,phase-4
2026-10-10T19:14:49+00:00,11,490,4,0.81,1.535,24.2,5.8,phase-4
2026-10-10T19:14:49+00:00,11,491,4,0.0,0.0,0.0,5.8,phase-4
2026-10-10T19:14:49+00:00,11,492,4,0.0,0.0,0.0,5.4,phase-4
2026-10-10T19:14:49+00:00,11,493,4,0.23,0.375,6.44,5.4,phase-4
2026-10-10T19:14:49+00:00,11,494,4,0.0,0.0,0.0,4.5,phase-4
2026-10-10T19:14:49+00:00,11,495,4,0.15,0.464,5.45,4.0,phase-4
2026-10-10T19:14:49+00:00,11,496,4,2.32,1.934,59.41,4.5,phase-4
2026-10-10T19:14:49+00:00,11,497,4,2.07,2.139,52.22,4.0,phase-4
2026-10-10T19:14:49+00:00,11,498,4,2.61,2.442,67.69,5.8,phase-4
2026-10-10T19:14:49+00:00,11,499,4,0.0,0.0,0.0,5.4,phase-4
2026-10-10T19:14:49+00:00,11,500,4,0.0,0.0,0.0,5.0,phase-4
2026-10-10T19:14:49+00:00,11,501,4,1.51,1.666,59.54,5.0,phase-4
2026-10-10T19:14:49+00:00,11,502,4,1.89,2.003,52.5,4.4,phase-4
2026-10-10T19:14:49+00:00,11,503,4,2.32,3.726,75.88,5.0,phase-4
2026-10-10T19:14:49+00:00,11,504,4,3.31,6.043,90.0,5.0,phase-4
2026-10-10T19:14:49+00:00,11,505,4,0.0,0.0,0.0,4.5,phase-4
2026-10-10T19:14:49+00:00,11,506,4,0.99,2.423,36.55,4.4,phase-4
2026-10-10T19:14:49+00:00,11,508,4,0.21,0.798,7.8,3.9,phase-4
2026-10-10T19:14:49+00:00,11,509,4,0.29,0.607,5.45,4.0,phase-4
2026-10-10T19:14:49+00:00,11,510,4,0.29,0.607,5.45,4.0,phase-4
2026-10-10T19:14:49+00:00,11,511,4,0.0,0.0,0.0,4.0,phase-4
2026-10-10T19:14:49+00:00,11,512,4,1.67,1.536,42.5,6.5,phase-4
2026-10-10T19:14:49+00:00,11,513,4,0.0,0.0,0.0,5.9,phase-4
2026-10-10T19:14:49+00:00,11,514,4,1.56,1.577,45.42,5.7,phase-4
2026-10-10T19:14:49+00:00,11,515,4,0.35,0.713,7.37,6.3,phase-4
2026-10-10T19:14:49+00:00,11,516,4,0.0,0.0,0.0,5.5,phase-4
2026-10-10T19:14:49+00:00,11,517,4,0.0,0.0,0.0,5.5,phase-4
2026-10-10T19:14:49+00:00,11,518,4,0.0,0.0,0.0,4.9,phase-4
2026-10-10T19:14:49+00:00,11,519,4,1.2,2.114,41.16,5.3,phase-4
2026-10-10T19:14:49+00:00,11,520,4,0.9,1.425,31.21,5.3,phase-4
2026-10-10T19:14:49+00:00,11,521,4,0.0,0.0,0.0,6.5,phase-4
2026-10-10T19:14:49+00:00,11,522,4,1.75,0.65,60.3,4.9,phase-4
2026-10-10T19:14:49+00:00,11,523,4,0.0,0.0,0.0,5.0,phase-4
2026-10-10T19:14:49+00:00,11,524,4,0.16,0.281,5.45,4.4,phase-4
2026-10-10T19:14:49+00:00,11,525,4,2.26,1.065,70.87,5.7,phase-4
2026-10-10T19:14:49+00:00,11,526,4,1.27,1.793,40.11,5.8,phase-4
2026-10-10T19:14:49+00:00,11,527,4,0.0,0.0,0.0,5.9,phase-4
2026-10-10T19:14:49+00:00,11,528,4,0.0,0.0,0.0,4.5,phase-4
2026-10-10T19:14:49+00:00,11,529,4,2.75,1.4,89.2,4.9,phase-4
2026-10-10T19:14:49+00:00,11,531,4,0.3,0.586,9.32,4.4,phase-4
2026-10-10T19:14:49+00:00,11,532,4,0.0,0.0,0.0,4.9,phase-4
2026-10-10T19:14:49+00:00,11,533,4,3.02,5.614,81.15,5.4,phase-4
2026-10-10T19:14:49+00:00,11,534,4,1.64,2.503,72.63,4.3,phase-4
2026-10-10T19:14:49+00:00,11,535,4,1.1,1.467,50.32,4.8,phase-4
2026-10-10T19:14:49+00:00,11,536,4,1.28,1.503,72.58,4.4,phase-4
2026-10-10T19:14:49+00:00,11,537,4,0.0,0.0,0.0,4.5,phase-4
2026-10-10T19:14:49+00:00,11,539,4,0.17,1.093,18.43,3.9,phase-4
2026-10-10T19:14:49+00:00,11,540,4,0.0,0.0,0.0,4.0,phase-4
2026-10-10T19:14:49+00:00,11,541,4,1.49,3.561,69.19,4.5,phase-4
2026-10-10T19:14:49+00:00,11,542,4,4.1,8.002,87.3,5.7,phase-4
2026-10-10T19:14:49+00:00,11,543,4,0.0,0.0,0.0,5.3,phase-4
2026-10-10T19:14:49+00:00,11,544,4,3.34,2.426,86.35,5.5,phase-4
2026-10-10T19:14:49+00:00,11,545,4,2.36,1.546,87.3,4.9,phase-4
2026-10-10T19:14:49+00:00,11,546,4,0.0,0.0,0.0,4.9,phase-4
2026-10-10T19:14:49+00:00,11,547,4,0.0,0.0,0.0,4.8,phase-4
2026-10-10T19:14:49+00:00,11,548,4,0.52,0.93,19.07,4.9,phase-4
2026-10-10T19:14:49+00:00,11,549,4,1.07,1.879,29.66,5.3,phase-4
2026-10-10T19:14:49+00:00,11,550,4,0.2,0.386,6.89,4.9,phase-4
2026-10-10T19:14:49+00:00,11,551,4,1.43,2.144,51.77,5.0,phase-4
2026-10-10T19:14:49+00:00,11,552,4,0.0,0.0,0.0,5.7,phase-4
2026-10-10T19:14:49+00:00,11,553,4,2.46,4.174,39.25,5.5,phase-4
2026-10-10T19:14:49+00:00,11,555,4,0.18,0.54,6.27,4.0,phase-4
2026-10-10T19:14:49+00:00,11,556,4,0.0,0.0,0.0,4.0,phase-4
2026-10-10T19:14:49+00:00,11,557,4,0.0,0.0,0.0,6.3,phase-4
2026-10-10T19:14:49+00:00,11,558,4,2.07,0.8,84.69,5.0,phase-4
2026-10-10T19:14:49+00:00,11,559,4,0.33,0.529,6.72,4.9,phase-4
2026-10-10T19:14:49+00:00,11,560,4,0.12,0.388,5.02,4.4,phase-4
2026-10-10T19:14:49+00:00,11,561,4,0.12,0.388,5.02,4.5,phase-4
2026-10-10T19:14:49+00:00,11,562,4,1.97,1.847,60.66,5.3,phase-4
2026-10-10T19:14:49+00:00,11,563,4,0.55,0.838,21.51,4.9,phase-4
2026-10-10T19:14:49+00:00,11,564,4,2.02,1.79,60.66,4.5,phase-4
2026-10-10T19:14:49+00:00,11,565,4,1.72,1.542,61.89,5.6,phase-4
2026-10-10T19:14:49+00:00,11,566,4,2.88,7.318,90.0,5.0,phase-4
2026-10-10T19:14:49+00:00,11,567,4,2.69,2.517,90.0,5.0,phase-4
2026-10-10T19:14:49+00:00,11,568,4,0.69,1.5,22.97,5.4,phase-4
2026-10-10T19:14:49+00:00,11,569,4,2.87,4.182,78.05,6.1,phase-4
2026-10-10T19:14:49+00:00,11,570,4,1.58,3.63,45.23,5.4,phase-4
2026-10-10T19:14:49+00:00,11,571,4,1.08,1.463,36.53,4.8,phase-4
2026-10-10T19:14:49+00:00,11,572,4,2.87,2.752,86.5,4.7,phase-4
2026-10-10T19:14:49+00:00,11,573,4,0.22,0.602,6.9,4.4,phase-4
2026-10-10T19:14:49+00:00,11,574,4,0.23,0.364,5.64,4.9,phase-4
2026-10-10T19:14:49+00:00,11,575,4,1.76,0.408,69.56,4.8,phase-4
2026-10-10T19:14:49+00:00,11,576,4,1.49,0.786,69.12,5.0,phase-4
2026-10-10T19:14:49+00:00,11,577,4,0.0,0.0,0.0,4.4,phase-4
2026-10-10T19:14:49+00:00,11,578,4,0.0,0.0,0.0,5.3,phase-4
2026-10-10T19:14:49+00:00,11,579,4,2.37,2.928,66.07,5.4,phase-4
2026-10-10T19:14:49+00:00,11,580,4,2.01,0.893,62.97,5.0,phase-4
2026-10-10T19:14:49+00:00,11,581,4,1.28,3.023,42.71,5.4,phase-4
2026-10-10T19:14:49+00:00,11,582,4,0.09,0.18,3.88,5.4,phase-4
2026-10-10T19:14:49+00:00,11,583,4,1.56,1.382,43.99,4.9,phase-4
2026-10-10T19:14:49+00:00,11,584,4,1.93,1.062,61.93,5.3,phase-4
2026-10-10T19:14:49+00:00,11,585,4,1.3,0.728,36.95,4.0,phase-4
2026-10-10T19:14:49+00:00,11,586,4,2.2,3.46,69.12,4.1,phase-4
2026-10-10T19:14:49+00:00,11,587,4,0.18,0.542,5.44,5.0,phase-4
2026-10-10T19:14:49+00:00,11,588,4,2.65,5.466,82.5,5.0,phase-4
2026-10-10T19:14:49+00:00,11,589,4,0.87,0.794,30.93,5.0,phase-4
2026-10-10T19:14:49+00:00,11,590,4,0.17,0.536,6.44,4.5,phase-4
2026-10-10T19:14:49+00:00,11,591,4,2.69,3.822,75.19,5.5,phase-4
2026-10-10T19:14:49+00:00,11,592,4,1.5,1.512,40.38,4.0,phase-4
2026-10-10T19:14:49+00:00,11,593,4,1.08,2.525,40.69,4.5,phase-4
2026-10-10T19:14:49+00:00,11,594,4,0.14,1.3,5.74,5.9,phase-4
2026-10-10T19:14:49+00:00,11,595,4,0.22,0.449,6.98,4.9,phase-4
2026-10-10T19:14:49+00:00,11,596,4,0.55,1.513,25.75,4.5,phase-4
2026-10-10T19:14:49+00:00,11,597,4,2.46,1.738,79.45,5.0,phase-4
2026-10-10T19:14:49+00:00,11,598,4,3.32,4.507,66.69,4.5,phase-4
2026-10-10T19:14:49+00:00,11,599,4,0.23,0.522,7.88,5.0,phase-4
2026-10-10T19:14:49+00:00,11,600,4,0.49,1.14,9.12,5.0,phase-4
2026-10-10T19:14:49+00:00,11,601,4,0.14,0.262,5.45,4.5,phase-4
2026-10-10T19:14:49+00:00,11,603,4,0.23,0.697,5.07,4.0,phase-4
2026-10-10T19:14:49+00:00,11,604,4,0.14,0.261,5.07,4.5,phase-4
2026-10-10T19:14:49+00:00,11,605,4,3.56,6.875,58.85,4.5,phase-4
2026-10-10T19:14:49+00:00,11,606,4,0.1,0.347,5.18,4.0,phase-4
2026-10-10T19:14:49+00:00,11,608,4,0.39,0.849,6.9,5.0,phase-4
2026-10-10T19:14:49+00:00,11,611,4,1.38,1.549,49.73,4.5,phase-4
2026-10-10T19:14:49+00:00,11,612,4,0.3,1.446,24.08,4.5,phase-4
2026-10-10T19:14:49+00:00,11,613,4,0.13,0.263,5.66,4.5,phase-4
2026-10-10T19:14:49+00:00,11,614,4,1.88,10.251,5.74,4.5,phase-4
2026-10-10T19:14:49+00:00,11,615,4,0.19,0.573,6.9,4.5,phase-4
2026-10-10T19:14:49+00:00,11,616,4,0.23,0.432,5.44,5.5,phase-4
2026-10-10T19:14:49+00:00,11,617,4,1.22,2.224,16.14,5.0,phase-4
2026-10-10T19:14:49+00:00,11,618,4,0.0,0.0,0.0,5.9,phase-4
2026-10-10T19:14:49+00:00,11,619,4,1.73,0.694,50.52,5.0,phase-4
2026-10-10T19:14:49+00:00,11,620,4,1.35,1.763,48.59,4.5,phase-4
2026-10-10T19:14:49+00:00,11,621,4,0.35,0.89,5.44,4.4,phase-4
2026-10-10T19:14:49+00:00,11,622,4,0.28,0.643,5.44,4.0,phase-4
2026-10-10T19:14:49+00:00,11,623,4,0.41,1.04,10.87,4.0,phase-4
2026-10-10T19:14:49+00:00,11,625,4,0.23,0.697,5.07,4.0,phase-4
2026-10-10T19:14:49+00:00,11,626,4,0.12,0.23,4.79,4.4,phase-4
2026-10-10T19:14:49+00:00,11,627,4,1.27,1.91,40.3,8.0,phase-4
2026-10-10T19:14:49+00:00,11,628,4,0.14,0.266,5.44,6.0,phase-4
2026-10-10T19:14:49+00:00,11,629,4,0.23,0.697,5.07,4.0,phase-4
2026-10-10T19:14:49+00:00,11,630,4,0.92,1.786,44.47,4.5,phase-4
2026-10-10T19:14:49+00:00,11,631,4,0.63,1.288,12.14,6.0,phase-4
2026-10-10T19:14:49+00:00,11,632,4,0.0,0.0,0.0,5.0,phase-4
2026-10-10T19:14:49+00:00,11,633,4,0.7,1.791,23.95,4.5,phase-4
2026-10-10T19:14:49+00:00,11,634,4,1.02,1.171,41.51,6.0,phase-4
2026-10-10T19:14:49+00:00,11,635,4,0.5,1.387,7.62,5.0,phase-4
2026-10-10T19:14:49+00:00,11,636,4,-0.13,0.23,4.79,5.0,phase-4
2026-10-10T19:14:49+00:00,11,637,4,0.2,0.332,5.64,5.0,phase-4
2026-10-10T19:14:49+00:00,11,638,4,0.04,0.849,7.62,4.0,phase-4
2026-10-10T19:14:49+00:00,11,639,4,1.95,2.731,45.4,5.5,phase-4
2026-10-10T19:14:49+00:00,11,640,4,1.7,4.259,30.82,5.5,phase-4
2026-10-10T19:14:49+00:00,11,641,4,0.23,0.7,5.07,4.5,phase-4
2026-10-10T19:14:49+00:00,11,642,4,0.9,1.332,26.67,5.5,phase-4
2026-10-10T19:14:49+00:00,11,643,4,0.51,1.85,7.87,4.5,phase-4
2026-10-10T19:14:49+00:00,11,644,4,1.97,1.086,63.11,5.0,phase-4
2026-10-10T19:14:49+00:00,11,645,4,0.14,0.267,5.64,5.0,phase-4
2026-10-10T19:14:49+00:00,11,646,4,1.35,1.175,24.67,5.5,phase-4
2026-10-10T19:14:49+00:00,11,647,4,0.31,0.449,6.27,5.5,phase-4
2026-10-10T19:14:49+00:00,11,648,4,0.28,0.395,5.07,5.0,phase-4
2026-10-10T19:14:49+00:00,11,649,4,2.16,3.633,43.53,4.5,phase-4
2026-10-10T19:14:49+00:00,11,650,4,1.63,2.14,51.4,4.5,phase-4
2026-10-10T19:14:49+00:00,11,651,4,0.19,0.316,5.66,4.5,phase-4
2026-10-10T19:14:49+00:00,11,652,4,0.0,0.0,0.0,5.5,phase-4
2026-10-10T19:14:49+00:00,11,653,4,0.14,0.266,5.44,4.5,phase-4
2026-10-10T19:14:49+00:00,11,654,4,0.17,0.301,6.04,4.5,phase-4
2026-10-10T19:14:49+00:00,11,655,4,0.17,0.318,6.6,5.5,phase-4
2026-10-10T19:14:49+00:00,11,656,4,1.07,2.357,25.2,4.0,phase-4
2026-10-10T19:14:49+00:00,11,657,4,0.11,0.222,4.71,4.5,phase-4
2026-10-10T19:14:49+00:00,11,658,4,0.15,0.276,5.74,4.5,phase-4
2026-10-10T19:14:49+00:00,11,659,4,0.15,0.295,6.26,4.5,phase-4
2026-10-10T19:14:49+00:00,11,660,4,0.09,0.308,4.71,4.0,phase-4
2026-10-10T19:14:49+00:00,11,661,4,0.09,0.308,4.71,4.0,phase-4
2026-10-10T19:14:49+00:00,11,662,4,0.25,0.362,5.02,4.5,phase-4
2026-10-10T19:14:49+00:00,11,663,4,0.15,0.479,6.26,4.0,phase-4
2026-10-10T19:14:49+00:00,11,664,4,0.14,0.282,6.26,4.5,phase-4
2026-10-10T19:14:49+00:00,11,665,4,0.15,0.295,6.26,4.5,phase-4
2026-10-10T19:14:49+00:00,11,666,4,0.15,0.295,6.26,4.5,phase-4
2026-10-10T19:14:49+00:00,11,667,4,0.1,0.347,5.18,4.0,phase-4
2026-10-10T19:14:49+00:00,12,1,5,3.23,3.283,81.07,6.1,phase-4
2026-10-10T19:14:49+00:00,12,2,5,0.22,0.588,6.13,4.9,phase-4
2026-10-10T19:14:49+00:00,12,3,5,0.16,0.483,5.04,4.9,phase-4
2026-10-10T19:14:49+00:00,12,4,5,3.63,7.061,75.14,8.0,phase-4
2026-10-10T19:14:49+00:00,12,5,5,2.16,4.112,48.54,6.5,phase-4
2026-10-10T19:14:49+00:00,12,6,5,0.0,0.0,0.0,5.9,phase-4
2026-10-10T19:14:49+00:00,12,7,5,1.27,1.99,40.13,5.4,phase-4
2026-10-10T19:14:49+00:00,12,8,5,3.34,8.168,67.64,5.9,phase-4
2026-10-10T19:14:49+00:00,12,9,5,1.18,2.573,30.72,5.2,phase-4
2026-10-10T19:14:49+00:00,12,10,5,1.86,4.106,44.47,5.4,phase-4
2026-10-10T19:14:49+00:00,12,11,5,1.06,2.39,29.18,5.3,phase-4
2026-10-10T19:14:49+00:00,12,12,5,5.8,15.937,70.9,9.6,phase-4
2026-10-10T19:14:49+00:00,12,13,5,3.79,4.444,79.37,7.4,phase-4
2026-10-10T19:14:49+00:00,12,14,5,1.91,3.94,36.0,6.2,phase-4
2026-10-10T19:14:49+00:00,12,15,5,3.79,8.556,59.92,6.8,phase-4
2026-10-10T19:14:49+00:00,12,16,5,1.52,3.942,28.33,6.2,phase-4
2026-10-10T19:14:49+00:00,12,17,5,1.32,3.478,22.55,5.7,phase-4
2026-10-10T19:14:49+00:00,12,18,5,0.0,0.0,0.0,6.3,phase-4
2026-10-10T19:14:49+00:00,12,19,5,2.39,3.686,50.73,5.3,phase-4
2026-10-10T19:14:49+00:00,12,20,5,0.41,1.023,6.13,5.3,phase-4
2026-10-10T19:14:49+00:00,12,21,5,0.12,0.204,3.68,4.8,phase-4
2026-10-10T19:14:49+00:00,12,22,5,0.0,0.0,0.0,5.4,phase-4
2026-10-10T19:14:49+00:00,12,24,5,0.0,0.0,0.0,5.5,phase-4
2026-10-10T19:14:49+00:00,12,25,5,2.44,5.696,38.65,7.1,phase-4
2026-10-10T19:14:49+00:00,12,26,5,2.46,5.356,50.65,7.6,phase-4
2026-10-10T19:14:49+00:00,12,27,5,0.0,0.0,0.0,5.9,phase-4
2026-10-10T19:14:49+00:00,12,28,5,3.13,2.485,72.05,5.0,phase-4
2026-10-10T19:14:49+00:00,12,29,5,0.7,1.506,17.97,4.5,phase-4
2026-10-10T19:14:49+00:00,12,30,5,0.0,0.0,0.0,4.5,phase-4
2026-10-10T19:14:49+00:00,12,31,5,2.62,3.929,69.26,4.6,phase-4
2026-10-10T19:14:49+00:00,12,32,5,2.26,4.031,71.2,4.4,phase-4
2026-10-10T19:14:49+00:00,12,33,5,1.82,2.266,49.9,4.5,phase-4
2026-10-10T19:14:49+00:00,12,34,5,1.39,2.956,43.55,4.4,phase-4
2026-10-10T19:14:49+00:00,12,35,5,0.41,0.787,17.78,4.9,phase-4
2026-10-10T19:14:49+00:00,12,36,5,0.0,0.0,0.0,4.4,phase-4
2026-10-10T19:14:49+00:00,12,37,5,2.23,3.124,60.71,4.5,phase-4
2026-10-10T19:14:49+00:00,12,38,5,0.2,0.588,6.3,4.0,phase-4
2026-10-10T19:14:49+00:00,12,39,5,0.0,0.0,0.0,4.0,phase-4
2026-10-10T19:14:49+00:00,12,40,5,4.54,10.374,80.89,7.8,phase-4
2026-10-10T19:14:49+00:00,12,41,5,3.0,5.395,67.57,5.9,phase-4
2026-10-10T19:14:49+00:00,12,42,5,0.87,1.5,22.99,5.4,phase-4
2026-10-10T19:14:49+00:00,12,43,5,2.57,2.156,65.03,5.8,phase-4
2026-10-10T19:14:49+00:00,12,44,5,0.0,0.0,0.0,5.4,phase-4
2026-10-10T19:14:49+00:00,12,45,5,3.03,5.053,75.5,5.4,phase-4
2026-10-10T19:14:49+00:00,12,46,5,1.74,3.184,40.17,5.0,phase-4
2026-10-10T19:14:49+00:00,12,47,5,2.31,1.31,65.92,5.0,phase-4
2026-10-10T19:14:49+00:00,12,48,5,0.0,0.0,0.0,4.9,phase-4
2026-10-10T19:14:49+00:00,12,50,5,0.15,0.268,5.18,4.5,phase-4
2026-10-10T19:14:49+00:00,12,51,5,0.63,0.983,22.19,4.5,phase-4
2026-10-10T19:14:49+00:00,12,52,5,0.41,0.995,8.58,5.0,phase-4
2026-10-10T19:14:49+00:00,12,53,5,2.27,4.044,37.66,5.9,phase-4
2026-10-10T19:14:49+00:00,12,54,5,1.79,0.799,62.98,5.5,phase-4
2026-10-10T19:14:49+00:00,12,55,5,0.0,0.0,0.0,7.8,phase-4
2026-10-10T19:14:49+00:00,12,56,5,0.48,1.132,10.5,5.5,phase-4
2026-10-10T19:14:49+00:00,12,57,5,3.78,3.825,90.0,4.5,phase-4
2026-10-10T19:14:49+00:00,12,58,5,0.25,0.744,6.9,4.0,phase-4
2026-10-10T19:14:49+00:00,12,60,5,4.53,4.631,90.0,5.5,phase-4
2026-10-10T19:14:49+00:00,12,61,5,4.17,5.298,90.0,5.4,phase-4
2026-10-10T19:14:49+00:00,12,62,5,1.08,2.634,29.21,4.9,phase-4
2026-10-10T19:14:49+00:00,12,63,5,0.0,0.0,0.0,4.9,phase-4
2026-10-10T19:14:49+00:00,12,64,5,2.64,3.866,80.51,4.5,phase-4
2026-10-10T19:14:49+00:00,12,65,5,0.0,0.0,0.0,4.4,phase-4
2026-10-10T19:14:49+00:00,12,66,5,0.36,0.856,6.9,4.0,phase-4
2026-10-10T19:14:49+00:00,12,67,5,3.53,6.486,83.24,6.3,phase-4
2026-10-10T19:14:49+00:00,12,68,5,4.35,7.724,90.0,6.1,phase-4
2026-10-10T19:14:49+00:00,12,69,5,0.0,0.0,0.0,6.1,phase-4
2026-10-10T19:14:49+00:00,12,70,5,0.0,0.0,0.0,5.9,phase-4
2026-10-10T19:14:49+00:00,12,71,5,1.23,1.046,40.92,5.0,phase-4
2026-10-10T19:14:49+00:00,12,72,5,0.56,1.181,8.75,4.9,phase-4
2026-10-10T19:14:49+00:00,12,73,5,2.86,1.33,79.51,5.0,phase-4
2026-10-10T19:14:49+00:00,12,74,5,0.95,1.686,35.27,5.0,phase-4
2026-10-10T19:14:49+00:00,12,75,5,1.7,3.534,40.51,5.0,phase-4
2026-10-10T19:14:49+00:00,12,76,5,0.35,0.597,9.88,4.9,phase-4
2026-10-10T19:14:49+00:00,12,77,5,0.0,0.0,0.0,4.9,phase-4
2026-10-10T19:14:49+00:00,12,78,5,0.0,0.0,0.0,7.4,phase-4
2026-10-10T19:14:49+00:00,12,79,5,3.29,4.63,90.0,6.0,phase-4
2026-10-10T19:14:49+00:00,12,80,5,0.0,0.0,0.0,5.5,phase-4
2026-10-10T19:14:49+00:00,12,81,5,0.34,0.637,7.68,6.0,phase-4
2026-10-10T19:14:49+00:00,12,82,5,3.78,4.231,75.77,5.0,phase-4
2026-10-10T19:14:49+00:00,12,83,5,0.24,0.714,5.73,4.5,phase-4
2026-10-10T19:14:49+00:00,12,84,5,0.0,0.0,0.0,5.4,phase-4
2026-10-10T19:14:49+00:00,12,85,5,1.78,3.426,39.53,4.9,phase-4
2026-10-10T19:14:49+00:00,12,86,5,2.86,4.186,63.89,5.5,phase-4
2026-10-10T19:14:49+00:00,12,87,5,2.99,4.545,62.31,4.5,phase-4
2026-10-10T19:14:49+00:00,12,88,5,3.43,6.343,71.44,4.6,phase-4
2026-10-10T19:14:49+00:00,12,89,5,0.81,2.212,19.09,4.4,phase-4
2026-10-10T19:14:49+00:00,12,90,5,1.17,2.423,25.15,4.5,phase-4
2026-10-10T19:14:49+00:00,12,91,5,1.21,2.803,37.37,4.5,phase-4
2026-10-10T19:14:49+00:00,12,92,5,0.2,0.592,4.71,4.4,phase-4
2026-10-10T19:14:49+00:00,12,93,5,1.91,3.696,38.66,4.5,phase-4
2026-10-10T19:14:49+00:00,12,94,5,2.62,5.853,53.85,6.2,phase-4
2026-10-10T19:14:49+00:00,12,95,5,2.38,3.657,48.33,6.3,phase-4
2026-10-10T19:14:49+00:00,12,96,5,1.78,2.784,38.59,5.4,phase-4
2026-10-10T19:14:49+00:00,12,97,5,1.73,3.004,39.03,5.4,phase-4
2026-10-10T19:14:49+00:00,12,98,5,2.21,2.217,58.36,5.0,phase-4
2026-10-10T19:14:49+00:00,12,99,5,0.0,0.0,0.0,5.0,phase-4
2026-10-10T19:14:49+00:00,12,100,5,2.2,9.903,5.73,5.0,phase-4
2026-10-10T19:14:49+00:00,12,101,5,1.6,2.088,44.26,4.9,phase-4
2026-10-10T19:14:49+00:00,12,102,5,2.12,1.713,57.24,4.8,phase-4
2026-10-10T19:14:49+00:00,12,103,5,0.0,0.0,0.0,4.9,phase-4
2026-10-10T19:14:49+00:00,12,104,5,1.69,3.15,37.72,4.9,phase-4
2026-10-10T19:14:49+00:00,12,105,5,3.18,6.308,63.16,5.9,phase-4
2026-10-10T19:14:49+00:00,12,106,5,3.59,8.336,75.77,7.8,phase-4
2026-10-10T19:14:49+00:00,12,107,5,0.0,0.0,0.0,4.5,phase-4
2026-10-10T19:14:49+00:00,12,108,5,0.95,2.572,19.08,5.4,phase-4
2026-10-10T19:14:49+00:00,12,109,5,3.78,3.796,90.0,4.5,phase-4
2026-10-10T19:14:49+00:00,12,110,5,2.97,3.239,90.0,4.5,phase-4
2026-10-10T19:14:49+00:00,12,111,5,0.19,0.575,5.74,4.0,phase-4
2026-10-10T19:14:49+00:00,12,112,5,3.78,6.115,86.81,4.9,phase-4
2026-10-10T19:14:49+00:00,12,113,5,2.89,4.306,84.2,4.4,phase-4
2026-10-10T19:14:49+00:00,12,114,5,2.36,3.478,62.06,4.5,phase-4
2026-10-10T19:14:49+00:00,12,115,5,3.85,9.878,71.29,5.0,phase-4
2026-10-10T19:14:49+00:00,12,116,5,2.63,3.55,76.02,4.5,phase-4
2026-10-10T19:14:49+00:00,12,117,5,0.2,0.818,8.21,4.5,phase-4
2026-10-10T19:14:49+00:00,12,118,5,0.0,0.0,0.0,4.5,phase-4
2026-10-10T19:14:49+00:00,12,119,5,1.02,1.551,20.53,4.5,phase-4
2026-10-10T19:14:49+00:00,12,120,5,0.29,0.673,5.74,5.0,phase-4
2026-10-10T19:14:49+00:00,12,121,5,0.0,0.0,0.0,5.9,phase-4
2026-10-10T19:14:49+00:00,12,122,5,0.0,0.0,0.0,5.8,phase-4
2026-10-10T19:14:49+00:00,12,123,5,1.78,6.688,18.61,5.9,phase-4
2026-10-10T19:14:49+00:00,12,124,5,3.56,6.091,74.04,5.9,phase-4
2026-10-10T19:14:49+00:00,12,125,5,1.84,3.366,41.12,5.3,phase-4
2026-10-10T19:14:49+00:00,12,126,5,0.89,3.51,8.21,5.4,phase-4
2026-10-10T19:14:49+00:00,12,127,5,3.5,5.08,81.76,5.0,phase-4
2026-10-10T19:14:49+00:00,12,128,5,0.0,0.0,0.0,5.0,phase-4
2026-10-10T19:14:49+00:00,12,129,5,2.75,3.684,70.69,5.4,phase-4
2026-10-10T19:14:49+00:00,12,130,5,0.0,0.0,0.0,4.9,phase-4
2026-10-10T19:14:49+00:00,12,131,5,0.9,1.575,29.11,4.9,phase-4
2026-10-10T19:14:49+00:00,12,132,5,0.0,0.0,0.0,4.5,phase-4
2026-10-10T19:14:49+00:00,12,133,5,0.0,0.0,0.0,5.0,phase-4
2026-10-10T19:14:49+00:00,12,134,5,0.25,0.378,5.74,4.4,phase-4
2026-10-10T19:14:49+00:00,12,135,5,0.0,0.0,0.0,4.8,phase-4
2026-10-10T19:14:49+00:00,12,136,5,1.85,3.888,42.07,5.9,phase-4
2026-10-10T19:14:49+00:00,12,137,5,0.0,0.0,0.0,5.4,phase-4
2026-10-10T19:14:49+00:00,12,138,5,1.93,3.671,45.46,5.6,phase-4
2026-10-10T19:14:49+00:00,12,139,5,0.0,0.0,0.0,5.0,phase-4
2026-10-10T19:14:49+00:00,12,140,5,0.0,0.0,0.0,4.9,phase-4
2026-10-10T19:14:49+00:00,12,141,5,0.0,0.0,0.0,5.0,phase-4
2026-10-10T19:14:49+00:00,12,142,5,1.71,4.135,39.49,5.3,phase-4
2026-10-10T19:14:49+00:00,12,143,5,0.0,0.0,0.0,5.5,phase-4
2026-10-10T19:14:49+00:00,12,144,5,2.04,3.281,57.37,4.9,phase-4
2026-10-10T19:14:49+00:00,12,145,5,1.72,2.855,52.34,5.0,phase-4
2026-10-10T19:14:49+00:00,12,146,5,0.0,0.0,0.0,4.5,phase-4
2026-10-10T19:14:49+00:00,12,147,5,0.64,1.339,14.84,4.4,phase-4
2026-10-10T19:14:49+00:00,12,148,5,1.12,2.678,41.7,4.5,phase-4
2026-10-10T19:14:49+00:00,12,149,5,1.12,2.34,39.47,4.8,phase-4
2026-10-10T19:14:49+00:00,12,150,5,0.0,0.0,0.0,4.5,phase-4
2026-10-10T19:14:49+00:00,12,151,5,1.21,2.512,36.04,4.5,phase-4
2026-10-10T19:14:49+00:00,12,152,5,0.15,0.437,5.02,5.3,phase-4
2026-10-10T19:14:49+00:00,12,153,5,0.0,0.0,0.0,4.5,phase-4
2026-10-10T19:14:49+00:00,12,154,5,4.0,9.168,69.9,9.7,phase-4
2026-10-10T19:14:49+00:00,12,155,5,3.33,6.37,70.77,6.9,phase-4
2026-10-10T19:14:49+00:00,12,156,5,3.29,5.684,70.35,6.5,phase-4
2026-10-10T19:14:49+00:00,12,157,5,0.91,2.485,18.02,6.3,phase-4
2026-10-10T19:14:49+00:00,12,158,5,0.0,0.0,0.0,5.8,phase-4
2026-10-10T19:14:49+00:00,12,159,5,1.53,1.582,49.76,5.3,phase-4
2026-10-10T19:14:49+00:00,12,160,5,0.76,1.335,22.53,5.8,phase-4
2026-10-10T19:14:49+00:00,12,161,5,1.14,2.477,33.04,5.0,phase-4
2026-10-10T19:14:49+00:00,12,162,5,0.78,1.359,25.22,4.8,phase-4
2026-10-10T19:14:49+00:00,12,163,5,0.0,0.0,0.0,4.5,phase-4
2026-10-10T19:14:49+00:00,12,164,5,0.18,0.417,5.39,5.3,phase-4
2026-10-10T19:14:49+00:00,12,165,5,4.9,10.47,71.2,7.7,phase-4
2026-10-10T19:14:49+00:00,12,166,5,2.32,2.592,78.06,6.5,phase-4
2026-10-10T19:14:49+00:00,12,167,5,1.44,1.696,51.08,5.6,phase-4
2026-10-10T19:14:49+00:00,12,168,5,0.0,0.0,0.0,5.0,phase-4
2026-10-10T19:14:49+00:00,12,169,5,0.22,0.337,5.02,4.5,phase-4
2026-10-10T19:14:49+00:00,12,170,5,0.0,0.0,0.0,4.9,phase-4
2026-10-10T19:14:49+00:00,12,172,5,0.2,0.602,6.6,4.4,phase-4
2026-10-10T19:14:49+00:00,12,173,5,3.27,5.24,90.0,4.0,phase-4
2026-10-10T19:14:49+00:00,12,175,5,1.77,3.368,65.11,4.0,phase-4
2026-10-10T19:14:49+00:00,12,176,5,3.16,5.299,90.0,4.0,phase-4
2026-10-10T19:14:49+00:00,12,177,5,0.1,0.309,3.31,3.9,phase-4
2026-10-10T19:14:49+00:00,12,178,5,0.2,0.602,6.6,4.0,phase-4
2026-10-10T19:14:49+00:00,12,179,5,0.54,0.833,6.6,4.0,phase-4
2026-10-10T19:14:49+00:00,12,180,5,0.0,0.0,0.0,3.9,phase-4
2026-10-10T19:14:49+00:00,12,182,5,0.0,0.0,0.0,4.0,phase-4
2026-10-10T19:14:49+00:00,12,183,5,3.3,4.543,80.97,4.9,phase-4
2026-10-10T19:14:49+00:00,12,184,5,1.59,0.972,50.48,4.9,phase-4
2026-10-10T19:14:49+00:00,12,185,5,0.34,0.718,8.14,4.8,phase-4
2026-10-10T19:14:49+00:00,12,186,5,2.62,2.517,80.97,5.3,phase-4
2026-10-10T19:14:49+00:00,12,187,5,0.0,0.0,0.0,4.8,phase-4
2026-10-10T19:14:49+00:00,12,188,5,0.71,1.238,13.91,5.3,phase-4
2026-10-10T19:14:49+00:00,12,189,5,0.17,0.316,6.6,4.4,phase-4
2026-10-10T19:14:49+00:00,12,190,5,1.85,2.125,48.47,5.3,phase-4
2026-10-10T19:14:49+00:00,12,193,5,0.0,0.0,0.0,5.3,phase-4
2026-10-10T19:14:49+00:00,12,194,5,1.84,0.865,57.8,5.0,phase-4
2026-10-10T19:14:49+00:00,12,195,5,0.88,1.603,27.3,4.9,phase-4
2026-10-10T19:14:49+00:00,12,198,5,0.0,0.0,0.0,4.9,phase-4
2026-10-10T19:14:49+00:00,12,199,5,0.9,1.618,22.41,4.5,phase-4
2026-10-10T19:14:49+00:00,12,200,5,3.07,3.443,74.57,5.9,phase-4
2026-10-10T19:14:49+00:00,12,201,5,2.73,5.449,74.56,5.4,phase-4
2026-10-10T19:14:49+00:00,12,202,5,3.38,3.053,88.9,4.9,phase-4
2026-10-10T19:14:49+00:00,12,203,5,2.21,1.977,62.98,4.8,phase-4
2026-10-10T19:14:49+00:00,12,204,5,3.05,5.484,90.0,4.5,phase-4
2026-10-10T19:14:49+00:00,12,205,5,0.0,0.0,0.0,4.5,phase-4
2026-10-10T19:14:49+00:00,12,206,5,0.0,0.0,0.0,4.3,phase-4
2026-10-10T19:14:49+00:00,12,207,5,0.24,0.581,6.27,4.3,phase-4
2026-10-10T19:14:49+00:00,12,208,5,1.66,2.996,42.3,6.2,phase-4
2026-10-10T19:14:49+00:00,12,209,5,1.66,2.316,55.36,5.9,phase-4
2026-10-10T19:14:49+00:00,12,210,5,3.03,1.842,86.79,5.4,phase-4
2026-10-10T19:14:49+00:00,12,211,5,2.39,2.743,71.63,5.5,phase-4
2026-10-10T19:14:49+00:00,12,212,5,0.86,1.298,32.8,4.4,phase-4
2026-10-10T19:14:49+00:00,12,213,5,1.59,2.924,38.19,4.8,phase-4
2026-10-10T19:14:49+00:00,12,214,5,2.66,1.72,79.41,5.0,phase-4
2026-10-10T19:14:49+00:00,12,215,5,0.0,0.0,0.0,5.0,phase-4
2026-10-10T19:14:49+00:00,12,216,5,0.0,0.0,0.0,5.0,phase-4
2026-10-10T19:14:49+00:00,12,218,5,0.16,0.297,6.27,4.8,phase-4
2026-10-10T19:14:49+00:00,12,220,5,0.0,0.0,0.0,4.5,phase-4
2026-10-10T19:14:49+00:00,12,221,5,0.38,0.515,6.27,4.4,phase-4
2026-10-10T19:14:49+00:00,12,222,5,2.12,1.555,72.09,6.0,phase-4
2026-10-10T19:14:49+00:00,12,223,5,0.0,0.0,0.0,6.3,phase-4
2026-10-10T19:14:49+00:00,12,224,5,1.36,3.111,31.15,5.5,phase-4
2026-10-10T19:14:49+00:00,12,225,5,0.0,0.0,0.0,5.0,phase-4
2026-10-10T19:14:49+00:00,12,226,5,3.43,2.793,90.0,5.5,phase-4
2026-10-10T19:14:49+00:00,12,227,5,0.16,0.483,6.04,5.0,phase-4
2026-10-10T19:14:49+00:00,12,228,5,0.16,0.483,6.04,4.5,phase-4
2026-10-10T19:14:49+00:00,12,229,5,3.72,3.535,90.0,6.2,phase-4
2026-10-10T19:14:49+00:00,12,230,5,2.13,2.188,57.7,5.5,phase-4
2026-10-10T19:14:49+00:00,12,231,5,1.41,2.541,47.56,4.8,phase-4
2026-10-10T19:14:49+00:00,12,232,5,1.76,1.806,58.91,4.8,phase-4
2026-10-10T19:14:49+00:00,12,233,5,1.74,2.93,65.74,4.6,phase-4
2026-10-10T19:14:49+00:00,12,234,5,0.0,0.0,0.0,4.5,phase-4
2026-10-10T19:14:49+00:00,12,236,5,3.08,3.558,84.59,6.6,phase-4
2026-10-10T19:14:49+00:00,12,237,5,3.29,4.347,73.03,5.8,phase-4
2026-10-10T19:14:49+00:00,12,238,5,1.59,1.55,43.48,6.5,phase-4
2026-10-10T19:14:49+00:00,12,239,5,3.3,1.335,87.16,6.0,phase-4
2026-10-10T19:14:49+00:00,12,240,5,0.88,1.573,31.89,5.0,phase-4
2026-10-10T19:14:49+00:00,12,241,5,0.98,1.49,32.59,5.3,phase-4
2026-10-10T19:14:49+00:00,12,242,5,1.18,1.517,37.51,5.5,phase-4
2026-10-10T19:14:49+00:00,12,243,5,0.39,1.475,13.85,4.9,phase-4
2026-10-10T19:14:49+00:00,12,244,5,1.47,0.834,54.47,5.0,phase-4
2026-10-10T19:14:49+00:00,12,245,5,0.4,1.094,11.25,5.3,phase-4
2026-10-10T19:14:49+00:00,12,246,5,0.5,0.961,18.72,4.9,phase-4
2026-10-10T19:14:49+00:00,12,247,5,1.39,0.97,32.91,5.4,phase-4
2026-10-10T19:14:49+00:00,12,248,5,0.0,0.0,0.0,5.4,phase-4
2026-10-10T19:14:49+00:00,12,249,5,2.66,3.414,75.45,5.7,phase-4
2026-10-10T19:14:49+00:00,12,250,5,2.81,1.947,77.89,4.5,phase-4
2026-10-10T19:14:49+00:00,12,251,5,0.1,0.335,4.79,4.0,phase-4
2026-10-10T19:14:49+00:00,12,253,5,1.46,1.443,56.25,5.0,phase-4
2026-10-10T19:14:49+00:00,12,254,5,1.11,2.184,41.88,4.5,phase-4
2026-10-10T19:14:49+00:00,12,255,5,0.4,1.327,21.78,4.5,phase-4
2026-10-10T19:14:49+00:00,12,256,5,0.86,1.986,35.41,4.4,phase-4
2026-10-10T19:14:49+00:00,12,257,5,1.6,2.03,69.84,4.5,phase-4
2026-10-10T19:14:49+00:00,12,258,5,1.56,2.658,59.0,4.5,phase-4
2026-10-10T19:14:49+00:00,12,259,5,1.86,2.648,51.76,4.0,phase-4
2026-10-10T19:14:49+00:00,12,260,5,2.25,3.338,54.06,6.2,phase-4
2026-10-10T19:14:49+00:00,12,261,5,2.38,2.151,70.64,5.4,phase-4
2026-10-10T19:14:49+00:00,12,262,5,0.95,1.686,31.07,5.3,phase-4
2026-10-10T19:14:49+00:00,12,263,5,0.91,1.707,20.98,5.3,phase-4
2026-10-10T19:14:49+00:00,12,264,5,1.59,2.409,49.99,5.5,phase-4
2026-10-10T19:14:49+00:00,12,265,5,2.01,0.999,70.27,4.9,phase-4
2026-10-10T19:14:49+00:00,12,266,5,0.0,0.0,0.0,4.9,phase-4
2026-10-10T19:14:49+00:00,12,267,5,1.8,1.216,61.07,4.9,phase-4
2026-10-10T19:14:49+00:00,12,268,5,1.93,2.371,58.63,5.6,phase-4
2026-10-10T19:14:49+00:00,12,269,5,1.43,3.102,37.61,4.3,phase-4
2026-10-10T19:14:49+00:00,12,270,5,0.27,0.527,5.83,4.4,phase-4
2026-10-10T19:14:49+00:00,12,271,5,0.61,1.628,18.52,5.4,phase-4
2026-10-10T19:14:49+00:00,12,272,5,0.06,0.272,4.79,4.5,phase-4
2026-10-10T19:14:49+00:00,12,273,5,0.13,0.424,5.64,4.0,phase-4
2026-10-10T19:14:49+00:00,12,274,5,0.0,0.0,0.0,4.4,phase-4
2026-10-10T19:14:49+00:00,12,277,5,1.21,2.162,49.25,4.1,phase-4
2026-10-10T19:14:49+00:00,12,278,5,0.0,0.0,0.0,3.9,phase-4
2026-10-10T19:14:49+00:00,12,279,5,1.58,2.283,50.49,4.2,phase-4
2026-10-10T19:14:49+00:00,12,280,5,1.89,2.606,84.99,4.0,phase-4
2026-10-10T19:14:49+00:00,12,281,5,0.0,0.0,0.0,4.0,phase-4
2026-10-10T19:14:49+00:00,12,282,5,1.42,2.019,50.18,4.0,phase-4
2026-10-10T19:14:49+00:00,12,284,5,0.13,0.424,5.64,4.0,phase-4
2026-10-10T19:14:49+00:00,12,285,5,0.3,0.879,8.49,4.0,phase-4
2026-10-10T19:14:49+00:00,12,286,5,2.58,2.038,86.5,5.1,phase-4
2026-10-10T19:14:49+00:00,12,287,5,0.0,0.0,0.0,5.0,phase-4
2026-10-10T19:14:49+00:00,12,288,5,0.72,1.034,15.52,4.4,phase-4
2026-10-10T19:14:49+00:00,12,289,5,0.57,1.112,53.25,4.4,phase-4
2026-10-10T19:14:49+00:00,12,290,5,2.12,0.868,86.5,4.5,phase-4
2026-10-10T19:14:49+00:00,12,291,5,0.0,0.0,0.0,4.5,phase-4
2026-10-10T19:14:49+00:00,12,292,5,0.14,0.267,5.64,4.9,phase-4
2026-10-10T19:14:49+00:00,12,294,5,0.14,0.267,5.64,4.5,phase-4
2026-10-10T19:14:49+00:00,12,295,5,1.91,2.701,63.29,5.5,phase-4
2026-10-10T19:14:49+00:00,12,297,5,0.0,0.0,0.0,4.4,phase-4
2026-10-10T19:14:49+00:00,12,299,5,0.0,0.0,0.0,4.5,phase-4
2026-10-10T19:14:49+00:00,12,300,5,0.81,1.805,22.66,4.4,phase-4
2026-10-10T19:14:49+00:00,12,301,5,0.62,1.447,17.53,4.0,phase-4
2026-10-10T19:14:49+00:00,12,302,5,0.19,0.435,4.61,4.0,phase-4
2026-10-10T19:14:49+00:00,12,303,5,0.14,0.421,4.61,3.9,phase-4
2026-10-10T19:14:49+00:00,12,304,5,2.87,3.695,72.71,4.0,phase-4
2026-10-10T19:14:49+00:00,12,305,5,2.59,5.962,70.38,4.0,phase-4
2026-10-10T19:14:49+00:00,12,306,5,1.83,2.486,56.47,3.9,phase-4
2026-10-10T19:14:49+00:00,12,307,5,0.0,0.0,0.0,4.0,phase-4
2026-10-10T19:14:49+00:00,12,308,5,1.01,0.615,20.11,3.9,phase-4
2026-10-10T19:14:49+00:00,12,309,5,0.93,1.236,30.59,4.9,phase-4
2026-10-10T19:14:49+00:00,12,310,5,0.12,0.226,4.61,4.9,phase-4
2026-10-10T19:14:49+00:00,12,311,5,0.0,0.0,0.0,5.0,phase-4
2026-10-10T19:14:49+00:00,12,312,5,0.37,0.899,11.75,4.4,phase-4
2026-10-10T19:14:49+00:00,12,313,5,1.24,2.137,31.42,5.3,phase-4
2026-10-10T19:14:49+00:00,12,314,5,0.0,0.0,0.0,4.9,phase-4
2026-10-10T19:14:49+00:00,12,315,5,0.91,1.961,37.75,5.4,phase-4
2026-10-10T19:14:49+00:00,12,316,5,2.96,3.299,75.19,5.6,phase-4
2026-10-10T19:14:49+00:00,12,317,5,0.0,0.0,0.0,5.0,phase-4
2026-10-10T19:14:49+00:00,12,318,5,0.64,1.449,19.92,5.4,phase-4
2026-10-10T19:14:49+00:00,12,319,5,0.0,0.0,0.0,5.0,phase-4
2026-10-10T19:14:49+00:00,12,320,5,1.51,2.345,17.79,5.0,phase-4
2026-10-10T19:14:49+00:00,12,321,5,0.22,0.431,4.61,4.5,phase-4
2026-10-10T19:14:49+00:00,12,322,5,0.0,0.0,0.0,5.0,phase-4
2026-10-10T19:14:49+00:00,12,323,5,0.47,1.06,15.09,4.4,phase-4
2026-10-10T19:14:49+00:00,12,324,5,0.12,0.226,4.61,4.8,phase-4
2026-10-10T19:14:49+00:00,12,325,5,1.06,2.039,29.44,4.5,phase-4
2026-10-10T19:14:49+00:00,12,326,5,0.0,0.0,0.0,4.5,phase-4
2026-10-10T19:14:49+00:00,12,327,5,1.31,2.594,43.3,5.0,phase-4
2026-10-10T19:14:49+00:00,12,328,5,0.0,0.0,0.0,4.9,phase-4
2026-10-10T19:14:49+00:00,12,329,5,0.0,0.0,0.0,4.3,phase-4
2026-10-10T19:14:49+00:00,12,330,5,2.45,6.279,77.38,4.6,phase-4
2026-10-10T19:14:49+00:00,12,331,5,1.68,1.887,67.19,4.5,phase-4
2026-10-10T19:14:49+00:00,12,332,5,2.14,3.161,68.0,4.5,phase-4
2026-10-10T19:14:49+00:00,12,333,5,0.0,0.0,0.0,4.5,phase-4
2026-10-10T19:14:49+00:00,12,334,5,2.0,3.062,82.67,5.0,phase-4
2026-10-10T19:14:49+00:00,12,335,5,3.23,4.069,73.97,6.0,phase-4
2026-10-10T19:14:49+00:00,12,336,5,2.32,4.973,55.71,5.8,phase-4
2026-10-10T19:14:49+00:00,12,337,5,2.0,1.87,55.75,5.3,phase-4
2026-10-10T19:14:49+00:00,12,338,5,2.83,1.023,79.94,5.4,phase-4
2026-10-10T19:14:49+00:00,12,339,5,0.54,1.057,16.32,4.8,phase-4
2026-10-10T19:14:49+00:00,12,340,5,0.38,1.049,5.64,5.0,phase-4
2026-10-10T19:14:49+00:00,12,341,5,0.0,0.0,0.0,5.0,phase-4
2026-10-10T19:14:49+00:00,12,342,5,0.0,0.0,0.0,5.0,phase-4
2026-10-10T19:14:49+00:00,12,343,5,0.0,0.0,0.0,4.9,phase-4
2026-10-10T19:14:49+00:00,12,344,5,0.58,1.043,21.46,5.0,phase-4
2026-10-10T19:14:49+00:00,12,345,5,1.54,2.657,47.59,4.9,phase-4
2026-10-10T19:14:49+00:00,12,346,5,3.16,6.179,75.67,6.0,phase-4
2026-10-10T19:14:49+00:00,12,347,5,1.29,2.655,22.75,5.4,phase-4
2026-10-10T19:14:49+00:00,12,348,5,0.0,0.0,0.0,5.0,phase-4
2026-10-10T19:14:49+00:00,12,349,5,0.0,0.0,0.0,4.5,phase-4
2026-10-10T19:14:49+00:00,12,350,5,3.05,2.886,80.41,5.5,phase-4
2026-10-10T19:14:49+00:00,12,351,5,0.73,1.565,19.03,4.8,phase-4
2026-10-10T19:14:49+00:00,12,352,5,0.33,0.775,8.63,4.0,phase-4
2026-10-10T19:14:49+00:00,12,354,5,0.0,0.0,0.0,4.0,phase-4
2026-10-10T19:14:49+00:00,12,355,5,0.18,0.543,6.03,4.0,phase-4
2026-10-10T19:14:49+00:00,12,356,5,4.08,6.327,90.0,6.5,phase-4
2026-10-10T19:14:49+00:00,12,357,5,1.35,3.387,36.81,5.3,phase-4
2026-10-10T19:14:49+00:00,12,358,5,2.33,3.607,75.88,5.3,phase-4
2026-10-10T19:14:49+00:00,12,359,5,0.41,1.395,15.14,4.9,phase-4
2026-10-10T19:14:49+00:00,12,360,5,0.0,0.0,0.0,5.0,phase-4
2026-10-10T19:14:49+00:00,12,361,5,0.18,0.543,6.03,4.0,phase-4
2026-10-10T19:14:49+00:00,12,362,5,2.86,3.619,90.0,5.0,phase-4
2026-10-10T19:14:49+00:00,12,363,5,0.0,0.0,0.0,4.0,phase-4
2026-10-10T19:14:49+00:00,12,364,5,0.75,2.069,23.03,4.9,phase-4
2026-10-10T19:14:49+00:00,12,366,5,3.23,4.855,81.43,7.3,phase-4
2026-10-10T19:14:49+00:00,12,367,5,0.0,0.0,0.0,7.2,phase-4
2026-10-10T19:14:49+00:00,12,368,5,4.05,6.618,90.0,6.9,phase-4
2026-10-10T19:14:49+00:00,12,369,5,0.78,1.746,19.98,5.7,phase-4
2026-10-10T19:14:49+00:00,12,370,5,0.07,0.197,1.83,5.3,phase-4
2026-10-10T19:14:49+00:00,12,371,5,2.77,2.471,71.89,5.8,phase-4
2026-10-10T19:14:49+00:00,12,372,5,2.49,1.82,74.39,5.4,phase-4
2026-10-10T19:14:49+00:00,12,373,5,0.0,0.0,0.0,5.5,phase-4
2026-10-10T19:14:49+00:00,12,374,5,0.21,0.451,7.34,4.9,phase-4
2026-10-10T19:14:49+00:00,12,375,5,0.18,0.32,6.03,4.8,phase-4
2026-10-10T19:14:49+00:00,12,377,5,2.06,2.136,61.64,6.5,phase-4
2026-10-10T19:14:49+00:00,12,378,5,0.15,0.29,6.03,4.4,phase-4
2026-10-10T19:14:49+00:00,12,379,5,0.0,0.0,0.0,9.1,phase-4
2026-10-10T19:14:49+00:00,12,380,5,0.0,0.0,0.0,7.4,phase-4
2026-10-10T19:14:49+00:00,12,381,5,0.44,1.232,6.03,5.0,phase-4
2026-10-10T19:14:49+00:00,12,382,5,0.14,0.273,6.03,4.5,phase-4
2026-10-10T19:14:49+00:00,12,383,5,0.0,0.0,0.0,5.4,phase-4
2026-10-10T19:14:49+00:00,12,384,5,3.37,3.586,79.87,5.5,phase-4
2026-10-10T19:14:49+00:00,12,385,5,2.42,1.643,51.12,5.0,phase-4
2026-10-10T19:14:49+00:00,12,386,5,0.2,0.592,5.44,4.5,phase-4
2026-10-10T19:14:49+00:00,12,387,5,3.02,10.031,43.89,6.3,phase-4
2026-10-10T19:14:49+00:00,12,388,5,4.32,9.163,80.78,6.0,phase-4
2026-10-10T19:14:49+00:00,12,389,5,2.86,4.124,63.02,5.9,phase-4
2026-10-10T19:14:49+00:00,12,390,5,3.19,5.535,70.71,5.5,phase-4
2026-10-10T19:14:49+00:00,12,391,5,3.11,5.601,61.98,5.7,phase-4
2026-10-10T19:14:49+00:00,12,392,5,0.77,2.07,19.52,5.2,phase-4
2026-10-10T19:14:49+00:00,12,393,5,1.85,2.996,47.9,5.4,phase-4
2026-10-10T19:14:49+00:00,12,394,5,0.0,0.0,0.0,5.0,phase-4
2026-10-10T19:14:49+00:00,12,395,5,0.76,2.754,16.54,4.4,phase-4
2026-10-10T19:14:49+00:00,12,396,5,0.3,0.692,5.44,4.5,phase-4
2026-10-10T19:14:49+00:00,12,397,5,3.49,8.66,61.96,8.4,phase-4
2026-10-10T19:14:49+00:00,12,398,5,0.0,0.0,0.0,6.9,phase-4
2026-10-10T19:14:49+00:00,12,399,5,4.12,8.515,56.68,7.8,phase-4
2026-10-10T19:14:49+00:00,12,400,5,3.97,12.958,30.72,7.4,phase-4
2026-10-10T19:14:49+00:00,12,401,5,1.6,2.493,44.38,7.0,phase-4
2026-10-10T19:14:49+00:00,12,402,5,0.0,0.0,0.0,6.5,phase-4
2026-10-10T19:14:49+00:00,12,403,5,1.77,2.593,43.47,6.5,phase-4
2026-10-10T19:14:49+00:00,12,404,5,0.0,0.0,0.0,6.0,phase-4
2026-10-10T19:14:49+00:00,12,405,5,1.21,1.413,51.32,5.5,phase-4
2026-10-10T19:14:49+00:00,12,406,5,0.25,0.471,6.62,5.3,phase-4
2026-10-10T19:14:49+00:00,12,409,5,0.0,0.0,0.0,4.5,phase-4
2026-10-10T19:14:49+00:00,12,410,5,0.0,0.0,0.0,4.9,phase-4
2026-10-10T19:14:49+00:00,12,411,5,6.79,17.465,79.87,15.6,phase-4
2026-10-10T19:14:49+00:00,12,412,5,2.91,2.531,74.58,4.9,phase-4
2026-10-10T19:14:49+00:00,12,413,5,0.0,0.0,0.0,4.5,phase-4
2026-10-10T19:14:49+00:00,12,414,5,0.0,0.0,0.0,4.0,phase-4
2026-10-10T19:14:49+00:00,12,415,5,0.0,0.0,0.0,5.8,phase-4
2026-10-10T19:14:49+00:00,12,416,5,0.0,0.0,0.0,4.9,phase-4
2026-10-10T19:14:49+00:00,12,417,5,2.05,3.44,63.13,4.9,phase-4
2026-10-10T19:14:49+00:00,12,418,5,2.03,3.165,63.9,4.8,phase-4
2026-10-10T19:14:49+00:00,12,419,5,1.72,2.196,54.47,4.9,phase-4
2026-10-10T19:14:49+00:00,12,420,5,1.02,2.152,32.23,4.8,phase-4
2026-10-10T19:14:49+00:00,12,421,5,0.69,2.1,22.23,4.3,phase-4
2026-10-10T19:14:49+00:00,12,422,5,0.56,1.862,16.81,4.4,phase-4
2026-10-10T19:14:49+00:00,12,423,5,2.19,3.134,75.02,4.3,phase-4
2026-10-10T19:14:49+00:00,12,424,5,0.13,0.412,4.89,4.0,phase-4
2026-10-10T19:14:49+00:00,12,425,5,0.0,0.0,0.0,4.0,phase-4
2026-10-10T19:14:49+00:00,12,426,5,4.69,9.752,77.05,11.9,phase-4
2026-10-10T19:14:49+00:00,12,427,5,3.73,8.559,73.77,7.9,phase-4
2026-10-10T19:14:49+00:00,12,428,5,3.2,5.363,72.12,7.9,phase-4
2026-10-10T19:14:49+00:00,12,429,5,2.23,1.964,64.28,6.9,phase-4
2026-10-10T19:14:49+00:00,12,430,5,0.84,2.642,17.53,5.4,phase-4
2026-10-10T19:14:49+00:00,12,431,5,1.28,2.046,39.5,5.7,phase-4
2026-10-10T19:14:49+00:00,12,432,5,2.23,1.292,56.94,5.5,phase-4
2026-10-10T19:14:49+00:00,12,433,5,0.0,0.0,0.0,5.0,phase-4
2026-10-10T19:14:49+00:00,12,434,5,0.13,0.239,4.89,4.9,phase-4
2026-10-10T19:14:49+00:00,12,435,5,0.15,0.262,4.89,4.9,phase-4
2026-10-10T19:14:49+00:00,12,437,5,0.14,0.249,4.89,4.4,phase-4
2026-10-10T19:14:49+00:00,12,438,5,0.17,0.289,4.89,4.4,phase-4
2026-10-10T19:14:49+00:00,12,439,5,0.0,0.0,0.0,7.0,phase-4
2026-10-10T19:14:49+00:00,12,440,5,0.53,1.304,13.18,5.3,phase-4
2026-10-10T19:14:49+00:00,12,442,5,1.5,1.587,46.0,4.9,phase-4
2026-10-10T19:14:49+00:00,12,443,5,0.11,0.381,6.26,4.5,phase-4
2026-10-10T19:14:49+00:00,12,444,5,0.0,0.0,0.0,4.4,phase-4
2026-10-10T19:14:49+00:00,12,445,5,2.45,2.603,90.0,5.0,phase-4
2026-10-10T19:14:49+00:00,12,446,5,0.53,1.34,23.34,4.9,phase-4
2026-10-10T19:14:49+00:00,12,447,5,2.38,1.564,78.17,5.0,phase-4
2026-10-10T19:14:49+00:00,12,448,5,0.0,0.0,0.0,4.8,phase-4
2026-10-10T19:14:49+00:00,12,449,5,2.27,2.686,81.33,5.3,phase-4
2026-10-10T19:14:49+00:00,12,450,5,0.3,1.02,14.35,4.9,phase-4
2026-10-10T19:14:49+00:00,12,451,5,0.0,0.0,0.0,4.0,phase-4
2026-10-10T19:14:49+00:00,12,452,5,3.22,6.116,49.44,6.7,phase-4
2026-10-10T19:14:49+00:00,12,453,5,2.73,3.746,76.07,6.1,phase-4
2026-10-10T19:14:49+00:00,12,454,5,0.0,0.0,0.0,6.1,phase-4
2026-10-10T19:14:49+00:00,12,455,5,2.83,1.385,82.24,5.3,phase-4
2026-10-10T19:14:49+00:00,12,456,5,0.0,0.0,0.0,4.8,phase-4
2026-10-10T19:14:49+00:00,12,457,5,1.26,1.975,49.44,5.9,phase-4
2026-10-10T19:14:49+00:00,12,458,5,0.59,1.122,27.96,5.4,phase-4
2026-10-10T19:14:49+00:00,12,459,5,1.55,1.473,52.25,5.5,phase-4
2026-10-10T19:14:49+00:00,12,460,5,1.82,2.257,48.09,5.0,phase-4
2026-10-10T19:14:49+00:00,12,461,5,0.87,1.842,12.44,5.8,phase-4
2026-10-10T19:14:49+00:00,12,462,5,1.61,0.202,54.8,4.9,phase-4
2026-10-10T19:14:49+00:00,12,463,5,0.0,0.0,0.0,5.9,phase-4
2026-10-10T19:14:49+00:00,12,464,5,1.8,2.063,55.77,6.2,phase-4
2026-10-10T19:14:49+00:00,12,465,5,0.6,1.389,12.21,5.8,phase-4
2026-10-10T19:14:49+00:00,12,466,5,0.0,0.0,0.0,4.5,phase-4
2026-10-10T19:14:49+00:00,12,467,5,3.37,2.777,90.0,5.0,phase-4
2026-10-10T19:14:49+00:00,12,468,5,0.38,1.044,13.38,4.5,phase-4
2026-10-10T19:14:49+00:00,12,469,5,1.43,3.541,48.33,5.0,phase-4
2026-10-10T19:14:49+00:00,12,470,5,0.0,0.0,0.0,5.0,phase-4
2026-10-10T19:14:49+00:00,12,471,5,0.0,0.0,0.0,5.4,phase-4
2026-10-10T19:14:49+00:00,12,472,5,3.28,3.67,84.76,5.5,phase-4
2026-10-10T19:14:49+00:00,12,473,5,1.84,3.04,63.89,4.4,phase-4
2026-10-10T19:14:49+00:00,12,474,5,1.3,2.386,48.65,4.5,phase-4
2026-10-10T19:14:49+00:00,12,475,5,0.0,0.0,0.0,4.5,phase-4
2026-10-10T19:14:49+00:00,12,476,5,0.17,0.528,6.44,4.0,phase-4
2026-10-10T19:14:49+00:00,12,477,5,0.0,0.0,0.0,4.0,phase-4
2026-10-10T19:14:49+00:00,12,478,5,0.31,0.883,10.6,4.4,phase-4
2026-10-10T19:14:49+00:00,12,480,5,4.08,7.209,90.0,8.0,phase-4
2026-10-10T19:14:49+00:00,12,481,5,3.99,3.084,82.6,6.3,phase-4
2026-10-10T19:14:49+00:00,12,482,5,1.17,1.644,36.12,5.8,phase-4
2026-10-10T19:14:49+00:00,12,483,5,2.17,3.431,63.81,5.5,phase-4
2026-10-10T19:14:49+00:00,12,484,5,0.0,0.0,0.0,5.4,phase-4
2026-10-10T19:14:49+00:00,12,485,5,0.0,0.0,0.0,5.5,phase-4
2026-10-10T19:14:49+00:00,12,486,5,1.57,1.836,50.23,5.5,phase-4
2026-10-10T19:14:49+00:00,12,487,5,0.82,1.204,30.02,4.9,phase-4
2026-10-10T19:14:49+00:00,12,488,5,1.59,1.555,51.86,4.8,phase-4
2026-10-10T19:14:49+00:00,12,489,5,0.38,0.883,11.79,4.4,phase-4
2026-10-10T19:14:49+00:00,12,490,5,0.81,1.486,24.2,5.8,phase-4
2026-10-10T19:14:49+00:00,12,491,5,0.0,0.0,0.0,5.8,phase-4
2026-10-10T19:14:49+00:00,12,492,5,0.0,0.0,0.0,5.4,phase-4
2026-10-10T19:14:49+00:00,12,493,5,0.29,0.437,6.44,5.4,phase-4
2026-10-10T19:14:49+00:00,12,494,5,0.0,0.0,0.0,4.5,phase-4
2026-10-10T19:14:49+00:00,12,495,5,0.17,0.515,5.45,4.0,phase-4
2026-10-10T19:14:49+00:00,12,496,5,2.43,2.291,59.41,4.5,phase-4
2026-10-10T19:14:49+00:00,12,497,5,2.17,2.472,52.22,4.0,phase-4
2026-10-10T19:14:49+00:00,12,498,5,2.92,3.104,67.69,5.8,phase-4
2026-10-10T19:14:49+00:00,12,499,5,0.0,0.0,0.0,5.4,phase-4
2026-10-10T19:14:49+00:00,12,500,5,0.0,0.0,0.0,5.0,phase-4
2026-10-10T19:14:49+00:00,12,501,5,1.98,2.38,59.54,5.0,phase-4
2026-10-10T19:14:49+00:00,12,502,5,2.12,2.692,52.5,4.4,phase-4
2026-10-10T19:14:49+00:00,12,503,5,2.83,5.657,75.88,5.0,phase-4
2026-10-10T19:14:49+00:00,12,504,5,3.53,5.888,90.0,5.0,phase-4
2026-10-10T19:14:49+00:00,12,505,5,0.0,0.0,0.0,4.5,phase-4
2026-10-10T19:14:49+00:00,12,506,5,1.15,2.834,36.55,4.4,phase-4
2026-10-10T19:14:49+00:00,12,508,5,0.26,1.019,7.8,3.9,phase-4
2026-10-10T19:14:49+00:00,12,509,5,0.31,0.655,5.45,4.0,phase-4
2026-10-10T19:14:49+00:00,12,510,5,0.31,0.655,5.45,4.0,phase-4
2026-10-10T19:14:49+00:00,12,511,5,0.0,0.0,0.0,4.0,phase-4
2026-10-10T19:14:49+00:00,12,512,5,1.97,2.63,42.5,6.5,phase-4
2026-10-10T19:14:49+00:00,12,513,5,0.0,0.0,0.0,5.9,phase-4
2026-10-10T19:14:49+00:00,12,514,5,1.78,2.492,45.42,5.7,phase-4
2026-10-10T19:14:49+00:00,12,515,5,0.36,0.754,7.37,6.3,phase-4
2026-10-10T19:14:49+00:00,12,516,5,0.0,0.0,0.0,5.5,phase-4
2026-10-10T19:14:49+00:00,12,517,5,0.0,0.0,0.0,5.5,phase-4
2026-10-10T19:14:49+00:00,12,518,5,0.0,0.0,0.0,4.9,phase-4
2026-10-10T19:14:49+00:00,12,519,5,1.43,3.16,41.16,5.3,phase-4
2026-10-10T19:14:49+00:00,12,520,5,1.04,1.89,31.21,5.3,phase-4
2026-10-10T19:14:49+00:00,12,521,5,0.0,0.0,0.0,6.5,phase-4
2026-10-10T19:14:49+00:00,12,522,5,1.9,1.194,60.3,4.9,phase-4
2026-10-10T19:14:49+00:00,12,523,5,0.0,0.0,0.0,5.0,phase-4
2026-10-10T19:14:49+00:00,12,524,5,0.16,0.284,5.45,4.4,phase-4
2026-10-10T19:14:49+00:00,12,525,5,2.5,1.918,70.87,5.7,phase-4
2026-10-10T19:14:49+00:00,12,526,5,1.49,2.7,40.11,5.8,phase-4
2026-10-10T19:14:49+00:00,12,527,5,0.0,0.0,0.0,5.9,phase-4
2026-10-10T19:14:49+00:00,12,528,5,0.0,0.0,0.0,4.5,phase-4
2026-10-10T19:14:49+00:00,12,529,5,3.17,2.73,89.2,4.9,phase-4
2026-10-10T19:14:49+00:00,12,531,5,0.36,0.782,9.32,4.4,phase-4
2026-10-10T19:14:49+00:00,12,532,5,0.0,0.0,0.0,4.9,phase-4
2026-10-10T19:14:49+00:00,12,533,5,3.59,5.8,81.15,5.4,phase-4
2026-10-10T19:14:49+00:00,12,534,5,2.23,3.272,72.63,4.3,phase-4
2026-10-10T19:14:49+00:00,12,535,5,1.52,2.217,50.32,4.8,phase-4
2026-10-10T19:14:49+00:00,12,536,5,1.9,2.506,72.58,4.4,phase-4
2026-10-10T19:14:49+00:00,12,537,5,0.0,0.0,0.0,4.5,phase-4
2026-10-10T19:14:49+00:00,12,539,5,0.34,1.432,18.43,3.9,phase-4
2026-10-10T19:14:49+00:00,12,540,5,0.0,0.0,0.0,4.0,phase-4
2026-10-10T19:14:49+00:00,12,541,5,2.07,4.262,69.19,4.5,phase-4
2026-10-10T19:14:49+00:00,12,542,5,3.85,6.3,87.3,5.7,phase-4
2026-10-10T19:14:49+00:00,12,543,5,0.0,0.0,0.0,5.3,phase-4
2026-10-10T19:14:49+00:00,12,544,5,3.39,2.1,86.35,5.5,phase-4
2026-10-10T19:14:49+00:00,12,545,5,2.44,1.361,87.3,4.9,phase-4
2026-10-10T19:14:49+00:00,12,546,5,0.0,0.0,0.0,4.9,phase-4
2026-10-10T19:14:49+00:00,12,547,5,0.0,0.0,0.0,4.8,phase-4
2026-10-10T19:14:49+00:00,12,548,5,0.55,0.932,19.07,4.9,phase-4
2026-10-10T19:14:49+00:00,12,549,5,1.07,1.723,29.66,5.3,phase-4
2026-10-10T19:14:49+00:00,12,550,5,0.21,0.387,6.89,4.9,phase-4
2026-10-10T19:14:49+00:00,12,551,5,1.48,1.979,51.77,5.0,phase-4
2026-10-10T19:14:49+00:00,12,552,5,0.0,0.0,0.0,5.7,phase-4
2026-10-10T19:14:49+00:00,12,553,5,2.27,3.268,39.25,5.5,phase-4
2026-10-10T19:14:49+00:00,12,555,5,0.16,0.502,6.27,4.0,phase-4
2026-10-10T19:14:49+00:00,12,556,5,0.0,0.0,0.0,4.0,phase-4
2026-10-10T19:14:49+00:00,12,557,5,0.0,0.0,0.0,6.3,phase-4
2026-10-10T19:14:49+00:00,12,558,5,2.16,0.841,84.69,5.0,phase-4
2026-10-10T19:14:49+00:00,12,559,5,0.28,0.483,6.72,4.9,phase-4
2026-10-10T19:14:49+00:00,12,560,5,0.14,0.429,5.02,4.4,phase-4
2026-10-10T19:14:49+00:00,12,561,5,0.14,0.429,5.02,4.5,phase-4
2026-10-10T19:14:49+00:00,12,562,5,1.98,1.66,60.66,5.3,phase-4
2026-10-10T19:14:49+00:00,12,563,5,0.55,0.833,21.51,4.9,phase-4
2026-10-10T19:14:49+00:00,12,564,5,2.29,2.539,60.66,4.5,phase-4
2026-10-10T19:14:49+00:00,12,565,5,2.07,1.957,61.89,5.6,phase-4
2026-10-10T19:14:49+00:00,12,566,5,3.55,7.529,90.0,5.0,phase-4
2026-10-10T19:14:49+00:00,12,567,5,2.23,1.43,90.0,5.0,phase-4
2026-10-10T19:14:49+00:00,12,568,5,0.67,1.432,22.97,5.4,phase-4
2026-10-10T19:14:49+00:00,12,569,5,2.41,2.48,78.05,6.1,phase-4
2026-10-10T19:14:49+00:00,12,570,5,1.28,2.527,45.23,5.4,phase-4
2026-10-10T19:14:49+00:00,12,571,5,1.1,1.439,36.53,4.8,phase-4
2026-10-10T19:14:49+00:00,12,572,5,2.76,2.572,86.5,4.7,phase-4
2026-10-10T19:14:49+00:00,12,573,5,0.28,0.778,6.9,4.4,phase-4
2026-10-10T19:14:49+00:00,12,574,5,0.22,0.35,5.64,4.9,phase-4
2026-10-10T19:14:49+00:00,12,575,5,1.78,0.529,69.56,4.8,phase-4
2026-10-10T19:14:49+00:00,12,576,5,1.49,0.837,69.12,5.0,phase-4
2026-10-10T19:14:49+00:00,12,577,5,0.0,0.0,0.0,4.4,phase-4
2026-10-10T19:14:49+00:00,12,578,5,0.0,0.0,0.0,5.3,phase-4
2026-10-10T19:14:49+00:00,12,579,5,2.2,2.647,66.07,5.4,phase-4
2026-10-10T19:14:49+00:00,12,580,5,1.85,0.621,62.97,5.0,phase-4
2026-10-10T19:14:49+00:00,12,581,5,1.27,2.926,42.71,5.4,phase-4
2026-10-10T19:14:49+00:00,12,582,5,0.09,0.18,3.88,5.4,phase-4
2026-10-10T19:14:49+00:00,12,583,5,1.64,1.552,43.99,4.9,phase-4
2026-10-10T19:14:49+00:00,12,584,5,2.12,1.811,61.93,5.3,phase-4
2026-10-10T19:14:49+00:00,12,585,5,1.28,0.711,36.95,4.0,phase-4
2026-10-10T19:14:49+00:00,12,586,5,2.16,3.698,69.12,4.1,phase-4
2026-10-10T19:14:49+00:00,12,587,5,0.2,0.592,5.44,5.0,phase-4
2026-10-10T19:14:49+00:00,12,588,5,2.57,5.453,82.5,5.0,phase-4
2026-10-10T19:14:49+00:00,12,589,5,0.87,0.815,30.93,5.0,phase-4
2026-10-10T19:14:49+00:00,12,590,5,0.17,0.528,6.44,4.5,phase-4
2026-10-10T19:14:49+00:00,12,591,5,2.63,3.336,75.19,5.5,phase-4
2026-10-10T19:14:49+00:00,12,592,5,1.69,1.938,40.38,4.0,phase-4
2026-10-10T19:14:49+00:00,12,593,5,0.77,1.875,40.69,4.5,phase-4
2026-10-10T19:14:49+00:00,12,594,5,0.09,1.092,5.74,5.9,phase-4
2026-10-10T19:14:49+00:00,12,595,5,0.23,0.457,6.98,4.9,phase-4
2026-10-10T19:14:49+00:00,12,596,5,0.83,2.123,25.75,4.5,phase-4
2026-10-10T19:14:49+00:00,12,597,5,3.09,3.136,79.45,5.0,phase-4
2026-10-10T19:14:49+00:00,12,598,5,1.8,2.122,66.69,4.5,phase-4
2026-10-10T19:14:49+00:00,12,599,5,0.23,0.523,7.88,5.0,phase-4
2026-10-10T19:14:49+00:00,12,600,5,0.48,1.085,9.12,5.0,phase-4
2026-10-10T19:14:49+00:00,12,601,5,0.14,0.265,5.45,4.5,phase-4
2026-10-10T19:14:49+00:00,12,603,5,0.11,0.353,5.07,4.0,phase-4
2026-10-10T19:14:49+00:00,12,604,5,0.12,0.24,5.07,4.5,phase-4
2026-10-10T19:14:49+00:00,12,605,5,3.3,5.702,58.85,4.5,phase-4
2026-10-10T19:14:49+00:00,12,606,5,0.16,0.479,5.18,4.0,phase-4
2026-10-10T19:14:49+00:00,12,608,5,0.4,0.812,6.9,5.0,phase-4
2026-10-10T19:14:49+00:00,12,611,5,1.85,2.499,49.73,4.5,phase-4
2026-10-10T19:14:49+00:00,12,612,5,0.5,1.824,24.08,4.5,phase-4
2026-10-10T19:14:49+00:00,12,613,5,0.14,0.27,5.66,4.5,phase-4
2026-10-10T19:14:49+00:00,12,614,5,1.57,8.379,5.74,4.5,phase-4
2026-10-10T19:14:49+00:00,12,615,5,0.25,0.744,6.9,4.5,phase-4
2026-10-10T19:14:49+00:00,12,616,5,0.25,0.471,5.44,5.5,phase-4
2026-10-10T19:14:49+00:00,12,617,5,1.32,2.792,16.14,5.0,phase-4
2026-10-10T19:14:49+00:00,12,618,5,0.0,0.0,0.0,5.9,phase-4
2026-10-10T19:14:49+00:00,12,619,5,1.75,0.703,50.52,5.0,phase-4
2026-10-10T19:14:49+00:00,12,620,5,2.32,3.798,48.59,4.5,phase-4
2026-10-10T19:14:49+00:00,12,621,5,0.38,1.063,5.44,4.4,phase-4
2026-10-10T19:14:49+00:00,12,622,5,0.3,0.692,5.44,4.0,phase-4
2026-10-10T19:14:49+00:00,12,623,5,0.39,0.969,10.87,4.0,phase-4
2026-10-10T19:14:49+00:00,12,625,5,0.11,0.353,5.07,4.0,phase-4
2026-10-10T19:14:49+00:00,12,626,5,0.12,0.227,4.79,4.4,phase-4
2026-10-10T19:14:49+00:00,12,627,5,1.26,1.93,40.3,8.0,phase-4
2026-10-10T19:14:49+00:00,12,628,5,0.15,0.269,5.44,6.0,phase-4
2026-10-10T19:14:49+00:00,12,629,5,0.11,0.353,5.07,4.0,phase-4
2026-10-10T19:14:49+00:00,12,630,5,1.36,2.678,44.47,4.5,phase-4
2026-10-10T19:14:49+00:00,12,631,5,0.66,1.336,12.14,6.0,phase-4
2026-10-10T19:14:49+00:00,12,632,5,0.0,0.0,0.0,5.0,phase-4
2026-10-10T19:14:49+00:00,12,633,5,0.66,1.672,23.95,4.5,phase-4
2026-10-10T19:14:49+00:00,12,634,5,1.0,1.124,41.51,6.0,phase-4
2026-10-10T19:14:49+00:00,12,635,5,0.41,1.088,7.62,5.0,phase-4
2026-10-10T19:14:49+00:00,12,636,5,-0.14,0.227,4.79,5.0,phase-4
2026-10-10T19:14:49+00:00,12,637,5,0.19,0.324,5.64,5.0,phase-4
2026-10-10T19:14:49+00:00,12,638,5,0.04,0.885,7.62,4.0,phase-4
2026-10-10T19:14:49+00:00,12,639,5,1.88,2.331,45.4,5.5,phase-4
2026-10-10T19:14:49+00:00,12,640,5,1.56,3.728,30.82,5.5,phase-4
2026-10-10T19:14:49+00:00,12,641,5,0.11,0.355,5.07,4.5,phase-4
2026-10-10T19:14:49+00:00,12,642,5,0.93,1.491,26.67,5.5,phase-4
2026-10-10T19:14:49+00:00,12,643,5,0.56,1.948,7.87,4.5,phase-4
2026-10-10T19:14:49+00:00,12,644,5,2.02,1.181,63.11,5.0,phase-4
2026-10-10T19:14:49+00:00,12,645,5,0.14,0.267,5.64,5.0,phase-4
2026-10-10T19:14:49+00:00,12,646,5,1.32,0.928,24.67,5.5,phase-4
2026-10-10T19:14:49+00:00,12,647,5,0.38,0.515,6.27,5.5,phase-4
2026-10-10T19:14:49+00:00,12,648,5,0.23,0.349,5.07,5.0,phase-4
2026-10-10T19:14:49+00:00,12,649,5,1.56,2.321,43.53,4.5,phase-4
2026-10-10T19:14:49+00:00,12,650,5,1.4,1.648,51.4,4.5,phase-4
2026-10-10T19:14:49+00:00,12,651,5,0.2,0.332,5.66,4.5,phase-4
2026-10-10T19:14:49+00:00,12,652,5,0.0,0.0,0.0,5.5,phase-4
2026-10-10T19:14:49+00:00,12,653,5,0.15,0.269,5.44,4.5,phase-4
2026-10-10T19:14:49+00:00,12,654,5,0.15,0.286,6.04,4.5,phase-4
2026-10-10T19:14:49+00:00,12,655,5,0.17,0.316,6.6,5.5,phase-4
2026-10-10T19:14:49+00:00,12,656,5,1.05,2.252,25.2,4.0,phase-4
2026-10-10T19:14:49+00:00,12,657,5,0.13,0.24,4.71,4.5,phase-4
2026-10-10T19:14:49+00:00,12,658,5,0.15,0.28,5.74,4.5,phase-4
2026-10-10T19:14:49+00:00,12,659,5,0.15,0.288,6.26,4.5,phase-4
2026-10-10T19:14:49+00:00,12,660,5,0.2,0.592,4.71,4.0,phase-4
2026-10-10T19:14:49+00:00,12,661,5,0.2,0.592,4.71,4.0,phase-4
2026-10-10T19:14:49+00:00,12,662,5,0.23,0.349,5.02,4.5,phase-4
2026-10-10T19:14:49+00:00,12,663,5,0.11,0.381,6.26,4.0,phase-4
2026-10-10T19:14:49+00:00,12,664,5,0.14,0.282,6.26,4.5,phase-4
2026-10-10T19:14:49+00:00,12,665,5,0.15,0.288,6.26,4.5,phase-4
2026-10-10T19:14:49+00:00,12,666,5,0.15,0.288,6.26,4.5,phase-4
2026-10-10T19:14:49+00:00,12,667,5,0.16,0.479,5.18,4.0,phase-4
